Opportunity_ID,Industry,Deal_Size,Sales_Cycle_Days,Status,Close_Date
OPP-1000,health-care,51114.09,74.0,Won,2023-01-01 00:00:00.000000000
OPP-1001,Manufacturing,10991.17,69.0,Lost,2023-01-01 06:16:12.194438887
OPP-1002,Retail,10871.39,53.0,Won,2023-01-01 12:32:24.388877775
OPP-1003,Finance,126510.96,80.0,Lost,2023-01-01 18:48:36.583316663
OPP-1004,IT_Tech,47515.68,72.0,Lost,2023-01-02 01:04:48.777755551
OPP-1005,IT_Tech,44985.39,77.0,Won,2023-01-02 07:21:00.972194438
OPP-1006,IT_Tech,31571.29,76.0,Lost,2023-01-02 13:37:13.166633326
OPP-1007,Manufacturing,19158.17,75.0,Lost,2023-01-02 19:53:25.361072214
OPP-1008,Finance,99625.81,83.0,Lost,2023-01-03 02:09:37.555511102
OPP-1009,Retail,8803.1,49.0,Won,2023-01-03 08:25:49.749949990
OPP-1010,IT_Tech,108233.73,69.0,Lost,2023-01-03 14:42:01.944388877
OPP-1011,Manufacturing,48303.22,68.0,Lost,2023-01-03 20:58:14.138827765
OPP-1012,Retail,9993.36,61.0,Won,2023-01-04 03:14:26.333266653
OPP-1013,IT_Tech,26750.47,83.0,Won,2023-01-04 09:30:38.527705541
OPP-1014,IT_Tech,34666.46,59.0,Won,2023-01-04 15:46:50.722144428
OPP-1015,IT_Tech,32216.98,68.0,Lost,2023-01-04 22:03:02.916583316
OPP-1016,health-care,142928.57,94.0,Lost,2023-01-05 04:19:15.111022204
OPP-1017,Finance,81785.05,75.0,Won,2023-01-05 10:35:27.305461092
OPP-1018,health-care,47146.78,80.0,Lost,2023-01-05 16:51:39.499899980
OPP-1019,IT_Tech,93453.6,78.0,Lost,2023-01-05 23:07:51.694338867
OPP-1020,Finance,75326.33,81.0,Lost,2023-01-06 05:24:03.888777755
OPP-1021,IT_Tech,53338.83,73.0,Won,2023-01-06 11:40:16.083216643
OPP-1022,IT_Tech,26792.75,79.0,Won,2023-01-06 17:56:28.277655531
OPP-1023,health-care,90932.19,61.0,Lost,2023-01-07 00:12:40.472094418
OPP-1024,health-care,88138.61,75.0,Lost,2023-01-07 06:28:52.666533306
OPP-1025,Retail,5193.56,63.0,Won,2023-01-07 12:45:04.860972194
OPP-1026,IT_Tech,99472.6,86.0,Lost,2023-01-07 19:01:17.055411082
OPP-1027,Finance,158639.03,101.0,Lost,2023-01-08 01:17:29.249849970
OPP-1028,Finance,57623.33,72.0,Lost,2023-01-08 07:33:41.444288857
OPP-1029,IT_Tech,20928.46,87.0,Lost,2023-01-08 13:49:53.638727745
OPP-1030,Finance,90087.52,71.0,Won,2023-01-08 20:06:05.833166633
OPP-1031,IT_Tech,37924.36,89.0,Lost,2023-01-09 02:22:18.027605521
OPP-1032,IT_Tech,43383.5,84.0,Lost,2023-01-09 08:38:30.222044408
OPP-1033,Manufacturing,39966.17,63.0,Lost,2023-01-09 14:54:42.416483296
OPP-1034,Manufacturing,46775.76,78.0,Won,2023-01-09 21:10:54.610922184
OPP-1035,Retail,27547.11,,Won,2023-01-10 03:27:06.805361072
OPP-1036,health-care,102833.03,88.0,Lost,2023-01-10 09:43:18.999799960
OPP-1037,IT_Tech,21486.33,67.0,Won,2023-01-10 15:59:31.194238847
OPP-1038,Finance,165634.31,80.0,Lost,2023-01-10 22:15:43.388677735
OPP-1039,health-care,195705.99,101.0,Lost,2023-01-11 04:31:55.583116623
OPP-1040,IT_Tech,175611.31,83.0,Lost,2023-01-11 10:48:07.777555511
OPP-1041,health-care,37268.49,83.0,Lost,2023-01-11 17:04:19.971994398
OPP-1042,IT_Tech,41004.66,71.0,Lost,2023-01-11 23:20:32.166433286
OPP-1043,Manufacturing,12822.42,86.0,Lost,2023-01-12 05:36:44.360872174
OPP-1044,IT_Tech,47885.81,67.0,Lost,2023-01-12 11:52:56.555311062
OPP-1045,Finance,52632.01,68.0,Won,2023-01-12 18:09:08.749749950
OPP-1046,health-care,231901.38,104.0,Lost,2023-01-13 00:25:20.944188837
OPP-1047,Finance,45946.41,69.0,Lost,2023-01-13 06:41:33.138627725
OPP-1048,Finance,26542.17,90.0,Won,2023-01-13 12:57:45.333066613
OPP-1049,IT_Tech,28691.84,82.0,Lost,2023-01-13 19:13:57.527505501
OPP-1050,Manufacturing,13524.47,64.0,Lost,2023-01-14 01:30:09.721944388
OPP-1051,Retail,19448.98,47.0,Won,2023-01-14 07:46:21.916383276
OPP-1052,Manufacturing,12931.98,66.0,Lost,2023-01-14 14:02:34.110822164
OPP-1053,Manufacturing,36835.92,74.0,Won,2023-01-14 20:18:46.305261052
OPP-1054,Finance,21021.75,83.0,Won,2023-01-15 02:34:58.499699940
OPP-1055,Manufacturing,30941.42,91.0,Lost,2023-01-15 08:51:10.694138827
OPP-1056,IT_Tech,82593.73,71.0,Lost,2023-01-15 15:07:22.888577715
OPP-1057,IT_Tech,43491.64,84.0,Lost,2023-01-15 21:23:35.083016603
OPP-1058,IT_Tech,23582.34,79.0,Won,2023-01-16 03:39:47.277455491
OPP-1059,health-care,71774.02,91.0,Lost,2023-01-16 09:55:59.471894378
OPP-1060,health-care,73925.28,84.0,Lost,2023-01-16 16:12:11.666333266
OPP-1061,IT_Tech,45996.25,51.0,Won,2023-01-16 22:28:23.860772154
OPP-1062,Retail,6745.09,59.0,Won,2023-01-17 04:44:36.055211042
OPP-1063,health-care,104353.6,67.0,Lost,2023-01-17 11:00:48.249649930
OPP-1064,IT_Tech,9393.79,61.0,Lost,2023-01-17 17:17:00.444088817
OPP-1065,Finance,50114.68,87.0,Won,2023-01-17 23:33:12.638527705
OPP-1066,IT_Tech,28448.85,75.0,Won,2023-01-18 05:49:24.832966593
OPP-1067,Retail,18336.77,82.0,Lost,2023-01-18 12:05:37.027405481
OPP-1068,IT_Tech,36728.76,77.0,Lost,2023-01-18 18:21:49.221844368
OPP-1069,Manufacturing,17983.65,53.0,Lost,2023-01-19 00:38:01.416283256
OPP-1070,Retail,8164.11,32.0,Won,2023-01-19 06:54:13.610722144
OPP-1071,IT_Tech,40108.36,75.0,Won,2023-01-19 13:10:25.805161032
OPP-1072,IT_Tech,34907.83,70.0,Won,2023-01-19 19:26:37.999599920
OPP-1073,Retail,10000.98,52.0,Won,2023-01-20 01:42:50.194038807
OPP-1074,Retail,10504.75,44.0,Won,2023-01-20 07:59:02.388477695
OPP-1075,Retail,18922.07,60.0,Won,2023-01-20 14:15:14.582916583
OPP-1076,Retail,10312.93,62.0,Won,2023-01-20 20:31:26.777355471
OPP-1077,IT_Tech,34750.68,81.0,Won,2023-01-21 02:47:38.971794358
OPP-1078,health-care,268864.27,89.0,Lost,2023-01-21 09:03:51.166233246
OPP-1079,IT_Tech,,87.0,Won,2023-01-21 15:20:03.360672134
OPP-1080,Manufacturing,14386.98,54.0,Won,2023-01-21 21:36:15.555111022
OPP-1081,Finance,117026.28,92.0,Lost,2023-01-22 03:52:27.749549910
OPP-1082,health-care,48669.81,76.0,Won,2023-01-22 10:08:39.943988797
OPP-1083,IT_Tech,30973.31,80.0,Won,2023-01-22 16:24:52.138427685
OPP-1084,health-care,45766.43,69.0,Won,2023-01-22 22:41:04.332866573
OPP-1085,health-care,62574.92,90.0,Won,2023-01-23 04:57:16.527305461
OPP-1086,Retail,29710.89,75.0,Lost,2023-01-23 11:13:28.721744348
OPP-1087,Finance,118335.26,73.0,Lost,2023-01-23 17:29:40.916183236
OPP-1088,Manufacturing,55888.38,,Won,2023-01-23 23:45:53.110622124
OPP-1089,health-care,31265.29,69.0,Won,2023-01-24 06:02:05.305061012
OPP-1090,IT_Tech,20423.13,75.0,Lost,2023-01-24 12:18:17.499499900
OPP-1091,Retail,3230.72,42.0,Won,2023-01-24 18:34:29.693938787
OPP-1092,Retail,8913.39,63.0,Won,2023-01-25 00:50:41.888377675
OPP-1093,Finance,129835.29,87.0,Lost,2023-01-25 07:06:54.082816563
OPP-1094,Retail,17300.2,68.0,Lost,2023-01-25 13:23:06.277255451
OPP-1095,health-care,64029.04,93.0,Won,2023-01-25 19:39:18.471694338
OPP-1096,Finance,72158.46,87.0,Lost,2023-01-26 01:55:30.666133226
OPP-1097,health-care,48371.63,75.0,Won,2023-01-26 08:11:42.860572114
OPP-1098,IT_Tech,40230.45,76.0,Won,2023-01-26 14:27:55.055011002
OPP-1099,IT_Tech,53259.91,79.0,Won,2023-01-26 20:44:07.249449890
OPP-1100,IT_Tech,16188.5,72.0,Lost,2023-01-27 03:00:19.443888777
OPP-1101,Finance,87534.53,57.0,Lost,2023-01-27 09:16:31.638327665
OPP-1102,health-care,127958.46,78.0,Lost,2023-01-27 15:32:43.832766553
OPP-1103,Finance,57007.6,58.0,Won,2023-01-27 21:48:56.027205441
OPP-1104,Manufacturing,51552.21,91.0,Lost,2023-01-28 04:05:08.221644329
OPP-1105,IT_Tech,148349.64,82.0,Lost,2023-01-28 10:21:20.416083216
OPP-1106,health-care,68692.43,75.0,Lost,2023-01-28 16:37:32.610522104
OPP-1107,Retail,16263.09,78.0,Won,2023-01-28 22:53:44.804960992
OPP-1108,IT_Tech,25108.74,75.0,Won,2023-01-29 05:09:56.999399880
OPP-1109,IT_Tech,39760.35,60.0,Won,2023-01-29 11:26:09.193838767
OPP-1110,IT_Tech,45712.9,74.0,Won,2023-01-29 17:42:21.388277655
OPP-1111,IT_Tech,40031.47,70.0,Lost,2023-01-29 23:58:33.582716543
OPP-1112,Manufacturing,21810.62,48.0,Won,2023-01-30 06:14:45.777155431
OPP-1113,Retail,14811.82,58.0,Lost,2023-01-30 12:30:57.971594319
OPP-1114,Finance,175837.85,82.0,Lost,2023-01-30 18:47:10.166033206
OPP-1115,Manufacturing,45447.72,73.0,Lost,2023-01-31 01:03:22.360472094
OPP-1116,Retail,21611.78,52.0,Won,2023-01-31 07:19:34.554910982
OPP-1117,IT_Tech,32257.12,86.0,Won,2023-01-31 13:35:46.749349870
OPP-1118,Manufacturing,52836.11,74.0,Lost,2023-01-31 19:51:58.943788757
OPP-1119,Finance,86470.68,,Lost,2023-02-01 02:08:11.138227645
OPP-1120,Retail,8304.43,67.0,Lost,2023-02-01 08:24:23.332666533
OPP-1121,Manufacturing,42585.13,,Won,2023-02-01 14:40:35.527105421
OPP-1122,health-care,40335.29,79.0,Won,2023-02-01 20:56:47.721544309
OPP-1123,IT_Tech,26464.51,66.0,Lost,2023-02-02 03:12:59.915983196
OPP-1124,IT_Tech,39921.25,63.0,Won,2023-02-02 09:29:12.110422084
OPP-1125,health-care,87408.39,86.0,Lost,2023-02-02 15:45:24.304860972
OPP-1126,Retail,7371.55,80.0,Won,2023-02-02 22:01:36.499299860
OPP-1127,Manufacturing,61512.33,85.0,Won,2023-02-03 04:17:48.693738747
OPP-1128,IT_Tech,48339.44,86.0,Won,2023-02-03 10:34:00.888177635
OPP-1129,Finance,47914.0,,Won,2023-02-03 16:50:13.082616523
OPP-1130,health-care,29069.63,52.0,Won,2023-02-03 23:06:25.277055411
OPP-1131,IT_Tech,33777.42,90.0,Lost,2023-02-04 05:22:37.471494299
OPP-1132,IT_Tech,29057.39,96.0,Won,2023-02-04 11:38:49.665933186
OPP-1133,health-care,78267.23,97.0,Lost,2023-02-04 17:55:01.860372074
OPP-1134,Manufacturing,30286.03,68.0,Lost,2023-02-05 00:11:14.054810962
OPP-1135,health-care,21928.14,56.0,Won,2023-02-05 06:27:26.249249850
OPP-1136,Finance,57930.07,63.0,Lost,2023-02-05 12:43:38.443688737
OPP-1137,Retail,11466.56,45.0,Won,2023-02-05 18:59:50.638127625
OPP-1138,health-care,106958.55,79.0,Lost,2023-02-06 01:16:02.832566513
OPP-1139,Manufacturing,25614.15,90.0,Won,2023-02-06 07:32:15.027005401
OPP-1140,Manufacturing,84064.31,77.0,Lost,2023-02-06 13:48:27.221444289
OPP-1141,IT_Tech,13963.19,70.0,Won,2023-02-06 20:04:39.415883176
OPP-1142,health-care,160604.56,100.0,Lost,2023-02-07 02:20:51.610322064
OPP-1143,health-care,63921.34,72.0,Lost,2023-02-07 08:37:03.804760952
OPP-1144,IT_Tech,55814.69,100.0,Lost,2023-02-07 14:53:15.999199840
OPP-1145,IT_Tech,37793.81,97.0,Lost,2023-02-07 21:09:28.193638727
OPP-1146,Finance,144890.46,81.0,Lost,2023-02-08 03:25:40.388077615
OPP-1147,Finance,57964.31,69.0,Won,2023-02-08 09:41:52.582516503
OPP-1148,IT_Tech,20966.68,78.0,Lost,2023-02-08 15:58:04.776955391
OPP-1149,IT_Tech,73884.04,74.0,Lost,2023-02-08 22:14:16.971394279
OPP-1150,Manufacturing,34312.32,59.0,Won,2023-02-09 04:30:29.165833166
OPP-1151,IT_Tech,40569.8,89.0,Lost,2023-02-09 10:46:41.360272054
OPP-1152,IT_Tech,67330.99,92.0,Won,2023-02-09 17:02:53.554710942
OPP-1153,health-care,39372.66,75.0,Won,2023-02-09 23:19:05.749149830
OPP-1154,Manufacturing,48910.41,60.0,Lost,2023-02-10 05:35:17.943588717
OPP-1155,IT_Tech,27039.46,56.0,Won,2023-02-10 11:51:30.138027605
OPP-1156,Finance,67555.07,79.0,Won,2023-02-10 18:07:42.332466493
OPP-1157,Retail,13851.37,60.0,Won,2023-02-11 00:23:54.526905381
OPP-1158,IT_Tech,17152.33,64.0,Won,2023-02-11 06:40:06.721344269
OPP-1159,Retail,9050.56,76.0,Won,2023-02-11 12:56:18.915783156
OPP-1160,health-care,164496.36,92.0,Lost,2023-02-11 19:12:31.110222044
OPP-1161,Finance,124456.9,98.0,Lost,2023-02-12 01:28:43.304660932
OPP-1162,Finance,70432.93,66.0,Lost,2023-02-12 07:44:55.499099820
OPP-1163,Finance,84615.61,75.0,Lost,2023-02-12 14:01:07.693538707
OPP-1164,IT_Tech,31347.15,81.0,Lost,2023-02-12 20:17:19.887977595
OPP-1165,Retail,26325.46,76.0,Won,2023-02-13 02:33:32.082416483
OPP-1166,health-care,64847.16,95.0,Lost,2023-02-13 08:49:44.276855371
OPP-1167,IT_Tech,40778.94,79.0,Won,2023-02-13 15:05:56.471294259
OPP-1168,IT_Tech,64409.41,99.0,Won,2023-02-13 21:22:08.665733146
OPP-1169,Finance,,81.0,Lost,2023-02-14 03:38:20.860172034
OPP-1170,Finance,186329.8,97.0,Lost,2023-02-14 09:54:33.054610922
OPP-1171,IT_Tech,16894.94,64.0,Won,2023-02-14 16:10:45.249049810
OPP-1172,Finance,194421.79,85.0,Lost,2023-02-14 22:26:57.443488697
OPP-1173,IT_Tech,30141.62,83.0,Lost,2023-02-15 04:43:09.637927585
OPP-1174,Finance,63220.3,96.0,Won,2023-02-15 10:59:21.832366473
OPP-1175,IT_Tech,14115.02,75.0,Won,2023-02-15 17:15:34.026805361
OPP-1176,Finance,55665.91,75.0,Won,2023-02-15 23:31:46.221244249
OPP-1177,health-care,39187.62,90.0,Won,2023-02-16 05:47:58.415683136
OPP-1178,Manufacturing,26800.53,45.0,Won,2023-02-16 12:04:10.610122024
OPP-1179,IT_Tech,33905.91,55.0,Won,2023-02-16 18:20:22.804560912
OPP-1180,health-care,129920.11,90.0,Lost,2023-02-17 00:36:34.998999800
OPP-1181,IT_Tech,40287.71,74.0,Won,2023-02-17 06:52:47.193438687
OPP-1182,Manufacturing,42354.85,81.0,Lost,2023-02-17 13:08:59.387877575
OPP-1183,Manufacturing,20999.21,70.0,Lost,2023-02-17 19:25:11.582316463
OPP-1184,IT_Tech,23379.69,77.0,Lost,2023-02-18 01:41:23.776755351
OPP-1185,Finance,215181.04,76.0,Lost,2023-02-18 07:57:35.971194239
OPP-1186,Retail,9250.19,,Lost,2023-02-18 14:13:48.165633126
OPP-1187,Finance,197545.65,97.0,Lost,2023-02-18 20:30:00.360072014
OPP-1188,Finance,63206.55,92.0,Lost,2023-02-19 02:46:12.554510902
OPP-1189,IT_Tech,36357.07,97.0,Won,2023-02-19 09:02:24.748949790
OPP-1190,IT_Tech,62018.16,80.0,Lost,2023-02-19 15:18:36.943388677
OPP-1191,Manufacturing,68593.03,81.0,Lost,2023-02-19 21:34:49.137827565
OPP-1192,Manufacturing,34358.12,54.0,Won,2023-02-20 03:51:01.332266453
OPP-1193,Finance,57933.68,70.0,Lost,2023-02-20 10:07:13.526705341
OPP-1194,health-care,70717.46,75.0,Lost,2023-02-20 16:23:25.721144229
OPP-1195,health-care,89569.89,92.0,Lost,2023-02-20 22:39:37.915583116
OPP-1196,Retail,20861.32,62.0,Won,2023-02-21 04:55:50.110022004
OPP-1197,Manufacturing,36392.39,83.0,Won,2023-02-21 11:12:02.304460892
OPP-1198,Manufacturing,49485.9,,Won,2023-02-21 17:28:14.498899780
OPP-1199,Retail,30308.39,70.0,Lost,2023-02-21 23:44:26.693338667
OPP-1200,Finance,,82.0,Lost,2023-02-22 06:00:38.887777555
OPP-1201,IT_Tech,42439.14,69.0,Lost,2023-02-22 12:16:51.082216443
OPP-1202,IT_Tech,16992.79,63.0,Won,2023-02-22 18:33:03.276655331
OPP-1203,Manufacturing,9746.22,43.0,Won,2023-02-23 00:49:15.471094219
OPP-1204,Finance,92320.86,77.0,Lost,2023-02-23 07:05:27.665533107
OPP-1205,IT_Tech,34633.89,67.0,Won,2023-02-23 13:21:39.859971994
OPP-1206,IT_Tech,28074.27,65.0,Won,2023-02-23 19:37:52.054410882
OPP-1207,Finance,84636.27,84.0,Won,2023-02-24 01:54:04.248849770
OPP-1208,IT_Tech,35235.1,81.0,Lost,2023-02-24 08:10:16.443288658
OPP-1209,IT_Tech,63824.35,80.0,Won,2023-02-24 14:26:28.637727545
OPP-1210,Finance,77008.15,90.0,Won,2023-02-24 20:42:40.832166433
OPP-1211,Finance,46716.19,82.0,Won,2023-02-25 02:58:53.026605321
OPP-1212,Finance,132468.44,79.0,Lost,2023-02-25 09:15:05.221044209
OPP-1213,IT_Tech,32579.37,67.0,Won,2023-02-25 15:31:17.415483097
OPP-1214,Retail,17383.35,72.0,Won,2023-02-25 21:47:29.609921984
OPP-1215,IT_Tech,28603.79,78.0,Lost,2023-02-26 04:03:41.804360872
OPP-1216,health-care,49518.61,92.0,Lost,2023-02-26 10:19:53.998799760
OPP-1217,Retail,13933.96,81.0,Won,2023-02-26 16:36:06.193238648
OPP-1218,Finance,73695.51,,Lost,2023-02-26 22:52:18.387677535
OPP-1219,Retail,,66.0,Won,2023-02-27 05:08:30.582116423
OPP-1220,Finance,62243.7,85.0,Won,2023-02-27 11:24:42.776555311
OPP-1221,Finance,24298.85,83.0,Won,2023-02-27 17:40:54.970994199
OPP-1222,IT_Tech,29249.36,83.0,Won,2023-02-27 23:57:07.165433087
OPP-1223,health-care,117746.71,80.0,Lost,2023-02-28 06:13:19.359871974
OPP-1224,IT_Tech,31298.08,57.0,Won,2023-02-28 12:29:31.554310862
OPP-1225,IT_Tech,32106.32,60.0,Lost,2023-02-28 18:45:43.748749750
OPP-1226,Manufacturing,59467.68,80.0,Lost,2023-03-01 01:01:55.943188638
OPP-1227,health-care,47706.17,79.0,Lost,2023-03-01 07:18:08.137627525
OPP-1228,Manufacturing,16791.0,54.0,Won,2023-03-01 13:34:20.332066413
OPP-1229,Finance,66411.22,78.0,Lost,2023-03-01 19:50:32.526505301
OPP-1230,Retail,10487.22,72.0,Won,2023-03-02 02:06:44.720944189
OPP-1231,Finance,40955.94,60.0,Lost,2023-03-02 08:22:56.915383077
OPP-1232,Finance,65826.18,90.0,Lost,2023-03-02 14:39:09.109821964
OPP-1233,health-care,98213.93,75.0,Lost,2023-03-02 20:55:21.304260852
OPP-1234,IT_Tech,36147.23,88.0,Won,2023-03-03 03:11:33.498699740
OPP-1235,Retail,15576.06,61.0,Won,2023-03-03 09:27:45.693138628
OPP-1236,IT_Tech,89922.53,67.0,Lost,2023-03-03 15:43:57.887577515
OPP-1237,IT_Tech,30594.04,66.0,Lost,2023-03-03 22:00:10.082016403
OPP-1238,Finance,86423.0,78.0,Won,2023-03-04 04:16:22.276455291
OPP-1239,IT_Tech,28152.55,67.0,Lost,2023-03-04 10:32:34.470894179
OPP-1240,Manufacturing,23785.23,67.0,Won,2023-03-04 16:48:46.665333067
OPP-1241,Manufacturing,27106.97,75.0,Lost,2023-03-04 23:04:58.859771954
OPP-1242,Manufacturing,28584.52,69.0,Won,2023-03-05 05:21:11.054210842
OPP-1243,health-care,90733.82,79.0,Lost,2023-03-05 11:37:23.248649730
OPP-1244,IT_Tech,117540.46,61.0,Won,2023-03-05 17:53:35.443088618
OPP-1245,Manufacturing,25386.64,75.0,Won,2023-03-06 00:09:47.637527505
OPP-1246,health-care,56955.46,75.0,Lost,2023-03-06 06:25:59.831966393
OPP-1247,Manufacturing,35187.23,92.0,Won,2023-03-06 12:42:12.026405281
OPP-1248,Manufacturing,44262.78,63.0,Won,2023-03-06 18:58:24.220844169
OPP-1249,Manufacturing,41430.62,52.0,Lost,2023-03-07 01:14:36.415283057
OPP-1250,IT_Tech,69012.84,85.0,Lost,2023-03-07 07:30:48.609721944
OPP-1251,health-care,17054.42,72.0,Won,2023-03-07 13:47:00.804160832
OPP-1252,Manufacturing,11009.73,53.0,Won,2023-03-07 20:03:12.998599720
OPP-1253,health-care,54310.51,57.0,Lost,2023-03-08 02:19:25.193038608
OPP-1254,IT_Tech,62859.04,95.0,Won,2023-03-08 08:35:37.387477495
OPP-1255,Finance,28584.25,88.0,Won,2023-03-08 14:51:49.581916383
OPP-1256,Manufacturing,8072.22,33.0,Won,2023-03-08 21:08:01.776355271
OPP-1257,Finance,103023.01,75.0,Lost,2023-03-09 03:24:13.970794159
OPP-1258,Finance,84642.72,,Won,2023-03-09 09:40:26.165233047
OPP-1259,IT_Tech,21055.05,63.0,Won,2023-03-09 15:56:38.359671934
OPP-1260,Finance,40484.57,68.0,Won,2023-03-09 22:12:50.554110822
OPP-1261,Manufacturing,22362.22,66.0,Lost,2023-03-10 04:29:02.748549710
OPP-1262,IT_Tech,38379.07,60.0,Won,2023-03-10 10:45:14.942988598
OPP-1263,Finance,50222.12,55.0,Lost,2023-03-10 17:01:27.137427485
OPP-1264,Manufacturing,46491.83,87.0,Won,2023-03-10 23:17:39.331866373
OPP-1265,Retail,3205.7,34.0,Lost,2023-03-11 05:33:51.526305261
OPP-1266,Finance,43734.34,77.0,Lost,2023-03-11 11:50:03.720744149
OPP-1267,Retail,7608.13,73.0,Won,2023-03-11 18:06:15.915183037
OPP-1268,health-care,62704.95,59.0,Lost,2023-03-12 00:22:28.109621924
OPP-1269,IT_Tech,27749.58,60.0,Lost,2023-03-12 06:38:40.304060812
OPP-1270,Retail,19908.89,83.0,Won,2023-03-12 12:54:52.498499700
OPP-1271,Retail,5272.88,66.0,Won,2023-03-12 19:11:04.692938588
OPP-1272,Manufacturing,37150.99,66.0,Won,2023-03-13 01:27:16.887377475
OPP-1273,Manufacturing,48010.17,89.0,Lost,2023-03-13 07:43:29.081816363
OPP-1274,Finance,222790.79,100.0,Lost,2023-03-13 13:59:41.276255251
OPP-1275,Finance,54772.33,79.0,Lost,2023-03-13 20:15:53.470694139
OPP-1276,Retail,15712.77,56.0,Won,2023-03-14 02:32:05.665133027
OPP-1277,Finance,24777.28,65.0,Won,2023-03-14 08:48:17.859571914
OPP-1278,Retail,4040.09,61.0,Lost,2023-03-14 15:04:30.054010802
OPP-1279,Retail,20381.59,67.0,Lost,2023-03-14 21:20:42.248449690
OPP-1280,Manufacturing,,,Lost,2023-03-15 03:36:54.442888578
OPP-1281,health-care,148317.07,64.0,Lost,2023-03-15 09:53:06.637327465
OPP-1282,health-care,32079.04,54.0,Lost,2023-03-15 16:09:18.831766353
OPP-1283,IT_Tech,47096.36,77.0,Lost,2023-03-15 22:25:31.026205241
OPP-1284,Finance,224423.62,80.0,Lost,2023-03-16 04:41:43.220644129
OPP-1285,IT_Tech,18000000.0,67.0,Won,2023-03-16 10:57:55.415083017
OPP-1286,health-care,86331.42,58.0,Lost,2023-03-16 17:14:07.609521904
OPP-1287,Finance,73506.83,78.0,Lost,2023-03-16 23:30:19.803960792
OPP-1288,IT_Tech,16556.92,67.0,Won,2023-03-17 05:46:31.998399680
OPP-1289,Finance,164941.11,91.0,Lost,2023-03-17 12:02:44.192838568
OPP-1290,IT_Tech,26757.53,72.0,Won,2023-03-17 18:18:56.387277455
OPP-1291,IT_Tech,46734.67,73.0,Lost,2023-03-18 00:35:08.581716343
OPP-1292,Retail,6114.89,75.0,Won,2023-03-18 06:51:20.776155231
OPP-1293,health-care,36037.82,57.0,Won,2023-03-18 13:07:32.970594119
OPP-1294,IT_Tech,74424.74,84.0,Lost,2023-03-18 19:23:45.165033007
OPP-1295,Finance,59374.41,56.0,Lost,2023-03-19 01:39:57.359471894
OPP-1296,Retail,27629.46,61.0,Won,2023-03-19 07:56:09.553910782
OPP-1297,IT_Tech,34922.43,58.0,Won,2023-03-19 14:12:21.748349670
OPP-1298,Finance,24218.24,80.0,Lost,2023-03-19 20:28:33.942788558
OPP-1299,IT_Tech,56728.6,75.0,Lost,2023-03-20 02:44:46.137227445
OPP-1300,IT_Tech,27039.49,71.0,Won,2023-03-20 09:00:58.331666333
OPP-1301,Finance,111214.19,68.0,Lost,2023-03-20 15:17:10.526105221
OPP-1302,Finance,74245.06,74.0,Won,2023-03-20 21:33:22.720544109
OPP-1303,Finance,28973.27,62.0,Lost,2023-03-21 03:49:34.914982997
OPP-1304,Retail,14503.53,71.0,Won,2023-03-21 10:05:47.109421884
OPP-1305,Manufacturing,108891.97,69.0,Won,2023-03-21 16:21:59.303860772
OPP-1306,Finance,98301.24,96.0,Lost,2023-03-21 22:38:11.498299660
OPP-1307,health-care,70649.71,58.0,Lost,2023-03-22 04:54:23.692738548
OPP-1308,Retail,22872.07,60.0,Won,2023-03-22 11:10:35.887177435
OPP-1309,IT_Tech,40349.5,94.0,Lost,2023-03-22 17:26:48.081616323
OPP-1310,health-care,82927.38,74.0,Lost,2023-03-22 23:43:00.276055211
OPP-1311,IT_Tech,21040.14,53.0,Won,2023-03-23 05:59:12.470494099
OPP-1312,IT_Tech,40819.86,76.0,Won,2023-03-23 12:15:24.664932987
OPP-1313,Manufacturing,60944.67,71.0,Won,2023-03-23 18:31:36.859371874
OPP-1314,Retail,8795.27,53.0,Won,2023-03-24 00:47:49.053810762
OPP-1315,Finance,171905.04,71.0,Lost,2023-03-24 07:04:01.248249650
OPP-1316,health-care,69215.24,111.0,Won,2023-03-24 13:20:13.442688538
OPP-1317,IT_Tech,23297.82,,Lost,2023-03-24 19:36:25.637127425
OPP-1318,IT_Tech,59803.29,53.0,Lost,2023-03-25 01:52:37.831566313
OPP-1319,IT_Tech,31464.11,90.0,Won,2023-03-25 08:08:50.026005201
OPP-1320,Finance,115348.0,88.0,Lost,2023-03-25 14:25:02.220444089
OPP-1321,Retail,11546.3,56.0,Won,2023-03-25 20:41:14.414882977
OPP-1322,Finance,70551.93,,Lost,2023-03-26 02:57:26.609321864
OPP-1323,IT_Tech,46480.13,83.0,Lost,2023-03-26 09:13:38.803760752
OPP-1324,Manufacturing,42000.99,71.0,Won,2023-03-26 15:29:50.998199640
OPP-1325,Retail,,36.0,Won,2023-03-26 21:46:03.192638528
OPP-1326,Finance,37318.85,95.0,Lost,2023-03-27 04:02:15.387077415
OPP-1327,Finance,127726.43,77.0,Lost,2023-03-27 10:18:27.581516303
OPP-1328,health-care,67556.4,,Lost,2023-03-27 16:34:39.775955191
OPP-1329,IT_Tech,27948.93,87.0,Won,2023-03-27 22:50:51.970394079
OPP-1330,health-care,32365.74,60.0,Won,2023-03-28 05:07:04.164832967
OPP-1331,Retail,7786.38,75.0,Lost,2023-03-28 11:23:16.359271854
OPP-1332,IT_Tech,13214.91,58.0,Won,2023-03-28 17:39:28.553710742
OPP-1333,IT_Tech,34522.26,50.0,Won,2023-03-28 23:55:40.748149630
OPP-1334,IT_Tech,26924.21,66.0,Won,2023-03-29 06:11:52.942588518
OPP-1335,IT_Tech,22397.53,74.0,Lost,2023-03-29 12:28:05.137027405
OPP-1336,Manufacturing,35099.36,67.0,Won,2023-03-29 18:44:17.331466293
OPP-1337,Retail,16026.28,-30.0,Won,2023-03-30 01:00:29.525905181
OPP-1338,health-care,256765.57,100.0,Lost,2023-03-30 07:16:41.720344069
OPP-1339,IT_Tech,17052.61,69.0,Won,2023-03-30 13:32:53.914782957
OPP-1340,health-care,146624.27,73.0,Lost,2023-03-30 19:49:06.109221844
OPP-1341,health-care,131119.05,90.0,Lost,2023-03-31 02:05:18.303660732
OPP-1342,IT_Tech,24598.82,73.0,Lost,2023-03-31 08:21:30.498099620
OPP-1343,health-care,82614.59,48.0,Lost,2023-03-31 14:37:42.692538508
OPP-1344,health-care,55571.18,81.0,Lost,2023-03-31 20:53:54.886977395
OPP-1345,Finance,81749.35,83.0,Lost,2023-04-01 03:10:07.081416283
OPP-1346,Finance,180860.01,84.0,Lost,2023-04-01 09:26:19.275855171
OPP-1347,IT_Tech,49158.4,86.0,Lost,2023-04-01 15:42:31.470294059
OPP-1348,health-care,,72.0,Lost,2023-04-01 21:58:43.664732947
OPP-1349,Finance,,80.0,Won,2023-04-02 04:14:55.859171834
OPP-1350,Finance,30018.41,53.0,Won,2023-04-02 10:31:08.053610722
OPP-1351,Manufacturing,32720.79,77.0,Lost,2023-04-02 16:47:20.248049610
OPP-1352,Finance,150838.48,106.0,Lost,2023-04-02 23:03:32.442488498
OPP-1353,IT_Tech,16922.78,56.0,Won,2023-04-03 05:19:44.636927385
OPP-1354,IT_Tech,21428.03,60.0,Won,2023-04-03 11:35:56.831366273
OPP-1355,Finance,78886.13,70.0,Lost,2023-04-03 17:52:09.025805161
OPP-1356,IT_Tech,22196.12,71.0,Lost,2023-04-04 00:08:21.220244049
OPP-1357,Finance,45455.36,62.0,Lost,2023-04-04 06:24:33.414682937
OPP-1358,Manufacturing,29383.86,77.0,Won,2023-04-04 12:40:45.609121824
OPP-1359,Finance,32229.25,82.0,Lost,2023-04-04 18:56:57.803560712
OPP-1360,health-care,40762.87,80.0,Lost,2023-04-05 01:13:09.997999600
OPP-1361,Finance,111530.88,60.0,Lost,2023-04-05 07:29:22.192438488
OPP-1362,health-care,33375.53,84.0,Won,2023-04-05 13:45:34.386877375
OPP-1363,Finance,28036.9,82.0,Won,2023-04-05 20:01:46.581316263
OPP-1364,Manufacturing,26502.32,81.0,Won,2023-04-06 02:17:58.775755151
OPP-1365,health-care,113456.33,85.0,Lost,2023-04-06 08:34:10.970194039
OPP-1366,Manufacturing,32910.24,75.0,Lost,2023-04-06 14:50:23.164632927
OPP-1367,Manufacturing,28787.87,84.0,Lost,2023-04-06 21:06:35.359071814
OPP-1368,IT_Tech,37129.96,96.0,Lost,2023-04-07 03:22:47.553510702
OPP-1369,IT_Tech,15171.08,55.0,Lost,2023-04-07 09:38:59.747949590
OPP-1370,IT_Tech,46506.75,88.0,Won,2023-04-07 15:55:11.942388478
OPP-1371,IT_Tech,43990.0,73.0,Lost,2023-04-07 22:11:24.136827365
OPP-1372,IT_Tech,29594.56,70.0,Lost,2023-04-08 04:27:36.331266253
OPP-1373,Finance,133726.87,64.0,Lost,2023-04-08 10:43:48.525705141
OPP-1374,IT_Tech,20666.14,,Won,2023-04-08 17:00:00.720144029
OPP-1375,health-care,143881.51,71.0,Lost,2023-04-08 23:16:12.914582917
OPP-1376,Retail,14432.63,61.0,Won,2023-04-09 05:32:25.109021804
OPP-1377,IT_Tech,30690.97,59.0,Won,2023-04-09 11:48:37.303460692
OPP-1378,Retail,13227.63,61.0,Lost,2023-04-09 18:04:49.497899580
OPP-1379,IT_Tech,34419.12,68.0,Lost,2023-04-10 00:21:01.692338468
OPP-1380,IT_Tech,66845.65,78.0,Lost,2023-04-10 06:37:13.886777355
OPP-1381,Finance,38330.17,54.0,Lost,2023-04-10 12:53:26.081216243
OPP-1382,Finance,46281.08,57.0,Lost,2023-04-10 19:09:38.275655131
OPP-1383,Manufacturing,60970.87,81.0,Lost,2023-04-11 01:25:50.470094019
OPP-1384,Retail,9919.25,54.0,Won,2023-04-11 07:42:02.664532906
OPP-1385,Retail,20957.81,82.0,Lost,2023-04-11 13:58:14.858971794
OPP-1386,IT_Tech,84941.49,82.0,Lost,2023-04-11 20:14:27.053410682
OPP-1387,IT_Tech,29705.95,79.0,Won,2023-04-12 02:30:39.247849570
OPP-1388,Retail,18782.51,85.0,Lost,2023-04-12 08:46:51.442288458
OPP-1389,Retail,7503.72,58.0,Won,2023-04-12 15:03:03.636727345
OPP-1390,Manufacturing,52963.94,69.0,Lost,2023-04-12 21:19:15.831166233
OPP-1391,health-care,82425.85,89.0,Won,2023-04-13 03:35:28.025605121
OPP-1392,health-care,97131.69,86.0,Won,2023-04-13 09:51:40.220044009
OPP-1393,Retail,9674.16,61.0,Lost,2023-04-13 16:07:52.414482896
OPP-1394,health-care,26993.46,88.0,Won,2023-04-13 22:24:04.608921784
OPP-1395,Manufacturing,46705.91,72.0,Lost,2023-04-14 04:40:16.803360672
OPP-1396,Manufacturing,12942.85,66.0,Lost,2023-04-14 10:56:28.997799560
OPP-1397,health-care,60451.08,77.0,Lost,2023-04-14 17:12:41.192238448
OPP-1398,Retail,21388.12,58.0,Won,2023-04-14 23:28:53.386677335
OPP-1399,Retail,14705.09,68.0,Won,2023-04-15 05:45:05.581116223
OPP-1400,IT_Tech,96198.72,97.0,Lost,2023-04-15 12:01:17.775555110
OPP-1401,Manufacturing,60630.57,82.0,Lost,2023-04-15 18:17:29.969993998
OPP-1402,Finance,49397.79,76.0,Won,2023-04-16 00:33:42.164432886
OPP-1403,Retail,13543.43,64.0,Won,2023-04-16 06:49:54.358871774
OPP-1404,health-care,71081.16,82.0,Won,2023-04-16 13:06:06.553310662
OPP-1405,Manufacturing,16463.67,76.0,Lost,2023-04-16 19:22:18.747749550
OPP-1406,health-care,41596.06,81.0,Lost,2023-04-17 01:38:30.942188438
OPP-1407,IT_Tech,27436.23,67.0,Lost,2023-04-17 07:54:43.136627326
OPP-1408,Manufacturing,13119.96,70.0,Won,2023-04-17 14:10:55.331066214
OPP-1409,IT_Tech,37188.2,79.0,Lost,2023-04-17 20:27:07.525505100
OPP-1410,health-care,62979.02,65.0,Won,2023-04-18 02:43:19.719943988
OPP-1411,Manufacturing,15733.59,69.0,Won,2023-04-18 08:59:31.914382876
OPP-1412,Manufacturing,44449.39,48.0,Lost,2023-04-18 15:15:44.108821764
OPP-1413,Finance,112366.78,87.0,Lost,2023-04-18 21:31:56.303260652
OPP-1414,Finance,83802.72,87.0,Lost,2023-04-19 03:48:08.497699540
OPP-1415,health-care,60207.91,86.0,Lost,2023-04-19 10:04:20.692138428
OPP-1416,IT_Tech,48811.49,70.0,Lost,2023-04-19 16:20:32.886577316
OPP-1417,health-care,109988.62,84.0,Lost,2023-04-19 22:36:45.081016204
OPP-1418,Finance,87942.82,96.0,Won,2023-04-20 04:52:57.275455090
OPP-1419,Retail,8845.76,80.0,Lost,2023-04-20 11:09:09.469893978
OPP-1420,Retail,15341.25,67.0,Won,2023-04-20 17:25:21.664332866
OPP-1421,Retail,24288.06,72.0,Won,2023-04-20 23:41:33.858771754
OPP-1422,IT_Tech,26948.57,84.0,Won,2023-04-21 05:57:46.053210642
OPP-1423,health-care,257497.07,69.0,Lost,2023-04-21 12:13:58.247649530
OPP-1424,IT_Tech,27922.4,67.0,Won,2023-04-21 18:30:10.442088418
OPP-1425,Finance,74566.32,94.0,Lost,2023-04-22 00:46:22.636527306
OPP-1426,health-care,48849.95,87.0,Lost,2023-04-22 07:02:34.830966194
OPP-1427,Manufacturing,40604.55,78.0,Lost,2023-04-22 13:18:47.025405080
OPP-1428,health-care,25710.81,53.0,Lost,2023-04-22 19:34:59.219843968
OPP-1429,IT_Tech,27638.89,70.0,Won,2023-04-23 01:51:11.414282856
OPP-1430,IT_Tech,21034.92,62.0,Won,2023-04-23 08:07:23.608721744
OPP-1431,Retail,14295.06,70.0,Won,2023-04-23 14:23:35.803160632
OPP-1432,Finance,132809.15,72.0,Lost,2023-04-23 20:39:47.997599520
OPP-1433,IT_Tech,50161.5,63.0,Won,2023-04-24 02:56:00.192038408
OPP-1434,IT_Tech,11094.12,40.0,Lost,2023-04-24 09:12:12.386477296
OPP-1435,Retail,37087.48,88.0,Lost,2023-04-24 15:28:24.580916184
OPP-1436,IT_Tech,42093.14,69.0,Won,2023-04-24 21:44:36.775355070
OPP-1437,Retail,9061.14,65.0,Won,2023-04-25 04:00:48.969793958
OPP-1438,Retail,14451.65,67.0,Won,2023-04-25 10:17:01.164232846
OPP-1439,IT_Tech,39659.86,61.0,Lost,2023-04-25 16:33:13.358671734
OPP-1440,IT_Tech,,56.0,Won,2023-04-25 22:49:25.553110622
OPP-1441,Manufacturing,40093.05,62.0,Lost,2023-04-26 05:05:37.747549510
OPP-1442,health-care,50793.14,67.0,Won,2023-04-26 11:21:49.941988398
OPP-1443,health-care,57376.08,81.0,Won,2023-04-26 17:38:02.136427286
OPP-1444,Retail,9479.25,-30.0,Won,2023-04-26 23:54:14.330866174
OPP-1445,Manufacturing,17741.55,89.0,Won,2023-04-27 06:10:26.525305060
OPP-1446,Manufacturing,39062.5,86.0,Won,2023-04-27 12:26:38.719743948
OPP-1447,Retail,17901.68,78.0,Won,2023-04-27 18:42:50.914182836
OPP-1448,health-care,99601.27,79.0,Lost,2023-04-28 00:59:03.108621724
OPP-1449,IT_Tech,54718.8,94.0,Lost,2023-04-28 07:15:15.303060612
OPP-1450,Retail,15711.84,65.0,Won,2023-04-28 13:31:27.497499500
OPP-1451,Finance,53122.97,75.0,Won,2023-04-28 19:47:39.691938388
OPP-1452,health-care,121030.56,83.0,Lost,2023-04-29 02:03:51.886377276
OPP-1453,Manufacturing,18420.9,77.0,Won,2023-04-29 08:20:04.080816164
OPP-1454,IT_Tech,23148.01,77.0,Won,2023-04-29 14:36:16.275255050
OPP-1455,health-care,41006.26,68.0,Won,2023-04-29 20:52:28.469693938
OPP-1456,IT_Tech,62319.4,70.0,Won,2023-04-30 03:08:40.664132826
OPP-1457,health-care,128755.83,90.0,Lost,2023-04-30 09:24:52.858571714
OPP-1458,IT_Tech,46334.99,83.0,Won,2023-04-30 15:41:05.053010602
OPP-1459,IT_Tech,62066.7,72.0,Won,2023-04-30 21:57:17.247449490
OPP-1460,IT_Tech,23396.9,51.0,Won,2023-05-01 04:13:29.441888378
OPP-1461,Finance,90143.41,77.0,Lost,2023-05-01 10:29:41.636327266
OPP-1462,Retail,12549.21,73.0,Won,2023-05-01 16:45:53.830766154
OPP-1463,Finance,121555.87,103.0,Lost,2023-05-01 23:02:06.025205040
OPP-1464,Manufacturing,34282.42,58.0,Lost,2023-05-02 05:18:18.219643928
OPP-1465,health-care,58048.51,71.0,Lost,2023-05-02 11:34:30.414082816
OPP-1466,IT_Tech,47593.63,70.0,Lost,2023-05-02 17:50:42.608521704
OPP-1467,Manufacturing,56279.44,92.0,Lost,2023-05-03 00:06:54.802960592
OPP-1468,IT_Tech,25999.37,70.0,Won,2023-05-03 06:23:06.997399480
OPP-1469,Manufacturing,35223.27,62.0,Won,2023-05-03 12:39:19.191838368
OPP-1470,IT_Tech,21392.16,76.0,Lost,2023-05-03 18:55:31.386277256
OPP-1471,Manufacturing,10414.66,59.0,Lost,2023-05-04 01:11:43.580716144
OPP-1472,IT_Tech,40144.06,59.0,Won,2023-05-04 07:27:55.775155030
OPP-1473,Manufacturing,49239.56,64.0,Lost,2023-05-04 13:44:07.969593918
OPP-1474,Finance,85582.84,100.0,Lost,2023-05-04 20:00:20.164032806
OPP-1475,Manufacturing,13700.93,71.0,Won,2023-05-05 02:16:32.358471694
OPP-1476,IT_Tech,30472.36,73.0,Won,2023-05-05 08:32:44.552910582
OPP-1477,Finance,19321.84,66.0,Won,2023-05-05 14:48:56.747349470
OPP-1478,Manufacturing,72030.91,81.0,Lost,2023-05-05 21:05:08.941788358
OPP-1479,Finance,38115.15,77.0,Lost,2023-05-06 03:21:21.136227246
OPP-1480,Finance,155319.9,87.0,Lost,2023-05-06 09:37:33.330666134
OPP-1481,Finance,128994.08,83.0,Lost,2023-05-06 15:53:45.525105020
OPP-1482,health-care,42601.54,85.0,Won,2023-05-06 22:09:57.719543908
OPP-1483,Finance,37061.32,73.0,Lost,2023-05-07 04:26:09.913982796
OPP-1484,Finance,90239.46,68.0,Lost,2023-05-07 10:42:22.108421684
OPP-1485,Manufacturing,23809.45,63.0,Won,2023-05-07 16:58:34.302860572
OPP-1486,IT_Tech,38224.9,50.0,Lost,2023-05-07 23:14:46.497299460
OPP-1487,IT_Tech,28526.43,96.0,Won,2023-05-08 05:30:58.691738348
OPP-1488,Manufacturing,14904.53,77.0,Won,2023-05-08 11:47:10.886177236
OPP-1489,Manufacturing,11905.62,55.0,Won,2023-05-08 18:03:23.080616124
OPP-1490,health-care,83785.11,75.0,Lost,2023-05-09 00:19:35.275055010
OPP-1491,Finance,52211.88,68.0,Won,2023-05-09 06:35:47.469493898
OPP-1492,IT_Tech,27541.66,90.0,Lost,2023-05-09 12:51:59.663932786
OPP-1493,IT_Tech,51427.68,58.0,Lost,2023-05-09 19:08:11.858371674
OPP-1494,health-care,147866.54,84.0,Lost,2023-05-10 01:24:24.052810562
OPP-1495,health-care,62098.25,75.0,Lost,2023-05-10 07:40:36.247249450
OPP-1496,Finance,59613.7,86.0,Lost,2023-05-10 13:56:48.441688338
OPP-1497,IT_Tech,46633.36,74.0,Won,2023-05-10 20:13:00.636127226
OPP-1498,Manufacturing,18426.26,47.0,Won,2023-05-11 02:29:12.830566114
OPP-1499,Manufacturing,40602.16,71.0,Won,2023-05-11 08:45:25.025005000
OPP-1500,Finance,101837.29,69.0,Lost,2023-05-11 15:01:37.219443888
OPP-1501,Finance,,82.0,Won,2023-05-11 21:17:49.413882776
OPP-1502,health-care,22878.4,87.0,Won,2023-05-12 03:34:01.608321664
OPP-1503,Retail,,42.0,Lost,2023-05-12 09:50:13.802760552
OPP-1504,Finance,43176.09,65.0,Lost,2023-05-12 16:06:25.997199440
OPP-1505,IT_Tech,38175.28,67.0,Lost,2023-05-12 22:22:38.191638328
OPP-1506,Manufacturing,46183.24,70.0,Lost,2023-05-13 04:38:50.386077216
OPP-1507,Retail,28236.06,80.0,Lost,2023-05-13 10:55:02.580516104
OPP-1508,Manufacturing,28353.83,69.0,Lost,2023-05-13 17:11:14.774954990
OPP-1509,Retail,10417.2,69.0,Won,2023-05-13 23:27:26.969393878
OPP-1510,Finance,145772.61,75.0,Lost,2023-05-14 05:43:39.163832766
OPP-1511,health-care,87373.4,82.0,Lost,2023-05-14 11:59:51.358271654
OPP-1512,Manufacturing,68447.74,87.0,Won,2023-05-14 18:16:03.552710542
OPP-1513,Manufacturing,41955.47,65.0,Won,2023-05-15 00:32:15.747149430
OPP-1514,IT_Tech,20362.33,78.0,Lost,2023-05-15 06:48:27.941588318
OPP-1515,IT_Tech,18646.91,69.0,Lost,2023-05-15 13:04:40.136027206
OPP-1516,health-care,,84.0,Won,2023-05-15 19:20:52.330466094
OPP-1517,Retail,18602.03,66.0,Won,2023-05-16 01:37:04.524904980
OPP-1518,Manufacturing,65794.95,82.0,Lost,2023-05-16 07:53:16.719343868
OPP-1519,IT_Tech,91553.71,79.0,Lost,2023-05-16 14:09:28.913782756
OPP-1520,Finance,121280.73,80.0,Lost,2023-05-16 20:25:41.108221644
OPP-1521,health-care,146928.76,,Lost,2023-05-17 02:41:53.302660532
OPP-1522,Manufacturing,27173.35,77.0,Lost,2023-05-17 08:58:05.497099420
OPP-1523,Retail,7493.51,47.0,Won,2023-05-17 15:14:17.691538308
OPP-1524,Retail,20435.72,86.0,Lost,2023-05-17 21:30:29.885977196
OPP-1525,health-care,93958.5,57.0,Won,2023-05-18 03:46:42.080416084
OPP-1526,health-care,78000.2,70.0,Won,2023-05-18 10:02:54.274854970
OPP-1527,IT_Tech,44076.66,73.0,Won,2023-05-18 16:19:06.469293858
OPP-1528,IT_Tech,42684.57,79.0,Won,2023-05-18 22:35:18.663732746
OPP-1529,Manufacturing,69003.22,96.0,Won,2023-05-19 04:51:30.858171634
OPP-1530,Retail,25527.02,48.0,Won,2023-05-19 11:07:43.052610522
OPP-1531,Manufacturing,47672.51,69.0,Lost,2023-05-19 17:23:55.247049410
OPP-1532,Manufacturing,55431.4,50.0,Won,2023-05-19 23:40:07.441488298
OPP-1533,Finance,99552.21,80.0,Lost,2023-05-20 05:56:19.635927186
OPP-1534,Retail,10608.55,68.0,Won,2023-05-20 12:12:31.830366074
OPP-1535,Manufacturing,53012.46,95.0,Lost,2023-05-20 18:28:44.024804960
OPP-1536,Retail,6652.53,63.0,Won,2023-05-21 00:44:56.219243848
OPP-1537,IT_Tech,61509.43,89.0,Won,2023-05-21 07:01:08.413682736
OPP-1538,health-care,35713.58,80.0,Lost,2023-05-21 13:17:20.608121624
OPP-1539,IT_Tech,41894.16,69.0,Lost,2023-05-21 19:33:32.802560512
OPP-1540,Manufacturing,23799.58,53.0,Lost,2023-05-22 01:49:44.996999400
OPP-1541,Finance,101929.16,84.0,Lost,2023-05-22 08:05:57.191438288
OPP-1542,IT_Tech,35704.69,55.0,Lost,2023-05-22 14:22:09.385877176
OPP-1543,Finance,28089.37,87.0,Won,2023-05-22 20:38:21.580316064
OPP-1544,Finance,94128.84,78.0,Lost,2023-05-23 02:54:33.774754950
OPP-1545,health-care,51701.78,90.0,Lost,2023-05-23 09:10:45.969193838
OPP-1546,IT_Tech,56419.68,70.0,Lost,2023-05-23 15:26:58.163632726
OPP-1547,Finance,73188.63,81.0,Lost,2023-05-23 21:43:10.358071614
OPP-1548,Finance,92711.94,82.0,Won,2023-05-24 03:59:22.552510502
OPP-1549,Retail,8276.83,,Won,2023-05-24 10:15:34.746949390
OPP-1550,Finance,51349.0,70.0,Lost,2023-05-24 16:31:46.941388278
OPP-1551,Manufacturing,28873.53,76.0,Lost,2023-05-24 22:47:59.135827166
OPP-1552,Finance,,70.0,Lost,2023-05-25 05:04:11.330266054
OPP-1553,Finance,200070.73,70.0,Lost,2023-05-25 11:20:23.524704940
OPP-1554,Manufacturing,24280.14,85.0,Won,2023-05-25 17:36:35.719143828
OPP-1555,health-care,139540.32,91.0,Lost,2023-05-25 23:52:47.913582716
OPP-1556,IT_Tech,12273.05,66.0,Won,2023-05-26 06:09:00.108021604
OPP-1557,IT_Tech,19988.36,89.0,Won,2023-05-26 12:25:12.302460492
OPP-1558,Retail,8271.83,59.0,Won,2023-05-26 18:41:24.496899380
OPP-1559,Finance,32483.74,88.0,Won,2023-05-27 00:57:36.691338268
OPP-1560,Retail,6052.37,63.0,Won,2023-05-27 07:13:48.885777156
OPP-1561,IT_Tech,44645.08,62.0,Won,2023-05-27 13:30:01.080216044
OPP-1562,IT_Tech,32629.31,94.0,Won,2023-05-27 19:46:13.274654930
OPP-1563,IT_Tech,43901.45,,Lost,2023-05-28 02:02:25.469093818
OPP-1564,health-care,110667.29,79.0,Lost,2023-05-28 08:18:37.663532706
OPP-1565,Finance,85765.34,88.0,Lost,2023-05-28 14:34:49.857971594
OPP-1566,health-care,108516.54,76.0,Lost,2023-05-28 20:51:02.052410482
OPP-1567,health-care,70142.25,88.0,Lost,2023-05-29 03:07:14.246849370
OPP-1568,Manufacturing,20060.41,40.0,Won,2023-05-29 09:23:26.441288258
OPP-1569,health-care,137955.78,70.0,Lost,2023-05-29 15:39:38.635727146
OPP-1570,Finance,51355.78,87.0,Lost,2023-05-29 21:55:50.830166034
OPP-1571,Retail,8368.26,60.0,Lost,2023-05-30 04:12:03.024604920
OPP-1572,health-care,65725.96,80.0,Lost,2023-05-30 10:28:15.219043808
OPP-1573,Finance,,58.0,Won,2023-05-30 16:44:27.413482696
OPP-1574,Manufacturing,,94.0,Won,2023-05-30 23:00:39.607921584
OPP-1575,Manufacturing,43132.28,88.0,Lost,2023-05-31 05:16:51.802360472
OPP-1576,IT_Tech,43224.85,,Lost,2023-05-31 11:33:03.996799360
OPP-1577,Manufacturing,23180.92,65.0,Won,2023-05-31 17:49:16.191238248
OPP-1578,health-care,54577.49,88.0,Won,2023-06-01 00:05:28.385677136
OPP-1579,IT_Tech,62141.32,101.0,Lost,2023-06-01 06:21:40.580116024
OPP-1580,health-care,98502.78,91.0,Lost,2023-06-01 12:37:52.774554910
OPP-1581,Manufacturing,102491.23,106.0,Lost,2023-06-01 18:54:04.968993798
OPP-1582,health-care,148460.9,72.0,Lost,2023-06-02 01:10:17.163432686
OPP-1583,health-care,145302.9,73.0,Lost,2023-06-02 07:26:29.357871574
OPP-1584,Finance,31801.82,58.0,Lost,2023-06-02 13:42:41.552310462
OPP-1585,IT_Tech,53206.2,81.0,Won,2023-06-02 19:58:53.746749350
OPP-1586,IT_Tech,35363.89,75.0,Won,2023-06-03 02:15:05.941188238
OPP-1587,IT_Tech,27570.71,69.0,Won,2023-06-03 08:31:18.135627126
OPP-1588,IT_Tech,39498.09,83.0,Won,2023-06-03 14:47:30.330066014
OPP-1589,IT_Tech,58256.2,91.0,Lost,2023-06-03 21:03:42.524504900
OPP-1590,IT_Tech,46649.42,56.0,Won,2023-06-04 03:19:54.718943788
OPP-1591,Finance,43170.63,67.0,Lost,2023-06-04 09:36:06.913382676
OPP-1592,IT_Tech,52639.89,85.0,Won,2023-06-04 15:52:19.107821564
OPP-1593,health-care,49883.6,70.0,Won,2023-06-04 22:08:31.302260452
OPP-1594,Manufacturing,40471.02,64.0,Won,2023-06-05 04:24:43.496699340
OPP-1595,health-care,60961.02,89.0,Won,2023-06-05 10:40:55.691138228
OPP-1596,Finance,64130.81,62.0,Lost,2023-06-05 16:57:07.885577116
OPP-1597,IT_Tech,53269.62,72.0,Lost,2023-06-05 23:13:20.080016004
OPP-1598,IT_Tech,21588.22,73.0,Lost,2023-06-06 05:29:32.274454890
OPP-1599,IT_Tech,96047.44,73.0,Won,2023-06-06 11:45:44.468893778
OPP-1600,IT_Tech,14609.93,76.0,Won,2023-06-06 18:01:56.663332666
OPP-1601,IT_Tech,26934.58,64.0,Won,2023-06-07 00:18:08.857771554
OPP-1602,IT_Tech,43700.11,91.0,Lost,2023-06-07 06:34:21.052210442
OPP-1603,IT_Tech,48637.84,74.0,Won,2023-06-07 12:50:33.246649330
OPP-1604,IT_Tech,34536.16,81.0,Won,2023-06-07 19:06:45.441088218
OPP-1605,health-care,70655.1,87.0,Lost,2023-06-08 01:22:57.635527106
OPP-1606,IT_Tech,44590.45,67.0,Won,2023-06-08 07:39:09.829965994
OPP-1607,health-care,63662.97,52.0,Lost,2023-06-08 13:55:22.024404880
OPP-1608,Finance,,88.0,Lost,2023-06-08 20:11:34.218843768
OPP-1609,Finance,121007.7,82.0,Lost,2023-06-09 02:27:46.413282656
OPP-1610,IT_Tech,,83.0,Lost,2023-06-09 08:43:58.607721544
OPP-1611,Retail,8241.37,60.0,Won,2023-06-09 15:00:10.802160432
OPP-1612,Finance,69728.68,72.0,Won,2023-06-09 21:16:22.996599320
OPP-1613,IT_Tech,31249.76,96.0,Lost,2023-06-10 03:32:35.191038208
OPP-1614,Manufacturing,21964.86,52.0,Won,2023-06-10 09:48:47.385477096
OPP-1615,Manufacturing,43481.12,83.0,Won,2023-06-10 16:04:59.579915984
OPP-1616,IT_Tech,27755.16,64.0,Lost,2023-06-10 22:21:11.774354870
OPP-1617,IT_Tech,50397.76,71.0,Lost,2023-06-11 04:37:23.968793758
OPP-1618,Retail,7823.63,58.0,Won,2023-06-11 10:53:36.163232646
OPP-1619,Retail,31556.04,62.0,Lost,2023-06-11 17:09:48.357671534
OPP-1620,IT_Tech,23198.29,77.0,Won,2023-06-11 23:26:00.552110422
OPP-1621,IT_Tech,40524.06,90.0,Won,2023-06-12 05:42:12.746549310
OPP-1622,health-care,117608.38,,Won,2023-06-12 11:58:24.940988198
OPP-1623,health-care,51928.12,77.0,Lost,2023-06-12 18:14:37.135427086
OPP-1624,Finance,121964.0,70.0,Lost,2023-06-13 00:30:49.329865974
OPP-1625,health-care,34978.53,79.0,Won,2023-06-13 06:47:01.524304860
OPP-1626,health-care,174777.78,110.0,Lost,2023-06-13 13:03:13.718743748
OPP-1627,Retail,13454.58,61.0,Won,2023-06-13 19:19:25.913182636
OPP-1628,IT_Tech,26951.5,66.0,Lost,2023-06-14 01:35:38.107621524
OPP-1629,IT_Tech,31269.83,65.0,Won,2023-06-14 07:51:50.302060412
OPP-1630,Retail,20019.45,63.0,Won,2023-06-14 14:08:02.496499300
OPP-1631,Manufacturing,27113.1,38.0,Lost,2023-06-14 20:24:14.690938188
OPP-1632,Finance,46648.0,80.0,Lost,2023-06-15 02:40:26.885377076
OPP-1633,Finance,64028.15,67.0,Won,2023-06-15 08:56:39.079815964
OPP-1634,IT_Tech,20161.27,50.0,Lost,2023-06-15 15:12:51.274254850
OPP-1635,health-care,218016.57,95.0,Lost,2023-06-15 21:29:03.468693738
OPP-1636,Finance,,63.0,Won,2023-06-16 03:45:15.663132626
OPP-1637,IT_Tech,55039.61,72.0,Lost,2023-06-16 10:01:27.857571514
OPP-1638,IT_Tech,40325.33,91.0,Lost,2023-06-16 16:17:40.052010402
OPP-1639,health-care,40509.0,57.0,Lost,2023-06-16 22:33:52.246449290
OPP-1640,IT_Tech,36207.54,55.0,Won,2023-06-17 04:50:04.440888178
OPP-1641,health-care,117055.29,84.0,Lost,2023-06-17 11:06:16.635327066
OPP-1642,IT_Tech,33053.06,86.0,Won,2023-06-17 17:22:28.829765954
OPP-1643,health-care,149622.06,64.0,Lost,2023-06-17 23:38:41.024204840
OPP-1644,IT_Tech,,81.0,Lost,2023-06-18 05:54:53.218643728
OPP-1645,Manufacturing,57495.24,83.0,Won,2023-06-18 12:11:05.413082616
OPP-1646,Finance,55503.75,51.0,Won,2023-06-18 18:27:17.607521504
OPP-1647,Finance,38257.49,83.0,Lost,2023-06-19 00:43:29.801960392
OPP-1648,Retail,9830.12,74.0,Won,2023-06-19 06:59:41.996399280
OPP-1649,health-care,82268.58,75.0,Lost,2023-06-19 13:15:54.190838168
OPP-1650,IT_Tech,47709.86,90.0,Lost,2023-06-19 19:32:06.385277056
OPP-1651,Finance,19871.8,82.0,Lost,2023-06-20 01:48:18.579715944
OPP-1652,Finance,72775.31,79.0,Lost,2023-06-20 08:04:30.774154830
OPP-1653,Retail,14458.6,61.0,Won,2023-06-20 14:20:42.968593718
OPP-1654,health-care,61912.26,65.0,Lost,2023-06-20 20:36:55.163032606
OPP-1655,IT_Tech,69260.98,77.0,Lost,2023-06-21 02:53:07.357471494
OPP-1656,IT_Tech,44841.53,81.0,Won,2023-06-21 09:09:19.551910382
OPP-1657,health-care,160510.58,80.0,Lost,2023-06-21 15:25:31.746349270
OPP-1658,Finance,64242.72,51.0,Lost,2023-06-21 21:41:43.940788158
OPP-1659,Finance,128346.19,97.0,Lost,2023-06-22 03:57:56.135227046
OPP-1660,health-care,195055.58,87.0,Lost,2023-06-22 10:14:08.329665934
OPP-1661,Manufacturing,69971.74,73.0,Lost,2023-06-22 16:30:20.524104820
OPP-1662,Finance,37976.2,84.0,Lost,2023-06-22 22:46:32.718543708
OPP-1663,IT_Tech,31989.47,90.0,Won,2023-06-23 05:02:44.912982596
OPP-1664,IT_Tech,30559.1,38.0,Won,2023-06-23 11:18:57.107421484
OPP-1665,IT_Tech,46380.17,80.0,Lost,2023-06-23 17:35:09.301860372
OPP-1666,IT_Tech,51183.72,58.0,Lost,2023-06-23 23:51:21.496299260
OPP-1667,IT_Tech,23874.2,76.0,Won,2023-06-24 06:07:33.690738148
OPP-1668,IT_Tech,37568.43,75.0,Won,2023-06-24 12:23:45.885177036
OPP-1669,IT_Tech,13227.28,74.0,Won,2023-06-24 18:39:58.079615924
OPP-1670,IT_Tech,74680.37,72.0,Lost,2023-06-25 00:56:10.274054810
OPP-1671,Manufacturing,28108.09,,Won,2023-06-25 07:12:22.468493698
OPP-1672,IT_Tech,37344.17,68.0,Won,2023-06-25 13:28:34.662932586
OPP-1673,Finance,60731.04,81.0,Lost,2023-06-25 19:44:46.857371474
OPP-1674,health-care,145454.2,95.0,Lost,2023-06-26 02:00:59.051810362
OPP-1675,Manufacturing,8788.92,49.0,Won,2023-06-26 08:17:11.246249250
OPP-1676,IT_Tech,36015.15,85.0,Won,2023-06-26 14:33:23.440688138
OPP-1677,health-care,68631.63,70.0,Lost,2023-06-26 20:49:35.635127026
OPP-1678,Manufacturing,28945.84,76.0,Won,2023-06-27 03:05:47.829565914
OPP-1679,Manufacturing,86086.96,73.0,Lost,2023-06-27 09:22:00.024004800
OPP-1680,Retail,8572.68,65.0,Lost,2023-06-27 15:38:12.218443688
OPP-1681,IT_Tech,53417.74,86.0,Won,2023-06-27 21:54:24.412882576
OPP-1682,IT_Tech,43396.17,60.0,Won,2023-06-28 04:10:36.607321464
OPP-1683,Finance,155890.88,,Lost,2023-06-28 10:26:48.801760352
OPP-1684,Manufacturing,26014.4,73.0,Won,2023-06-28 16:43:00.996199240
OPP-1685,Finance,47108.97,104.0,Lost,2023-06-28 22:59:13.190638128
OPP-1686,Finance,141158.96,72.0,Lost,2023-06-29 05:15:25.385077016
OPP-1687,IT_Tech,44921.0,99.0,Lost,2023-06-29 11:31:37.579515904
OPP-1688,Retail,6170.48,85.0,Won,2023-06-29 17:47:49.773954790
OPP-1689,IT_Tech,27732.15,70.0,Lost,2023-06-30 00:04:01.968393678
OPP-1690,health-care,92210.53,76.0,Lost,2023-06-30 06:20:14.162832566
OPP-1691,health-care,120892.69,73.0,Lost,2023-06-30 12:36:26.357271454
OPP-1692,Finance,48652.65,74.0,Lost,2023-06-30 18:52:38.551710342
OPP-1693,IT_Tech,8458.03,46.0,Won,2023-07-01 01:08:50.746149230
OPP-1694,IT_Tech,,74.0,Won,2023-07-01 07:25:02.940588118
OPP-1695,Finance,35165.04,91.0,Lost,2023-07-01 13:41:15.135027006
OPP-1696,IT_Tech,13244.41,59.0,Lost,2023-07-01 19:57:27.329465894
OPP-1697,Finance,13367.8,63.0,Lost,2023-07-02 02:13:39.523904780
OPP-1698,IT_Tech,54556.41,55.0,Won,2023-07-02 08:29:51.718343668
OPP-1699,health-care,78997.42,83.0,Lost,2023-07-02 14:46:03.912782556
OPP-1700,Finance,63870.07,80.0,Won,2023-07-02 21:02:16.107221444
OPP-1701,IT_Tech,72730.21,79.0,Lost,2023-07-03 03:18:28.301660332
OPP-1702,health-care,107193.92,78.0,Lost,2023-07-03 09:34:40.496099220
OPP-1703,IT_Tech,81483.03,75.0,Won,2023-07-03 15:50:52.690538108
OPP-1704,IT_Tech,18099.37,74.0,Won,2023-07-03 22:07:04.884976996
OPP-1705,Manufacturing,35693.53,,Lost,2023-07-04 04:23:17.079415884
OPP-1706,health-care,27721.73,75.0,Won,2023-07-04 10:39:29.273854770
OPP-1707,Retail,11912.09,68.0,Won,2023-07-04 16:55:41.468293658
OPP-1708,IT_Tech,32070.51,86.0,Won,2023-07-04 23:11:53.662732546
OPP-1709,Finance,106507.23,89.0,Lost,2023-07-05 05:28:05.857171434
OPP-1710,Retail,13667.58,68.0,Lost,2023-07-05 11:44:18.051610322
OPP-1711,Finance,106302.52,99.0,Lost,2023-07-05 18:00:30.246049210
OPP-1712,health-care,111531.69,86.0,Lost,2023-07-06 00:16:42.440488098
OPP-1713,health-care,266454.08,103.0,Lost,2023-07-06 06:32:54.634926986
OPP-1714,health-care,60525.62,84.0,Lost,2023-07-06 12:49:06.829365874
OPP-1715,Manufacturing,22685.67,48.0,Lost,2023-07-06 19:05:19.023804760
OPP-1716,Retail,15108.94,83.0,Won,2023-07-07 01:21:31.218243648
OPP-1717,Manufacturing,24315.27,72.0,Lost,2023-07-07 07:37:43.412682536
OPP-1718,IT_Tech,,78.0,Won,2023-07-07 13:53:55.607121424
OPP-1719,Retail,11595.72,68.0,Lost,2023-07-07 20:10:07.801560312
OPP-1720,Manufacturing,27370.25,67.0,Lost,2023-07-08 02:26:19.995999200
OPP-1721,IT_Tech,28691.1,74.0,Won,2023-07-08 08:42:32.190438088
OPP-1722,IT_Tech,52010.91,68.0,Lost,2023-07-08 14:58:44.384876976
OPP-1723,Retail,12346.48,81.0,Won,2023-07-08 21:14:56.579315864
OPP-1724,Finance,49761.65,74.0,Won,2023-07-09 03:31:08.773754750
OPP-1725,Retail,30720.21,67.0,Won,2023-07-09 09:47:20.968193638
OPP-1726,IT_Tech,23668.85,59.0,Lost,2023-07-09 16:03:33.162632526
OPP-1727,Retail,13599.43,69.0,Won,2023-07-09 22:19:45.357071414
OPP-1728,IT_Tech,50319.76,78.0,Won,2023-07-10 04:35:57.551510302
OPP-1729,IT_Tech,16063.94,72.0,Lost,2023-07-10 10:52:09.745949190
OPP-1730,IT_Tech,46172.07,62.0,Lost,2023-07-10 17:08:21.940388078
OPP-1731,Retail,7882.86,43.0,Won,2023-07-10 23:24:34.134826966
OPP-1732,Finance,119810.87,89.0,Lost,2023-07-11 05:40:46.329265854
OPP-1733,Finance,41044.39,92.0,Lost,2023-07-11 11:56:58.523704740
OPP-1734,health-care,110819.88,68.0,Lost,2023-07-11 18:13:10.718143628
OPP-1735,Manufacturing,63127.8,96.0,Lost,2023-07-12 00:29:22.912582516
OPP-1736,health-care,122622.02,85.0,Lost,2023-07-12 06:45:35.107021404
OPP-1737,Retail,18000000.0,67.0,Won,2023-07-12 13:01:47.301460292
OPP-1738,health-care,63654.13,,Won,2023-07-12 19:17:59.495899180
OPP-1739,health-care,51748.37,59.0,Lost,2023-07-13 01:34:11.690338068
OPP-1740,health-care,176772.84,96.0,Lost,2023-07-13 07:50:23.884776956
OPP-1741,health-care,48064.68,66.0,Won,2023-07-13 14:06:36.079215844
OPP-1742,Retail,7954.29,53.0,Lost,2023-07-13 20:22:48.273654730
OPP-1743,Finance,109012.88,93.0,Won,2023-07-14 02:39:00.468093618
OPP-1744,IT_Tech,24390.08,,Lost,2023-07-14 08:55:12.662532506
OPP-1745,Manufacturing,,51.0,Won,2023-07-14 15:11:24.856971394
OPP-1746,health-care,30755.91,72.0,Lost,2023-07-14 21:27:37.051410282
OPP-1747,Finance,54734.75,79.0,Lost,2023-07-15 03:43:49.245849170
OPP-1748,Manufacturing,34844.22,79.0,Won,2023-07-15 10:00:01.440288058
OPP-1749,Finance,84614.0,75.0,Won,2023-07-15 16:16:13.634726946
OPP-1750,IT_Tech,58434.0,107.0,Lost,2023-07-15 22:32:25.829165834
OPP-1751,Manufacturing,47261.39,72.0,Lost,2023-07-16 04:48:38.023604720
OPP-1752,Finance,65217.08,74.0,Lost,2023-07-16 11:04:50.218043608
OPP-1753,health-care,64931.14,68.0,Lost,2023-07-16 17:21:02.412482496
OPP-1754,IT_Tech,46867.45,76.0,Lost,2023-07-16 23:37:14.606921384
OPP-1755,Retail,25242.52,78.0,Lost,2023-07-17 05:53:26.801360272
OPP-1756,Finance,78888.32,93.0,Lost,2023-07-17 12:09:38.995799160
OPP-1757,Finance,55189.14,58.0,Lost,2023-07-17 18:25:51.190238048
OPP-1758,Manufacturing,22105.17,67.0,Lost,2023-07-18 00:42:03.384676936
OPP-1759,Retail,,66.0,Lost,2023-07-18 06:58:15.579115824
OPP-1760,IT_Tech,50672.31,82.0,Won,2023-07-18 13:14:27.773554710
OPP-1761,health-care,103444.15,80.0,Lost,2023-07-18 19:30:39.967993598
OPP-1762,IT_Tech,48469.1,82.0,Lost,2023-07-19 01:46:52.162432486
OPP-1763,Retail,,56.0,Lost,2023-07-19 08:03:04.356871374
OPP-1764,IT_Tech,73384.45,97.0,Lost,2023-07-19 14:19:16.551310262
OPP-1765,Finance,54695.07,88.0,Won,2023-07-19 20:35:28.745749150
OPP-1766,Retail,21539.3,53.0,Won,2023-07-20 02:51:40.940188038
OPP-1767,Manufacturing,35618.79,60.0,Lost,2023-07-20 09:07:53.134626926
OPP-1768,health-care,50766.38,63.0,Won,2023-07-20 15:24:05.329065812
OPP-1769,Retail,17966.52,76.0,Won,2023-07-20 21:40:17.523504700
OPP-1770,IT_Tech,44570.08,59.0,Lost,2023-07-21 03:56:29.717943588
OPP-1771,Retail,15970.31,63.0,Won,2023-07-21 10:12:41.912382476
OPP-1772,IT_Tech,37821.73,79.0,Won,2023-07-21 16:28:54.106821364
OPP-1773,health-care,71486.52,77.0,Won,2023-07-21 22:45:06.301260252
OPP-1774,Retail,44098.72,77.0,Lost,2023-07-22 05:01:18.495699140
OPP-1775,IT_Tech,65652.33,64.0,Lost,2023-07-22 11:17:30.690138028
OPP-1776,IT_Tech,52125.7,83.0,Won,2023-07-22 17:33:42.884576916
OPP-1777,Retail,14127.8,59.0,Lost,2023-07-22 23:49:55.079015802
OPP-1778,Retail,22105.43,66.0,Lost,2023-07-23 06:06:07.273454690
OPP-1779,Finance,99787.37,83.0,Won,2023-07-23 12:22:19.467893578
OPP-1780,Finance,74289.35,79.0,Lost,2023-07-23 18:38:31.662332466
OPP-1781,Finance,60953.19,77.0,Lost,2023-07-24 00:54:43.856771354
OPP-1782,IT_Tech,34875.55,64.0,Won,2023-07-24 07:10:56.051210242
OPP-1783,health-care,10913.38,61.0,Lost,2023-07-24 13:27:08.245649130
OPP-1784,IT_Tech,40348.13,74.0,Won,2023-07-24 19:43:20.440088018
OPP-1785,Manufacturing,28445.98,55.0,Won,2023-07-25 01:59:32.634526906
OPP-1786,Finance,190156.37,79.0,Lost,2023-07-25 08:15:44.828965792
OPP-1787,health-care,73984.17,83.0,Won,2023-07-25 14:31:57.023404680
OPP-1788,health-care,35832.91,58.0,Lost,2023-07-25 20:48:09.217843568
OPP-1789,Manufacturing,35420.99,87.0,Won,2023-07-26 03:04:21.412282456
OPP-1790,IT_Tech,21524.34,85.0,Won,2023-07-26 09:20:33.606721344
OPP-1791,Finance,97153.21,65.0,Lost,2023-07-26 15:36:45.801160232
OPP-1792,Finance,,95.0,Lost,2023-07-26 21:52:57.995599120
OPP-1793,Finance,129923.85,80.0,Lost,2023-07-27 04:09:10.190038008
OPP-1794,IT_Tech,24454.25,75.0,Won,2023-07-27 10:25:22.384476896
OPP-1795,Manufacturing,36938.29,67.0,Lost,2023-07-27 16:41:34.578915782
OPP-1796,Manufacturing,18351.91,79.0,Won,2023-07-27 22:57:46.773354670
OPP-1797,Finance,111401.59,86.0,Won,2023-07-28 05:13:58.967793558
OPP-1798,Finance,99839.85,,Lost,2023-07-28 11:30:11.162232446
OPP-1799,Manufacturing,,,Won,2023-07-28 17:46:23.356671336
OPP-1800,Retail,13370.55,48.0,Won,2023-07-29 00:02:35.551110220
OPP-1801,IT_Tech,44684.7,77.0,Lost,2023-07-29 06:18:47.745549108
OPP-1802,Finance,191492.41,92.0,Lost,2023-07-29 12:34:59.939987996
OPP-1803,Finance,61632.43,85.0,Lost,2023-07-29 18:51:12.134426884
OPP-1804,health-care,,77.0,Won,2023-07-30 01:07:24.328865772
OPP-1805,Retail,7761.55,48.0,Lost,2023-07-30 07:23:36.523304660
OPP-1806,Manufacturing,23526.19,62.0,Won,2023-07-30 13:39:48.717743548
OPP-1807,Manufacturing,38135.72,87.0,Won,2023-07-30 19:56:00.912182436
OPP-1808,health-care,141826.55,77.0,Lost,2023-07-31 02:12:13.106621324
OPP-1809,IT_Tech,31947.83,74.0,Lost,2023-07-31 08:28:25.301060212
OPP-1810,Manufacturing,32274.79,59.0,Won,2023-07-31 14:44:37.495499100
OPP-1811,Retail,10900.43,69.0,Won,2023-07-31 21:00:49.689937988
OPP-1812,IT_Tech,27795.28,66.0,Won,2023-08-01 03:17:01.884376876
OPP-1813,Manufacturing,42086.64,87.0,Won,2023-08-01 09:33:14.078815764
OPP-1814,Manufacturing,17177.77,77.0,Won,2023-08-01 15:49:26.273254652
OPP-1815,Finance,157717.97,77.0,Lost,2023-08-01 22:05:38.467693540
OPP-1816,Finance,49057.41,74.0,Won,2023-08-02 04:21:50.662132428
OPP-1817,health-care,112774.11,74.0,Lost,2023-08-02 10:38:02.856571316
OPP-1818,IT_Tech,19244.89,52.0,Lost,2023-08-02 16:54:15.051010200
OPP-1819,health-care,109240.16,70.0,Lost,2023-08-02 23:10:27.245449088
OPP-1820,Retail,18694.27,71.0,Won,2023-08-03 05:26:39.439887976
OPP-1821,IT_Tech,44006.87,78.0,Won,2023-08-03 11:42:51.634326864
OPP-1822,health-care,40269.23,,Lost,2023-08-03 17:59:03.828765752
OPP-1823,health-care,84942.42,75.0,Lost,2023-08-04 00:15:16.023204640
OPP-1824,Finance,35960.14,,Won,2023-08-04 06:31:28.217643528
OPP-1825,Manufacturing,32004.07,73.0,Lost,2023-08-04 12:47:40.412082416
OPP-1826,health-care,135624.85,91.0,Lost,2023-08-04 19:03:52.606521304
OPP-1827,health-care,117950.6,60.0,Lost,2023-08-05 01:20:04.800960192
OPP-1828,Retail,13461.53,19.0,Won,2023-08-05 07:36:16.995399080
OPP-1829,health-care,40746.13,77.0,Won,2023-08-05 13:52:29.189837968
OPP-1830,IT_Tech,50151.01,58.0,Won,2023-08-05 20:08:41.384276856
OPP-1831,health-care,73985.82,75.0,Lost,2023-08-06 02:24:53.578715744
OPP-1832,IT_Tech,11382.61,61.0,Lost,2023-08-06 08:41:05.773154632
OPP-1833,IT_Tech,53707.87,95.0,Lost,2023-08-06 14:57:17.967593520
OPP-1834,health-care,72074.84,83.0,Lost,2023-08-06 21:13:30.162032408
OPP-1835,health-care,150462.74,85.0,Lost,2023-08-07 03:29:42.356471296
OPP-1836,Manufacturing,21001.83,79.0,Won,2023-08-07 09:45:54.550910180
OPP-1837,health-care,10872.35,69.0,Won,2023-08-07 16:02:06.745349068
OPP-1838,Finance,86461.14,74.0,Lost,2023-08-07 22:18:18.939787956
OPP-1839,Finance,87110.98,,Lost,2023-08-08 04:34:31.134226844
OPP-1840,IT_Tech,15594.35,54.0,Lost,2023-08-08 10:50:43.328665732
OPP-1841,Finance,40655.94,78.0,Won,2023-08-08 17:06:55.523104620
OPP-1842,IT_Tech,144005.8,64.0,Lost,2023-08-08 23:23:07.717543508
OPP-1843,Manufacturing,31169.48,74.0,Won,2023-08-09 05:39:19.911982396
OPP-1844,IT_Tech,52338.08,78.0,Lost,2023-08-09 11:55:32.106421284
OPP-1845,health-care,49493.87,95.0,Won,2023-08-09 18:11:44.300860172
OPP-1846,IT_Tech,12769.93,47.0,Lost,2023-08-10 00:27:56.495299060
OPP-1847,Manufacturing,33351.93,65.0,Won,2023-08-10 06:44:08.689737948
OPP-1848,Finance,62357.38,87.0,Lost,2023-08-10 13:00:20.884176836
OPP-1849,Finance,57530.65,80.0,Lost,2023-08-10 19:16:33.078615724
OPP-1850,IT_Tech,34292.42,75.0,Won,2023-08-11 01:32:45.273054612
OPP-1851,Retail,15246.94,55.0,Won,2023-08-11 07:48:57.467493500
OPP-1852,IT_Tech,33689.5,65.0,Won,2023-08-11 14:05:09.661932388
OPP-1853,Manufacturing,19302.64,84.0,Won,2023-08-11 20:21:21.856371276
OPP-1854,IT_Tech,46309.04,74.0,Lost,2023-08-12 02:37:34.050810160
OPP-1855,IT_Tech,13702.23,71.0,Won,2023-08-12 08:53:46.245249048
OPP-1856,IT_Tech,13027.55,64.0,Lost,2023-08-12 15:09:58.439687936
OPP-1857,health-care,113949.23,67.0,Lost,2023-08-12 21:26:10.634126824
OPP-1858,Finance,99132.45,91.0,Lost,2023-08-13 03:42:22.828565712
OPP-1859,IT_Tech,35288.14,79.0,Won,2023-08-13 09:58:35.023004600
OPP-1860,Retail,6649.36,89.0,Won,2023-08-13 16:14:47.217443488
OPP-1861,health-care,47822.59,63.0,Won,2023-08-13 22:30:59.411882376
OPP-1862,Finance,62464.39,,Won,2023-08-14 04:47:11.606321264
OPP-1863,health-care,28070.2,55.0,Won,2023-08-14 11:03:23.800760152
OPP-1864,health-care,46938.0,77.0,Won,2023-08-14 17:19:35.995199040
OPP-1865,Finance,108163.39,92.0,Lost,2023-08-14 23:35:48.189637928
OPP-1866,IT_Tech,74135.72,53.0,Lost,2023-08-15 05:52:00.384076816
OPP-1867,IT_Tech,29445.1,69.0,Lost,2023-08-15 12:08:12.578515704
OPP-1868,Manufacturing,53010.44,69.0,Won,2023-08-15 18:24:24.772954592
OPP-1869,Manufacturing,13946.31,58.0,Lost,2023-08-16 00:40:36.967393480
OPP-1870,health-care,,85.0,Lost,2023-08-16 06:56:49.161832368
OPP-1871,IT_Tech,,84.0,Won,2023-08-16 13:13:01.356271256
OPP-1872,Finance,87939.76,78.0,Lost,2023-08-16 19:29:13.550710140
OPP-1873,health-care,63028.89,79.0,Lost,2023-08-17 01:45:25.745149028
OPP-1874,IT_Tech,,79.0,Won,2023-08-17 08:01:37.939587916
OPP-1875,IT_Tech,23453.67,70.0,Won,2023-08-17 14:17:50.134026804
OPP-1876,Retail,18284.39,55.0,Won,2023-08-17 20:34:02.328465692
OPP-1877,Finance,61839.37,90.0,Won,2023-08-18 02:50:14.522904580
OPP-1878,IT_Tech,33551.85,76.0,Lost,2023-08-18 09:06:26.717343468
OPP-1879,IT_Tech,33125.98,77.0,Won,2023-08-18 15:22:38.911782356
OPP-1880,IT_Tech,23793.4,60.0,Won,2023-08-18 21:38:51.106221244
OPP-1881,Finance,,72.0,Lost,2023-08-19 03:55:03.300660132
OPP-1882,IT_Tech,35195.58,71.0,Won,2023-08-19 10:11:15.495099020
OPP-1883,IT_Tech,40971.01,55.0,Lost,2023-08-19 16:27:27.689537908
OPP-1884,Retail,13936.3,46.0,Lost,2023-08-19 22:43:39.883976796
OPP-1885,IT_Tech,54122.07,,Lost,2023-08-20 04:59:52.078415684
OPP-1886,Finance,127274.97,88.0,Lost,2023-08-20 11:16:04.272854572
OPP-1887,IT_Tech,21475.94,61.0,Won,2023-08-20 17:32:16.467293460
OPP-1888,IT_Tech,56071.69,64.0,Won,2023-08-20 23:48:28.661732348
OPP-1889,IT_Tech,20067.0,59.0,Lost,2023-08-21 06:04:40.856171236
OPP-1890,Retail,17924.57,63.0,Won,2023-08-21 12:20:53.050610120
OPP-1891,Manufacturing,49507.0,71.0,Won,2023-08-21 18:37:05.245049008
OPP-1892,Retail,5137.6,85.0,Lost,2023-08-22 00:53:17.439487896
OPP-1893,health-care,77326.16,91.0,Won,2023-08-22 07:09:29.633926784
OPP-1894,Finance,55210.16,88.0,Lost,2023-08-22 13:25:41.828365672
OPP-1895,IT_Tech,24850.11,84.0,Lost,2023-08-22 19:41:54.022804560
OPP-1896,IT_Tech,71355.25,66.0,Lost,2023-08-23 01:58:06.217243448
OPP-1897,Manufacturing,26190.72,56.0,Won,2023-08-23 08:14:18.411682336
OPP-1898,IT_Tech,24265.52,57.0,Won,2023-08-23 14:30:30.606121224
OPP-1899,IT_Tech,37716.29,89.0,Lost,2023-08-23 20:46:42.800560112
OPP-1900,IT_Tech,51164.18,69.0,Won,2023-08-24 03:02:54.994999000
OPP-1901,IT_Tech,33832.45,57.0,Lost,2023-08-24 09:19:07.189437888
OPP-1902,IT_Tech,65067.81,72.0,Lost,2023-08-24 15:35:19.383876776
OPP-1903,Finance,100567.6,77.0,Lost,2023-08-24 21:51:31.578315664
OPP-1904,health-care,19792.79,72.0,Lost,2023-08-25 04:07:43.772754552
OPP-1905,Manufacturing,27868.9,74.0,Lost,2023-08-25 10:23:55.967193440
OPP-1906,Retail,10087.77,54.0,Won,2023-08-25 16:40:08.161632328
OPP-1907,health-care,97500.87,88.0,Lost,2023-08-25 22:56:20.356071216
OPP-1908,IT_Tech,9775.08,56.0,Won,2023-08-26 05:12:32.550510100
OPP-1909,health-care,337528.7,87.0,Lost,2023-08-26 11:28:44.744948988
OPP-1910,Finance,100570.64,88.0,Lost,2023-08-26 17:44:56.939387876
OPP-1911,IT_Tech,39121.93,66.0,Lost,2023-08-27 00:01:09.133826764
OPP-1912,Finance,148589.19,76.0,Lost,2023-08-27 06:17:21.328265652
OPP-1913,health-care,298400.68,95.0,Lost,2023-08-27 12:33:33.522704540
OPP-1914,Finance,123308.91,71.0,Lost,2023-08-27 18:49:45.717143428
OPP-1915,health-care,129222.09,77.0,Lost,2023-08-28 01:05:57.911582316
OPP-1916,IT_Tech,38767.79,80.0,Won,2023-08-28 07:22:10.106021204
OPP-1917,Manufacturing,33834.53,97.0,Lost,2023-08-28 13:38:22.300460092
OPP-1918,Retail,10531.25,72.0,Won,2023-08-28 19:54:34.494898980
OPP-1919,IT_Tech,24027.25,76.0,Lost,2023-08-29 02:10:46.689337868
OPP-1920,Manufacturing,25757.8,77.0,Lost,2023-08-29 08:26:58.883776756
OPP-1921,health-care,32521.82,59.0,Won,2023-08-29 14:43:11.078215644
OPP-1922,Manufacturing,34963.65,74.0,Won,2023-08-29 20:59:23.272654532
OPP-1923,Retail,5754.09,60.0,Won,2023-08-30 03:15:35.467093420
OPP-1924,health-care,82006.18,83.0,Lost,2023-08-30 09:31:47.661532308
OPP-1925,IT_Tech,35661.78,74.0,Lost,2023-08-30 15:47:59.855971196
OPP-1926,IT_Tech,39083.97,78.0,Won,2023-08-30 22:04:12.050410080
OPP-1927,Finance,,72.0,Lost,2023-08-31 04:20:24.244848968
OPP-1928,Finance,463293.58,92.0,Lost,2023-08-31 10:36:36.439287856
OPP-1929,IT_Tech,71686.52,,Won,2023-08-31 16:52:48.633726744
OPP-1930,IT_Tech,19491.4,65.0,Lost,2023-08-31 23:09:00.828165632
OPP-1931,Retail,15009.43,84.0,Won,2023-09-01 05:25:13.022604520
OPP-1932,Manufacturing,,75.0,Lost,2023-09-01 11:41:25.217043408
OPP-1933,Finance,39787.66,73.0,Won,2023-09-01 17:57:37.411482296
OPP-1934,IT_Tech,18582.28,91.0,Won,2023-09-02 00:13:49.605921184
OPP-1935,IT_Tech,45076.14,,Won,2023-09-02 06:30:01.800360072
OPP-1936,IT_Tech,25830.46,57.0,Won,2023-09-02 12:46:13.994798960
OPP-1937,Manufacturing,58918.65,97.0,Lost,2023-09-02 19:02:26.189237848
OPP-1938,IT_Tech,59688.29,,Lost,2023-09-03 01:18:38.383676736
OPP-1939,Finance,166766.29,81.0,Lost,2023-09-03 07:34:50.578115624
OPP-1940,IT_Tech,23713.66,56.0,Won,2023-09-03 13:51:02.772554512
OPP-1941,Finance,97267.42,85.0,Won,2023-09-03 20:07:14.966993400
OPP-1942,Finance,106881.13,87.0,Lost,2023-09-04 02:23:27.161432288
OPP-1943,Retail,10539.77,51.0,Won,2023-09-04 08:39:39.355871176
OPP-1944,IT_Tech,24689.02,69.0,Won,2023-09-04 14:55:51.550310060
OPP-1945,IT_Tech,81207.29,75.0,Lost,2023-09-04 21:12:03.744748948
OPP-1946,IT_Tech,40690.42,77.0,Won,2023-09-05 03:28:15.939187836
OPP-1947,Manufacturing,49910.36,62.0,Lost,2023-09-05 09:44:28.133626724
OPP-1948,Manufacturing,24075.79,85.0,Won,2023-09-05 16:00:40.328065612
OPP-1949,Finance,35186.91,84.0,Lost,2023-09-05 22:16:52.522504500
OPP-1950,Finance,51965.23,71.0,Lost,2023-09-06 04:33:04.716943388
OPP-1951,Finance,67886.14,75.0,Won,2023-09-06 10:49:16.911382276
OPP-1952,IT_Tech,21330.43,68.0,Lost,2023-09-06 17:05:29.105821164
OPP-1953,Manufacturing,36137.18,64.0,Won,2023-09-06 23:21:41.300260052
OPP-1954,health-care,26552.97,65.0,Lost,2023-09-07 05:37:53.494698940
OPP-1955,health-care,37345.64,70.0,Won,2023-09-07 11:54:05.689137828
OPP-1956,Finance,109376.0,100.0,Lost,2023-09-07 18:10:17.883576716
OPP-1957,IT_Tech,49113.8,86.0,Won,2023-09-08 00:26:30.078015604
OPP-1958,IT_Tech,29853.63,83.0,Lost,2023-09-08 06:42:42.272454492
OPP-1959,Retail,8031.43,67.0,Won,2023-09-08 12:58:54.466893380
OPP-1960,IT_Tech,21726.72,56.0,Won,2023-09-08 19:15:06.661332268
OPP-1961,Finance,58456.55,76.0,Lost,2023-09-09 01:31:18.855771156
OPP-1962,IT_Tech,50124.2,87.0,Won,2023-09-09 07:47:31.050210040
OPP-1963,health-care,127637.23,67.0,Lost,2023-09-09 14:03:43.244648928
OPP-1964,IT_Tech,28331.63,79.0,Won,2023-09-09 20:19:55.439087816
OPP-1965,health-care,36603.7,101.0,Lost,2023-09-10 02:36:07.633526704
OPP-1966,Retail,15274.22,,Won,2023-09-10 08:52:19.827965592
OPP-1967,IT_Tech,24058.23,87.0,Won,2023-09-10 15:08:32.022404480
OPP-1968,Finance,53586.28,78.0,Lost,2023-09-10 21:24:44.216843368
OPP-1969,health-care,161969.88,95.0,Lost,2023-09-11 03:40:56.411282256
OPP-1970,Finance,120122.73,73.0,Lost,2023-09-11 09:57:08.605721144
OPP-1971,Manufacturing,39300.29,83.0,Won,2023-09-11 16:13:20.800160032
OPP-1972,Retail,7073.0,69.0,Lost,2023-09-11 22:29:32.994598920
OPP-1973,IT_Tech,40364.19,77.0,Lost,2023-09-12 04:45:45.189037808
OPP-1974,IT_Tech,61779.61,93.0,Lost,2023-09-12 11:01:57.383476696
OPP-1975,IT_Tech,30097.07,65.0,Won,2023-09-12 17:18:09.577915584
OPP-1976,Finance,164500.43,81.0,Lost,2023-09-12 23:34:21.772354472
OPP-1977,IT_Tech,69311.95,79.0,Lost,2023-09-13 05:50:33.966793360
OPP-1978,health-care,198439.53,73.0,Lost,2023-09-13 12:06:46.161232248
OPP-1979,Finance,87828.9,82.0,Lost,2023-09-13 18:22:58.355671136
OPP-1980,health-care,104030.04,60.0,Lost,2023-09-14 00:39:10.550110020
OPP-1981,Retail,27094.71,84.0,Won,2023-09-14 06:55:22.744548908
OPP-1982,IT_Tech,45419.51,75.0,Lost,2023-09-14 13:11:34.938987796
OPP-1983,IT_Tech,28265.1,65.0,Lost,2023-09-14 19:27:47.133426684
OPP-1984,Retail,10675.73,54.0,Lost,2023-09-15 01:43:59.327865572
OPP-1985,health-care,84383.99,76.0,Lost,2023-09-15 08:00:11.522304460
OPP-1986,Finance,33713.82,81.0,Won,2023-09-15 14:16:23.716743348
OPP-1987,health-care,67107.07,84.0,Lost,2023-09-15 20:32:35.911182236
OPP-1988,IT_Tech,,68.0,Lost,2023-09-16 02:48:48.105621124
OPP-1989,Retail,4466.56,48.0,Won,2023-09-16 09:05:00.300060012
OPP-1990,Retail,28774.39,79.0,Won,2023-09-16 15:21:12.494498900
OPP-1991,Finance,143404.49,74.0,Lost,2023-09-16 21:37:24.688937788
OPP-1992,IT_Tech,28857.28,72.0,Won,2023-09-17 03:53:36.883376676
OPP-1993,Finance,101319.53,82.0,Lost,2023-09-17 10:09:49.077815564
OPP-1994,health-care,73268.69,82.0,Lost,2023-09-17 16:26:01.272254452
OPP-1995,IT_Tech,67170.89,88.0,Won,2023-09-17 22:42:13.466693340
OPP-1996,Manufacturing,59357.96,61.0,Lost,2023-09-18 04:58:25.661132228
OPP-1997,IT_Tech,18033.11,45.0,Lost,2023-09-18 11:14:37.855571116
OPP-1998,Manufacturing,48709.59,68.0,Lost,2023-09-18 17:30:50.050010000
OPP-1999,health-care,64642.24,99.0,Lost,2023-09-18 23:47:02.244448888
OPP-2000,IT_Tech,37851.14,98.0,Lost,2023-09-19 06:03:14.438887776
OPP-2001,Finance,47244.75,97.0,Lost,2023-09-19 12:19:26.633326664
OPP-2002,Manufacturing,87035.25,77.0,Lost,2023-09-19 18:35:38.827765552
OPP-2003,Retail,22472.12,48.0,Lost,2023-09-20 00:51:51.022204440
OPP-2004,Retail,9229.08,,Won,2023-09-20 07:08:03.216643328
OPP-2005,Finance,32834.45,65.0,Lost,2023-09-20 13:24:15.411082216
OPP-2006,Finance,58023.1,74.0,Lost,2023-09-20 19:40:27.605521104
OPP-2007,Retail,16601.55,83.0,Won,2023-09-21 01:56:39.799959992
OPP-2008,IT_Tech,40949.83,84.0,Won,2023-09-21 08:12:51.994398880
OPP-2009,health-care,155108.43,86.0,Lost,2023-09-21 14:29:04.188837768
OPP-2010,IT_Tech,53903.99,65.0,Lost,2023-09-21 20:45:16.383276656
OPP-2011,Manufacturing,58970.02,65.0,Lost,2023-09-22 03:01:28.577715544
OPP-2012,Manufacturing,42762.96,77.0,Lost,2023-09-22 09:17:40.772154432
OPP-2013,IT_Tech,18130.5,77.0,Lost,2023-09-22 15:33:52.966593320
OPP-2014,Retail,12114.41,70.0,Won,2023-09-22 21:50:05.161032208
OPP-2015,Manufacturing,61700.35,64.0,Lost,2023-09-23 04:06:17.355471096
OPP-2016,IT_Tech,35391.91,81.0,Won,2023-09-23 10:22:29.549909980
OPP-2017,Finance,98898.98,85.0,Lost,2023-09-23 16:38:41.744348868
OPP-2018,Manufacturing,30965.4,59.0,Won,2023-09-23 22:54:53.938787756
OPP-2019,IT_Tech,21700.58,60.0,Won,2023-09-24 05:11:06.133226644
OPP-2020,Finance,67913.73,86.0,Lost,2023-09-24 11:27:18.327665532
OPP-2021,IT_Tech,42383.89,71.0,Lost,2023-09-24 17:43:30.522104420
OPP-2022,Manufacturing,26164.43,90.0,Lost,2023-09-24 23:59:42.716543308
OPP-2023,Manufacturing,32278.1,78.0,Lost,2023-09-25 06:15:54.910982196
OPP-2024,Manufacturing,22703.36,64.0,Won,2023-09-25 12:32:07.105421084
OPP-2025,health-care,143135.49,,Lost,2023-09-25 18:48:19.299859972
OPP-2026,Manufacturing,31343.81,73.0,Lost,2023-09-26 01:04:31.494298860
OPP-2027,Retail,27622.27,62.0,Won,2023-09-26 07:20:43.688737748
OPP-2028,health-care,183001.33,73.0,Lost,2023-09-26 13:36:55.883176636
OPP-2029,Retail,12829.17,74.0,Won,2023-09-26 19:53:08.077615524
OPP-2030,IT_Tech,21933.61,80.0,Lost,2023-09-27 02:09:20.272054412
OPP-2031,Finance,20920.01,76.0,Won,2023-09-27 08:25:32.466493300
OPP-2032,IT_Tech,17395.75,86.0,Won,2023-09-27 14:41:44.660932188
OPP-2033,IT_Tech,18271.22,62.0,Won,2023-09-27 20:57:56.855371072
OPP-2034,IT_Tech,72347.4,,Lost,2023-09-28 03:14:09.049809960
OPP-2035,Finance,78393.38,68.0,Lost,2023-09-28 09:30:21.244248848
OPP-2036,health-care,92388.95,67.0,Lost,2023-09-28 15:46:33.438687736
OPP-2037,Retail,4401.89,37.0,Won,2023-09-28 22:02:45.633126624
OPP-2038,IT_Tech,,63.0,Won,2023-09-29 04:18:57.827565512
OPP-2039,health-care,124523.27,76.0,Lost,2023-09-29 10:35:10.022004400
OPP-2040,Finance,86861.0,85.0,Lost,2023-09-29 16:51:22.216443288
OPP-2041,Retail,12411.73,68.0,Won,2023-09-29 23:07:34.410882176
OPP-2042,health-care,102632.04,66.0,Lost,2023-09-30 05:23:46.605321064
OPP-2043,Finance,195141.2,80.0,Lost,2023-09-30 11:39:58.799759952
OPP-2044,Manufacturing,32515.71,68.0,Won,2023-09-30 17:56:10.994198840
OPP-2045,Finance,76238.5,57.0,Lost,2023-10-01 00:12:23.188637728
OPP-2046,IT_Tech,39986.55,62.0,Won,2023-10-01 06:28:35.383076616
OPP-2047,IT_Tech,120096.97,72.0,Lost,2023-10-01 12:44:47.577515504
OPP-2048,Manufacturing,12712.26,83.0,Won,2023-10-01 19:00:59.771954392
OPP-2049,IT_Tech,51103.67,78.0,Won,2023-10-02 01:17:11.966393280
OPP-2050,Manufacturing,34289.65,81.0,Won,2023-10-02 07:33:24.160832168
OPP-2051,Finance,102750.91,62.0,Lost,2023-10-02 13:49:36.355271052
OPP-2052,Manufacturing,26142.4,85.0,Lost,2023-10-02 20:05:48.549709940
OPP-2053,Retail,13036.62,81.0,Won,2023-10-03 02:22:00.744148828
OPP-2054,Manufacturing,51829.01,52.0,Lost,2023-10-03 08:38:12.938587716
OPP-2055,health-care,473423.74,83.0,Lost,2023-10-03 14:54:25.133026604
OPP-2056,Retail,20010.61,75.0,Lost,2023-10-03 21:10:37.327465492
OPP-2057,health-care,43965.51,82.0,Lost,2023-10-04 03:26:49.521904380
OPP-2058,health-care,56712.17,68.0,Won,2023-10-04 09:43:01.716343268
OPP-2059,Finance,55712.04,72.0,Lost,2023-10-04 15:59:13.910782156
OPP-2060,Manufacturing,,60.0,Won,2023-10-04 22:15:26.105221044
OPP-2061,Manufacturing,30790.3,73.0,Won,2023-10-05 04:31:38.299659932
OPP-2062,Retail,19272.12,83.0,Won,2023-10-05 10:47:50.494098820
OPP-2063,health-care,34045.76,63.0,Lost,2023-10-05 17:04:02.688537708
OPP-2064,health-care,137185.54,94.0,Lost,2023-10-05 23:20:14.882976596
OPP-2065,Retail,17049.69,58.0,Lost,2023-10-06 05:36:27.077415484
OPP-2066,IT_Tech,25156.8,60.0,Lost,2023-10-06 11:52:39.271854372
OPP-2067,IT_Tech,33834.46,82.0,Lost,2023-10-06 18:08:51.466293260
OPP-2068,health-care,190802.3,96.0,Lost,2023-10-07 00:25:03.660732148
OPP-2069,IT_Tech,52405.87,86.0,Won,2023-10-07 06:41:15.855171032
OPP-2070,IT_Tech,36475.34,57.0,Won,2023-10-07 12:57:28.049609920
OPP-2071,IT_Tech,32246.29,,Won,2023-10-07 19:13:40.244048808
OPP-2072,IT_Tech,37733.54,83.0,Won,2023-10-08 01:29:52.438487696
OPP-2073,IT_Tech,28116.68,72.0,Won,2023-10-08 07:46:04.632926584
OPP-2074,Manufacturing,12678.02,53.0,Lost,2023-10-08 14:02:16.827365472
OPP-2075,health-care,249024.55,92.0,Lost,2023-10-08 20:18:29.021804360
OPP-2076,health-care,80273.51,70.0,Lost,2023-10-09 02:34:41.216243248
OPP-2077,Finance,92863.72,101.0,Lost,2023-10-09 08:50:53.410682136
OPP-2078,IT_Tech,35279.1,91.0,Won,2023-10-09 15:07:05.605121024
OPP-2079,Manufacturing,25145.69,78.0,Lost,2023-10-09 21:23:17.799559912
OPP-2080,Retail,12173.76,,Won,2023-10-10 03:39:29.993998800
OPP-2081,IT_Tech,16322.55,68.0,Won,2023-10-10 09:55:42.188437688
OPP-2082,health-care,286717.27,97.0,Lost,2023-10-10 16:11:54.382876576
OPP-2083,Manufacturing,19589.4,86.0,Won,2023-10-10 22:28:06.577315464
OPP-2084,Manufacturing,21677.21,72.0,Won,2023-10-11 04:44:18.771754352
OPP-2085,health-care,56153.51,73.0,Won,2023-10-11 11:00:30.966193240
OPP-2086,Finance,158394.72,63.0,Lost,2023-10-11 17:16:43.160632128
OPP-2087,IT_Tech,36579.91,72.0,Lost,2023-10-11 23:32:55.355071012
OPP-2088,Manufacturing,19573.5,79.0,Won,2023-10-12 05:49:07.549509900
OPP-2089,IT_Tech,67993.62,89.0,Lost,2023-10-12 12:05:19.743948788
OPP-2090,Manufacturing,52339.17,82.0,Won,2023-10-12 18:21:31.938387676
OPP-2091,Finance,101018.7,74.0,Lost,2023-10-13 00:37:44.132826564
OPP-2092,Finance,112357.45,57.0,Lost,2023-10-13 06:53:56.327265452
OPP-2093,Finance,307618.96,82.0,Lost,2023-10-13 13:10:08.521704340
OPP-2094,IT_Tech,,77.0,Won,2023-10-13 19:26:20.716143228
OPP-2095,IT_Tech,25761.65,67.0,Won,2023-10-14 01:42:32.910582116
OPP-2096,IT_Tech,81792.64,86.0,Lost,2023-10-14 07:58:45.105021004
OPP-2097,IT_Tech,43984.13,98.0,Won,2023-10-14 14:14:57.299459892
OPP-2098,Retail,,69.0,Lost,2023-10-14 20:31:09.493898780
OPP-2099,health-care,26493.04,68.0,Won,2023-10-15 02:47:21.688337668
OPP-2100,IT_Tech,33349.8,69.0,Won,2023-10-15 09:03:33.882776556
OPP-2101,Manufacturing,24187.43,72.0,Won,2023-10-15 15:19:46.077215444
OPP-2102,Manufacturing,54941.78,66.0,Lost,2023-10-15 21:35:58.271654332
OPP-2103,Manufacturing,62040.35,78.0,Lost,2023-10-16 03:52:10.466093220
OPP-2104,Manufacturing,12871.32,71.0,Won,2023-10-16 10:08:22.660532108
OPP-2105,IT_Tech,35917.6,75.0,Won,2023-10-16 16:24:34.854970992
OPP-2106,health-care,143360.38,88.0,Lost,2023-10-16 22:40:47.049409880
OPP-2107,Retail,12169.16,71.0,Won,2023-10-17 04:56:59.243848768
OPP-2108,Finance,113259.64,60.0,Lost,2023-10-17 11:13:11.438287656
OPP-2109,IT_Tech,43285.92,82.0,Lost,2023-10-17 17:29:23.632726544
OPP-2110,Retail,15848.5,59.0,Won,2023-10-17 23:45:35.827165432
OPP-2111,IT_Tech,31708.58,59.0,Won,2023-10-18 06:01:48.021604320
OPP-2112,IT_Tech,19765.82,55.0,Lost,2023-10-18 12:18:00.216043208
OPP-2113,Finance,37312.43,78.0,Lost,2023-10-18 18:34:12.410482096
OPP-2114,Finance,111928.05,78.0,Lost,2023-10-19 00:50:24.604920984
OPP-2115,Finance,73989.24,58.0,Lost,2023-10-19 07:06:36.799359872
OPP-2116,IT_Tech,33885.55,78.0,Lost,2023-10-19 13:22:48.993798760
OPP-2117,Manufacturing,29379.57,54.0,Won,2023-10-19 19:39:01.188237648
OPP-2118,IT_Tech,31176.05,74.0,Won,2023-10-20 01:55:13.382676536
OPP-2119,IT_Tech,61295.14,80.0,Lost,2023-10-20 08:11:25.577115424
OPP-2120,Manufacturing,30711.05,82.0,Won,2023-10-20 14:27:37.771554312
OPP-2121,Manufacturing,18573.06,90.0,Lost,2023-10-20 20:43:49.965993200
OPP-2122,Manufacturing,52671.29,59.0,Lost,2023-10-21 03:00:02.160432088
OPP-2123,Retail,12058.94,65.0,Lost,2023-10-21 09:16:14.354870972
OPP-2124,Finance,74521.1,75.0,Lost,2023-10-21 15:32:26.549309860
OPP-2125,Finance,191864.94,90.0,Lost,2023-10-21 21:48:38.743748748
OPP-2126,IT_Tech,35944.08,76.0,Won,2023-10-22 04:04:50.938187636
OPP-2127,health-care,86986.67,75.0,Lost,2023-10-22 10:21:03.132626524
OPP-2128,health-care,36049.41,68.0,Lost,2023-10-22 16:37:15.327065412
OPP-2129,IT_Tech,32538.04,59.0,Lost,2023-10-22 22:53:27.521504300
OPP-2130,Retail,18119.84,,Won,2023-10-23 05:09:39.715943188
OPP-2131,health-care,28761.01,77.0,Lost,2023-10-23 11:25:51.910382076
OPP-2132,IT_Tech,,85.0,Lost,2023-10-23 17:42:04.104820964
OPP-2133,IT_Tech,38192.54,70.0,Won,2023-10-23 23:58:16.299259852
OPP-2134,Finance,74964.69,70.0,Lost,2023-10-24 06:14:28.493698740
OPP-2135,IT_Tech,60996.97,64.0,Lost,2023-10-24 12:30:40.688137628
OPP-2136,Manufacturing,42925.41,78.0,Lost,2023-10-24 18:46:52.882576516
OPP-2137,health-care,177520.81,72.0,Lost,2023-10-25 01:03:05.077015404
OPP-2138,health-care,40289.5,96.0,Won,2023-10-25 07:19:17.271454292
OPP-2139,Finance,79344.53,,Lost,2023-10-25 13:35:29.465893180
OPP-2140,Retail,13936.04,70.0,Won,2023-10-25 19:51:41.660332068
OPP-2141,health-care,38501.3,92.0,Lost,2023-10-26 02:07:53.854770952
OPP-2142,Finance,129803.49,89.0,Lost,2023-10-26 08:24:06.049209840
OPP-2143,Finance,295021.64,90.0,Lost,2023-10-26 14:40:18.243648728
OPP-2144,IT_Tech,36008.02,61.0,Won,2023-10-26 20:56:30.438087616
OPP-2145,Manufacturing,46747.24,58.0,Lost,2023-10-27 03:12:42.632526504
OPP-2146,Retail,13936.4,76.0,Won,2023-10-27 09:28:54.826965392
OPP-2147,Finance,47660.07,93.0,Won,2023-10-27 15:45:07.021404280
OPP-2148,Manufacturing,14612.31,61.0,Won,2023-10-27 22:01:19.215843168
OPP-2149,Manufacturing,25517.33,57.0,Lost,2023-10-28 04:17:31.410282056
OPP-2150,Retail,6660.97,32.0,Lost,2023-10-28 10:33:43.604720944
OPP-2151,Retail,31321.22,60.0,Won,2023-10-28 16:49:55.799159832
OPP-2152,Finance,68250.1,76.0,Won,2023-10-28 23:06:07.993598720
OPP-2153,Finance,59423.7,96.0,Lost,2023-10-29 05:22:20.188037608
OPP-2154,Finance,124678.32,90.0,Lost,2023-10-29 11:38:32.382476496
OPP-2155,Retail,7624.52,66.0,Lost,2023-10-29 17:54:44.576915384
OPP-2156,IT_Tech,,66.0,Won,2023-10-30 00:10:56.771354272
OPP-2157,Manufacturing,37572.82,66.0,Won,2023-10-30 06:27:08.965793160
OPP-2158,Manufacturing,60741.63,93.0,Lost,2023-10-30 12:43:21.160232048
OPP-2159,IT_Tech,46669.33,77.0,Won,2023-10-30 18:59:33.354670932
OPP-2160,Retail,15125.88,42.0,Won,2023-10-31 01:15:45.549109820
OPP-2161,IT_Tech,37762.01,65.0,Won,2023-10-31 07:31:57.743548708
OPP-2162,health-care,92980.17,69.0,Lost,2023-10-31 13:48:09.937987596
OPP-2163,Retail,14776.99,60.0,Won,2023-10-31 20:04:22.132426484
OPP-2164,IT_Tech,21698.84,76.0,Lost,2023-11-01 02:20:34.326865372
OPP-2165,Retail,13671.1,65.0,Won,2023-11-01 08:36:46.521304260
OPP-2166,Retail,7809.96,61.0,Won,2023-11-01 14:52:58.715743148
OPP-2167,Finance,76776.17,94.0,Lost,2023-11-01 21:09:10.910182036
OPP-2168,IT_Tech,28557.53,63.0,Lost,2023-11-02 03:25:23.104620924
OPP-2169,IT_Tech,129274.17,104.0,Lost,2023-11-02 09:41:35.299059812
OPP-2170,Finance,71400.73,70.0,Lost,2023-11-02 15:57:47.493498700
OPP-2171,Manufacturing,17995.56,69.0,Lost,2023-11-02 22:13:59.687937588
OPP-2172,Finance,67473.61,74.0,Lost,2023-11-03 04:30:11.882376476
OPP-2173,IT_Tech,47083.57,76.0,Lost,2023-11-03 10:46:24.076815364
OPP-2174,Finance,199589.57,90.0,Lost,2023-11-03 17:02:36.271254252
OPP-2175,Finance,51345.29,81.0,Lost,2023-11-03 23:18:48.465693140
OPP-2176,Retail,6055.89,51.0,Won,2023-11-04 05:35:00.660132028
OPP-2177,IT_Tech,54634.37,62.0,Lost,2023-11-04 11:51:12.854570912
OPP-2178,Retail,6698.91,91.0,Won,2023-11-04 18:07:25.049009800
OPP-2179,Finance,,70.0,Lost,2023-11-05 00:23:37.243448688
OPP-2180,Manufacturing,31926.44,80.0,Won,2023-11-05 06:39:49.437887576
OPP-2181,health-care,70137.99,58.0,Lost,2023-11-05 12:56:01.632326464
OPP-2182,Finance,110580.46,77.0,Lost,2023-11-05 19:12:13.826765352
OPP-2183,Manufacturing,25801.37,69.0,Won,2023-11-06 01:28:26.021204240
OPP-2184,IT_Tech,31670.32,78.0,Lost,2023-11-06 07:44:38.215643128
OPP-2185,Manufacturing,,40.0,Lost,2023-11-06 14:00:50.410082016
OPP-2186,Finance,79998.15,81.0,Lost,2023-11-06 20:17:02.604520904
OPP-2187,IT_Tech,38135.98,60.0,Lost,2023-11-07 02:33:14.798959792
OPP-2188,health-care,94997.27,84.0,Lost,2023-11-07 08:49:26.993398680
OPP-2189,Retail,20372.06,57.0,Lost,2023-11-07 15:05:39.187837568
OPP-2190,IT_Tech,44192.8,64.0,Lost,2023-11-07 21:21:51.382276456
OPP-2191,Finance,96004.59,77.0,Lost,2023-11-08 03:38:03.576715344
OPP-2192,health-care,28301.39,59.0,Lost,2023-11-08 09:54:15.771154232
OPP-2193,Finance,75367.89,72.0,Lost,2023-11-08 16:10:27.965593120
OPP-2194,IT_Tech,46154.69,60.0,Lost,2023-11-08 22:26:40.160032008
OPP-2195,Manufacturing,52285.3,54.0,Won,2023-11-09 04:42:52.354470892
OPP-2196,Manufacturing,25689.17,83.0,Won,2023-11-09 10:59:04.548909780
OPP-2197,Manufacturing,26120.62,55.0,Won,2023-11-09 17:15:16.743348668
OPP-2198,Retail,10026.13,62.0,Won,2023-11-09 23:31:28.937787556
OPP-2199,IT_Tech,47486.79,84.0,Lost,2023-11-10 05:47:41.132226444
OPP-2200,Retail,22402.78,62.0,Won,2023-11-10 12:03:53.326665332
OPP-2201,IT_Tech,29621.92,62.0,Lost,2023-11-10 18:20:05.521104220
OPP-2202,IT_Tech,57181.24,,Won,2023-11-11 00:36:17.715543108
OPP-2203,health-care,78754.28,92.0,Lost,2023-11-11 06:52:29.909981996
OPP-2204,health-care,67875.37,63.0,Won,2023-11-11 13:08:42.104420884
OPP-2205,Retail,12019.77,63.0,Won,2023-11-11 19:24:54.298859772
OPP-2206,Finance,114458.41,60.0,Won,2023-11-12 01:41:06.493298660
OPP-2207,health-care,88907.05,75.0,Won,2023-11-12 07:57:18.687737548
OPP-2208,IT_Tech,113313.4,81.0,Lost,2023-11-12 14:13:30.882176436
OPP-2209,Manufacturing,23715.58,60.0,Won,2023-11-12 20:29:43.076615324
OPP-2210,health-care,99793.77,75.0,Lost,2023-11-13 02:45:55.271054212
OPP-2211,health-care,53235.43,59.0,Lost,2023-11-13 09:02:07.465493100
OPP-2212,IT_Tech,23514.12,71.0,Won,2023-11-13 15:18:19.659931988
OPP-2213,Retail,,79.0,Won,2023-11-13 21:34:31.854370872
OPP-2214,Finance,79412.53,65.0,Won,2023-11-14 03:50:44.048809760
OPP-2215,IT_Tech,156230.35,76.0,Lost,2023-11-14 10:06:56.243248648
OPP-2216,IT_Tech,,78.0,Lost,2023-11-14 16:23:08.437687536
OPP-2217,Finance,37119.32,88.0,Won,2023-11-14 22:39:20.632126424
OPP-2218,Finance,86146.66,61.0,Lost,2023-11-15 04:55:32.826565312
OPP-2219,IT_Tech,12870.33,64.0,Lost,2023-11-15 11:11:45.021004200
OPP-2220,Manufacturing,34683.58,76.0,Won,2023-11-15 17:27:57.215443088
OPP-2221,IT_Tech,36607.65,72.0,Lost,2023-11-15 23:44:09.409881976
OPP-2222,health-care,117801.96,52.0,Lost,2023-11-16 06:00:21.604320864
OPP-2223,Manufacturing,59089.65,82.0,Won,2023-11-16 12:16:33.798759752
OPP-2224,health-care,54060.45,94.0,Won,2023-11-16 18:32:45.993198640
OPP-2225,Finance,66811.57,79.0,Lost,2023-11-17 00:48:58.187637528
OPP-2226,health-care,46181.17,62.0,Lost,2023-11-17 07:05:10.382076416
OPP-2227,IT_Tech,20660.29,63.0,Won,2023-11-17 13:21:22.576515304
OPP-2228,Manufacturing,42401.85,95.0,Lost,2023-11-17 19:37:34.770954192
OPP-2229,health-care,34058.97,83.0,Lost,2023-11-18 01:53:46.965393080
OPP-2230,Manufacturing,29515.96,79.0,Won,2023-11-18 08:09:59.159831968
OPP-2231,IT_Tech,22079.68,74.0,Lost,2023-11-18 14:26:11.354270852
OPP-2232,IT_Tech,47802.9,67.0,Lost,2023-11-18 20:42:23.548709740
OPP-2233,IT_Tech,89385.62,77.0,Won,2023-11-19 02:58:35.743148628
OPP-2234,Finance,33491.51,71.0,Won,2023-11-19 09:14:47.937587516
OPP-2235,health-care,,77.0,Won,2023-11-19 15:31:00.132026404
OPP-2236,Manufacturing,34117.19,91.0,Won,2023-11-19 21:47:12.326465292
OPP-2237,health-care,73822.49,91.0,Lost,2023-11-20 04:03:24.520904180
OPP-2238,Manufacturing,40511.03,57.0,Won,2023-11-20 10:19:36.715343068
OPP-2239,IT_Tech,29051.92,74.0,Lost,2023-11-20 16:35:48.909781956
OPP-2240,Manufacturing,32849.12,81.0,Lost,2023-11-20 22:52:01.104220844
OPP-2241,Retail,16054.67,75.0,Won,2023-11-21 05:08:13.298659732
OPP-2242,Retail,22476.27,62.0,Won,2023-11-21 11:24:25.493098620
OPP-2243,Retail,5026.48,94.0,Won,2023-11-21 17:40:37.687537508
OPP-2244,Retail,11109.22,49.0,Won,2023-11-21 23:56:49.881976396
OPP-2245,Finance,83140.34,66.0,Lost,2023-11-22 06:13:02.076415284
OPP-2246,IT_Tech,22948.59,73.0,Lost,2023-11-22 12:29:14.270854172
OPP-2247,IT_Tech,86299.99,104.0,Lost,2023-11-22 18:45:26.465293060
OPP-2248,Manufacturing,26431.06,61.0,Won,2023-11-23 01:01:38.659731948
OPP-2249,Finance,71340.85,75.0,Lost,2023-11-23 07:17:50.854170832
OPP-2250,Retail,17641.53,81.0,Lost,2023-11-23 13:34:03.048609720
OPP-2251,health-care,51288.87,75.0,Lost,2023-11-23 19:50:15.243048608
OPP-2252,IT_Tech,14424.93,63.0,Won,2023-11-24 02:06:27.437487496
OPP-2253,IT_Tech,29309.67,78.0,Won,2023-11-24 08:22:39.631926384
OPP-2254,Finance,135627.08,85.0,Lost,2023-11-24 14:38:51.826365272
OPP-2255,health-care,59746.32,89.0,Lost,2023-11-24 20:55:04.020804160
OPP-2256,IT_Tech,23784.34,86.0,Lost,2023-11-25 03:11:16.215243048
OPP-2257,health-care,127440.3,85.0,Lost,2023-11-25 09:27:28.409681936
OPP-2258,IT_Tech,30779.76,75.0,Lost,2023-11-25 15:43:40.604120824
OPP-2259,Finance,53847.08,78.0,Lost,2023-11-25 21:59:52.798559712
OPP-2260,IT_Tech,39133.26,79.0,Won,2023-11-26 04:16:04.992998600
OPP-2261,Retail,19641.01,69.0,Lost,2023-11-26 10:32:17.187437488
OPP-2262,health-care,305293.27,88.0,Lost,2023-11-26 16:48:29.381876376
OPP-2263,health-care,120131.43,96.0,Lost,2023-11-26 23:04:41.576315264
OPP-2264,IT_Tech,64855.69,95.0,Lost,2023-11-27 05:20:53.770754152
OPP-2265,IT_Tech,28198.3,53.0,Won,2023-11-27 11:37:05.965193040
OPP-2266,health-care,39516.72,74.0,Lost,2023-11-27 17:53:18.159631928
OPP-2267,health-care,75917.22,70.0,Won,2023-11-28 00:09:30.354070812
OPP-2268,Finance,77987.35,75.0,Lost,2023-11-28 06:25:42.548509700
OPP-2269,IT_Tech,21178.54,74.0,Won,2023-11-28 12:41:54.742948588
OPP-2270,Finance,65829.5,85.0,Lost,2023-11-28 18:58:06.937387476
OPP-2271,Manufacturing,44340.72,73.0,Lost,2023-11-29 01:14:19.131826364
OPP-2272,Retail,15997.64,44.0,Won,2023-11-29 07:30:31.326265252
OPP-2273,IT_Tech,,63.0,Lost,2023-11-29 13:46:43.520704140
OPP-2274,health-care,87079.68,90.0,Lost,2023-11-29 20:02:55.715143028
OPP-2275,IT_Tech,28183.6,38.0,Lost,2023-11-30 02:19:07.909581916
OPP-2276,IT_Tech,28086.65,85.0,Won,2023-11-30 08:35:20.104020804
OPP-2277,Manufacturing,19940.82,75.0,Lost,2023-11-30 14:51:32.298459692
OPP-2278,IT_Tech,88644.35,95.0,Lost,2023-11-30 21:07:44.492898580
OPP-2279,health-care,73723.01,76.0,Lost,2023-12-01 03:23:56.687337468
OPP-2280,Finance,63900.86,52.0,Lost,2023-12-01 09:40:08.881776356
OPP-2281,Retail,8396.78,68.0,Lost,2023-12-01 15:56:21.076215244
OPP-2282,Finance,425659.39,106.0,Lost,2023-12-01 22:12:33.270654132
OPP-2283,IT_Tech,21233.51,80.0,Won,2023-12-02 04:28:45.465093020
OPP-2284,health-care,56539.3,68.0,Lost,2023-12-02 10:44:57.659531908
OPP-2285,Finance,93854.6,81.0,Won,2023-12-02 17:01:09.853970792
OPP-2286,IT_Tech,49026.02,69.0,Won,2023-12-02 23:17:22.048409680
OPP-2287,health-care,129931.05,72.0,Lost,2023-12-03 05:33:34.242848568
OPP-2288,IT_Tech,89662.17,91.0,Lost,2023-12-03 11:49:46.437287456
OPP-2289,IT_Tech,46773.82,60.0,Lost,2023-12-03 18:05:58.631726344
OPP-2290,health-care,38807.99,63.0,Won,2023-12-04 00:22:10.826165232
OPP-2291,IT_Tech,31937.22,59.0,Lost,2023-12-04 06:38:23.020604120
OPP-2292,Finance,87965.45,61.0,Lost,2023-12-04 12:54:35.215043008
OPP-2293,Finance,252947.09,88.0,Lost,2023-12-04 19:10:47.409481896
OPP-2294,Retail,6641.53,75.0,Lost,2023-12-05 01:26:59.603920784
OPP-2295,IT_Tech,66256.46,75.0,Won,2023-12-05 07:43:11.798359672
OPP-2296,IT_Tech,39733.79,56.0,Lost,2023-12-05 13:59:23.992798560
OPP-2297,IT_Tech,55210.88,86.0,Lost,2023-12-05 20:15:36.187237448
OPP-2298,Finance,68789.28,98.0,Won,2023-12-06 02:31:48.381676336
OPP-2299,Retail,8767.3,55.0,Lost,2023-12-06 08:48:00.576115224
OPP-2300,IT_Tech,52861.81,70.0,Lost,2023-12-06 15:04:12.770554112
OPP-2301,Manufacturing,50373.25,81.0,Lost,2023-12-06 21:20:24.964993000
OPP-2302,IT_Tech,59043.43,96.0,Lost,2023-12-07 03:36:37.159431888
OPP-2303,Finance,72548.98,72.0,Lost,2023-12-07 09:52:49.353870772
OPP-2304,Retail,9898.01,48.0,Won,2023-12-07 16:09:01.548309660
OPP-2305,Manufacturing,16657.34,75.0,Won,2023-12-07 22:25:13.742748548
OPP-2306,Retail,20124.37,78.0,Won,2023-12-08 04:41:25.937187436
OPP-2307,Retail,16513.69,68.0,Won,2023-12-08 10:57:38.131626324
OPP-2308,health-care,40967.34,67.0,Won,2023-12-08 17:13:50.326065212
OPP-2309,Retail,10205.82,76.0,Won,2023-12-08 23:30:02.520504100
OPP-2310,IT_Tech,28756.54,78.0,Won,2023-12-09 05:46:14.714942988
OPP-2311,Manufacturing,17300.8,59.0,Won,2023-12-09 12:02:26.909381876
OPP-2312,Finance,44774.34,75.0,Lost,2023-12-09 18:18:39.103820764
OPP-2313,Retail,7578.61,46.0,Won,2023-12-10 00:34:51.298259652
OPP-2314,health-care,57097.33,84.0,Lost,2023-12-10 06:51:03.492698540
OPP-2315,Finance,46947.32,72.0,Won,2023-12-10 13:07:15.687137428
OPP-2316,Finance,27551.08,66.0,Lost,2023-12-10 19:23:27.881576316
OPP-2317,Retail,36728.02,73.0,Lost,2023-12-11 01:39:40.076015204
OPP-2318,IT_Tech,67932.54,78.0,Lost,2023-12-11 07:55:52.270454092
OPP-2319,IT_Tech,24599.72,81.0,Lost,2023-12-11 14:12:04.464892980
OPP-2320,IT_Tech,41614.78,81.0,Lost,2023-12-11 20:28:16.659331868
OPP-2321,IT_Tech,44744.89,73.0,Lost,2023-12-12 02:44:28.853770752
OPP-2322,Manufacturing,65876.89,86.0,Won,2023-12-12 09:00:41.048209640
OPP-2323,IT_Tech,24117.61,75.0,Won,2023-12-12 15:16:53.242648528
OPP-2324,Manufacturing,62696.03,72.0,Lost,2023-12-12 21:33:05.437087416
OPP-2325,health-care,52641.33,74.0,Lost,2023-12-13 03:49:17.631526304
OPP-2326,IT_Tech,18621.44,67.0,Won,2023-12-13 10:05:29.825965192
OPP-2327,Retail,19188.54,75.0,Won,2023-12-13 16:21:42.020404080
OPP-2328,Finance,158649.88,79.0,Lost,2023-12-13 22:37:54.214842968
OPP-2329,health-care,345499.12,84.0,Lost,2023-12-14 04:54:06.409281856
OPP-2330,Finance,35602.28,96.0,Lost,2023-12-14 11:10:18.603720744
OPP-2331,Retail,18948.12,80.0,Won,2023-12-14 17:26:30.798159632
OPP-2332,IT_Tech,29587.27,62.0,Won,2023-12-14 23:42:42.992598520
OPP-2333,Manufacturing,53727.45,,Won,2023-12-15 05:58:55.187037408
OPP-2334,Manufacturing,17409.22,69.0,Won,2023-12-15 12:15:07.381476296
OPP-2335,Finance,34280.71,77.0,Won,2023-12-15 18:31:19.575915184
OPP-2336,IT_Tech,24638.43,72.0,Lost,2023-12-16 00:47:31.770354072
OPP-2337,Finance,76678.64,93.0,Lost,2023-12-16 07:03:43.964792960
OPP-2338,IT_Tech,26356.21,75.0,Lost,2023-12-16 13:19:56.159231848
OPP-2339,IT_Tech,50489.83,75.0,Won,2023-12-16 19:36:08.353670732
OPP-2340,IT_Tech,60684.73,89.0,Won,2023-12-17 01:52:20.548109620
OPP-2341,health-care,104793.45,83.0,Lost,2023-12-17 08:08:32.742548508
OPP-2342,Manufacturing,81584.44,80.0,Lost,2023-12-17 14:24:44.936987396
OPP-2343,Retail,16447.25,71.0,Lost,2023-12-17 20:40:57.131426284
OPP-2344,Retail,7270.29,61.0,Won,2023-12-18 02:57:09.325865172
OPP-2345,health-care,165715.2,84.0,Lost,2023-12-18 09:13:21.520304060
OPP-2346,health-care,50863.77,68.0,Won,2023-12-18 15:29:33.714742948
OPP-2347,health-care,126279.26,73.0,Lost,2023-12-18 21:45:45.909181836
OPP-2348,Manufacturing,79767.16,67.0,Lost,2023-12-19 04:01:58.103620724
OPP-2349,IT_Tech,45631.06,58.0,Won,2023-12-19 10:18:10.298059612
OPP-2350,Manufacturing,17187.21,57.0,Lost,2023-12-19 16:34:22.492498500
OPP-2351,Finance,42153.49,72.0,Lost,2023-12-19 22:50:34.686937388
OPP-2352,health-care,161724.04,85.0,Lost,2023-12-20 05:06:46.881376276
OPP-2353,Retail,12276.46,62.0,Won,2023-12-20 11:22:59.075815164
OPP-2354,health-care,76706.68,50.0,Lost,2023-12-20 17:39:11.270254052
OPP-2355,Manufacturing,,95.0,Lost,2023-12-20 23:55:23.464692940
OPP-2356,Manufacturing,51439.49,88.0,Won,2023-12-21 06:11:35.659131828
OPP-2357,health-care,86446.4,84.0,Won,2023-12-21 12:27:47.853570712
OPP-2358,IT_Tech,32717.51,95.0,Won,2023-12-21 18:44:00.048009600
OPP-2359,Finance,60621.14,65.0,Won,2023-12-22 01:00:12.242448488
OPP-2360,Manufacturing,55767.66,99.0,Won,2023-12-22 07:16:24.436887376
OPP-2361,IT_Tech,47895.88,63.0,Won,2023-12-22 13:32:36.631326264
OPP-2362,Finance,62668.86,80.0,Lost,2023-12-22 19:48:48.825765152
OPP-2363,Finance,139981.76,67.0,Lost,2023-12-23 02:05:01.020204040
OPP-2364,Retail,12525.01,66.0,Won,2023-12-23 08:21:13.214642928
OPP-2365,IT_Tech,23722.25,75.0,Lost,2023-12-23 14:37:25.409081816
OPP-2366,Retail,9140.9,61.0,Won,2023-12-23 20:53:37.603520704
OPP-2367,Manufacturing,22261.85,,Lost,2023-12-24 03:09:49.797959592
OPP-2368,IT_Tech,31691.22,73.0,Won,2023-12-24 09:26:01.992398480
OPP-2369,IT_Tech,67296.41,71.0,Lost,2023-12-24 15:42:14.186837368
OPP-2370,Manufacturing,24281.07,63.0,Won,2023-12-24 21:58:26.381276256
OPP-2371,IT_Tech,39904.24,83.0,Lost,2023-12-25 04:14:38.575715144
OPP-2372,Manufacturing,26151.33,63.0,Won,2023-12-25 10:30:50.770154032
OPP-2373,health-care,62555.82,88.0,Won,2023-12-25 16:47:02.964592920
OPP-2374,IT_Tech,17068.32,82.0,Lost,2023-12-25 23:03:15.159031808
OPP-2375,Manufacturing,32523.91,52.0,Won,2023-12-26 05:19:27.353470692
OPP-2376,health-care,65106.31,91.0,Lost,2023-12-26 11:35:39.547909580
OPP-2377,Finance,101131.08,105.0,Lost,2023-12-26 17:51:51.742348468
OPP-2378,health-care,83614.19,82.0,Lost,2023-12-27 00:08:03.936787356
OPP-2379,Finance,35630.76,80.0,Won,2023-12-27 06:24:16.131226244
OPP-2380,IT_Tech,62448.6,89.0,Lost,2023-12-27 12:40:28.325665132
OPP-2381,health-care,82965.64,75.0,Lost,2023-12-27 18:56:40.520104020
OPP-2382,Manufacturing,40102.61,76.0,Lost,2023-12-28 01:12:52.714542908
OPP-2383,IT_Tech,36149.15,57.0,Won,2023-12-28 07:29:04.908981796
OPP-2384,Finance,53602.21,77.0,Lost,2023-12-28 13:45:17.103420684
OPP-2385,health-care,83339.79,85.0,Lost,2023-12-28 20:01:29.297859572
OPP-2386,Retail,16946.12,74.0,Won,2023-12-29 02:17:41.492298460
OPP-2387,IT_Tech,15162.07,80.0,Won,2023-12-29 08:33:53.686737348
OPP-2388,Manufacturing,27739.69,62.0,Won,2023-12-29 14:50:05.881176236
OPP-2389,health-care,62757.4,70.0,Won,2023-12-29 21:06:18.075615124
OPP-2390,IT_Tech,41278.01,97.0,Won,2023-12-30 03:22:30.270054012
OPP-2391,IT_Tech,65950.22,75.0,Lost,2023-12-30 09:38:42.464492900
OPP-2392,IT_Tech,24689.41,73.0,Won,2023-12-30 15:54:54.658931788
OPP-2393,Finance,54242.66,75.0,Won,2023-12-30 22:11:06.853370672
OPP-2394,health-care,53770.46,66.0,Won,2023-12-31 04:27:19.047809560
OPP-2395,Retail,8948.46,83.0,Won,2023-12-31 10:43:31.242248448
OPP-2396,health-care,59378.54,70.0,Lost,2023-12-31 16:59:43.436687336
OPP-2397,IT_Tech,53391.19,62.0,Lost,2023-12-31 23:15:55.631126224
OPP-2398,Finance,38859.14,68.0,Won,2024-01-01 05:32:07.825565112
OPP-2399,Retail,16546.12,43.0,Lost,2024-01-01 11:48:20.020004000
OPP-2400,IT_Tech,15507.03,59.0,Won,2024-01-01 18:04:32.214442888
OPP-2401,IT_Tech,27428.31,59.0,Won,2024-01-02 00:20:44.408881776
OPP-2402,IT_Tech,30799.55,79.0,Won,2024-01-02 06:36:56.603320664
OPP-2403,Retail,30866.6,64.0,Lost,2024-01-02 12:53:08.797759552
OPP-2404,Finance,62014.2,87.0,Lost,2024-01-02 19:09:20.992198440
OPP-2405,health-care,19521.15,85.0,Lost,2024-01-03 01:25:33.186637328
OPP-2406,Retail,4917.5,68.0,Lost,2024-01-03 07:41:45.381076216
OPP-2407,Retail,13588.98,64.0,Won,2024-01-03 13:57:57.575515104
OPP-2408,Finance,105689.68,82.0,Won,2024-01-03 20:14:09.769953992
OPP-2409,Manufacturing,43814.84,56.0,Won,2024-01-04 02:30:21.964392880
OPP-2410,IT_Tech,39489.3,72.0,Won,2024-01-04 08:46:34.158831768
OPP-2411,IT_Tech,64934.2,67.0,Won,2024-01-04 15:02:46.353270652
OPP-2412,IT_Tech,,79.0,Won,2024-01-04 21:18:58.547709540
OPP-2413,IT_Tech,56809.3,107.0,Won,2024-01-05 03:35:10.742148428
OPP-2414,Finance,27468.39,77.0,Won,2024-01-05 09:51:22.936587316
OPP-2415,Manufacturing,23098.57,46.0,Won,2024-01-05 16:07:35.131026204
OPP-2416,IT_Tech,14712.89,62.0,Won,2024-01-05 22:23:47.325465092
OPP-2417,IT_Tech,31652.66,74.0,Won,2024-01-06 04:39:59.519903980
OPP-2418,health-care,71128.49,79.0,Lost,2024-01-06 10:56:11.714342868
OPP-2419,Manufacturing,38447.57,65.0,Lost,2024-01-06 17:12:23.908781756
OPP-2420,health-care,75896.82,,Lost,2024-01-06 23:28:36.103220644
OPP-2421,Finance,41917.89,59.0,Won,2024-01-07 05:44:48.297659532
OPP-2422,IT_Tech,33020.36,61.0,Won,2024-01-07 12:01:00.492098420
OPP-2423,IT_Tech,17176.14,76.0,Lost,2024-01-07 18:17:12.686537308
OPP-2424,Manufacturing,71798.19,66.0,Lost,2024-01-08 00:33:24.880976196
OPP-2425,Manufacturing,31200.42,78.0,Lost,2024-01-08 06:49:37.075415084
OPP-2426,IT_Tech,28440.14,55.0,Won,2024-01-08 13:05:49.269853972
OPP-2427,Manufacturing,80375.94,100.0,Lost,2024-01-08 19:22:01.464292860
OPP-2428,Finance,34705.45,,Lost,2024-01-09 01:38:13.658731748
OPP-2429,Manufacturing,20685.88,66.0,Won,2024-01-09 07:54:25.853170632
OPP-2430,health-care,37883.38,77.0,Won,2024-01-09 14:10:38.047609520
OPP-2431,Finance,70212.19,71.0,Lost,2024-01-09 20:26:50.242048408
OPP-2432,health-care,94748.28,81.0,Lost,2024-01-10 02:43:02.436487296
OPP-2433,Finance,113983.08,88.0,Lost,2024-01-10 08:59:14.630926184
OPP-2434,IT_Tech,131399.51,94.0,Won,2024-01-10 15:15:26.825365072
OPP-2435,IT_Tech,11793.26,75.0,Lost,2024-01-10 21:31:39.019803960
OPP-2436,health-care,105370.85,78.0,Lost,2024-01-11 03:47:51.214242848
OPP-2437,Retail,10111.56,62.0,Won,2024-01-11 10:04:03.408681736
OPP-2438,IT_Tech,27086.55,99.0,Won,2024-01-11 16:20:15.603120624
OPP-2439,Finance,50419.67,87.0,Won,2024-01-11 22:36:27.797559512
OPP-2440,Manufacturing,23054.47,,Lost,2024-01-12 04:52:39.991998400
OPP-2441,IT_Tech,,80.0,Lost,2024-01-12 11:08:52.186437288
OPP-2442,Finance,121221.94,77.0,Lost,2024-01-12 17:25:04.380876176
OPP-2443,health-care,74155.36,76.0,Lost,2024-01-12 23:41:16.575315064
OPP-2444,Manufacturing,71361.08,63.0,Lost,2024-01-13 05:57:28.769753952
OPP-2445,IT_Tech,17047.1,63.0,Won,2024-01-13 12:13:40.964192840
OPP-2446,Finance,32911.48,94.0,Lost,2024-01-13 18:29:53.158631728
OPP-2447,Retail,4496.33,65.0,Won,2024-01-14 00:46:05.353070612
OPP-2448,Manufacturing,25598.59,41.0,Won,2024-01-14 07:02:17.547509500
OPP-2449,Finance,80581.08,93.0,Lost,2024-01-14 13:18:29.741948388
OPP-2450,health-care,77785.88,91.0,Lost,2024-01-14 19:34:41.936387276
OPP-2451,Finance,79985.86,74.0,Won,2024-01-15 01:50:54.130826164
OPP-2452,Manufacturing,17934.32,77.0,Lost,2024-01-15 08:07:06.325265052
OPP-2453,Finance,,71.0,Lost,2024-01-15 14:23:18.519703940
OPP-2454,IT_Tech,40937.99,68.0,Won,2024-01-15 20:39:30.714142828
OPP-2455,Manufacturing,52392.94,94.0,Won,2024-01-16 02:55:42.908581716
OPP-2456,Finance,23490.3,67.0,Won,2024-01-16 09:11:55.103020604
OPP-2457,Finance,88158.76,57.0,Lost,2024-01-16 15:28:07.297459492
OPP-2458,IT_Tech,20052.67,68.0,Won,2024-01-16 21:44:19.491898380
OPP-2459,Finance,57618.91,75.0,Lost,2024-01-17 04:00:31.686337268
OPP-2460,health-care,100772.31,95.0,Lost,2024-01-17 10:16:43.880776156
OPP-2461,Finance,77238.72,78.0,Won,2024-01-17 16:32:56.075215044
OPP-2462,IT_Tech,23723.7,65.0,Won,2024-01-17 22:49:08.269653932
OPP-2463,Finance,73406.22,90.0,Lost,2024-01-18 05:05:20.464092820
OPP-2464,Manufacturing,16885.87,69.0,Won,2024-01-18 11:21:32.658531708
OPP-2465,IT_Tech,64546.02,68.0,Won,2024-01-18 17:37:44.852970592
OPP-2466,Manufacturing,32772.92,86.0,Won,2024-01-18 23:53:57.047409480
OPP-2467,health-care,143075.82,85.0,Lost,2024-01-19 06:10:09.241848368
OPP-2468,Manufacturing,27909.83,71.0,Lost,2024-01-19 12:26:21.436287256
OPP-2469,Retail,10282.64,66.0,Won,2024-01-19 18:42:33.630726144
OPP-2470,Finance,46234.79,62.0,Lost,2024-01-20 00:58:45.825165032
OPP-2471,Retail,20704.1,,Won,2024-01-20 07:14:58.019603920
OPP-2472,Manufacturing,25470.71,71.0,Lost,2024-01-20 13:31:10.214042808
OPP-2473,health-care,107662.57,78.0,Lost,2024-01-20 19:47:22.408481696
OPP-2474,health-care,58135.31,92.0,Won,2024-01-21 02:03:34.602920584
OPP-2475,Finance,22346.43,72.0,Won,2024-01-21 08:19:46.797359472
OPP-2476,Retail,10045.13,74.0,Won,2024-01-21 14:35:58.991798360
OPP-2477,Retail,7408.96,62.0,Won,2024-01-21 20:52:11.186237248
OPP-2478,Retail,13588.12,79.0,Won,2024-01-22 03:08:23.380676136
OPP-2479,health-care,35801.87,78.0,Lost,2024-01-22 09:24:35.575115024
OPP-2480,Retail,21226.12,69.0,Won,2024-01-22 15:40:47.769553912
OPP-2481,IT_Tech,34698.86,73.0,Won,2024-01-22 21:56:59.963992800
OPP-2482,Finance,65738.66,66.0,Lost,2024-01-23 04:13:12.158431688
OPP-2483,IT_Tech,50410.06,81.0,Lost,2024-01-23 10:29:24.352870572
OPP-2484,health-care,130397.68,81.0,Lost,2024-01-23 16:45:36.547309460
OPP-2485,health-care,72253.84,72.0,Lost,2024-01-23 23:01:48.741748348
OPP-2486,health-care,46040.64,88.0,Lost,2024-01-24 05:18:00.936187236
OPP-2487,Finance,25225.69,55.0,Won,2024-01-24 11:34:13.130626124
OPP-2488,health-care,48454.0,70.0,Won,2024-01-24 17:50:25.325065012
OPP-2489,health-care,50497.17,88.0,Won,2024-01-25 00:06:37.519503900
OPP-2490,IT_Tech,38312.39,77.0,Won,2024-01-25 06:22:49.713942788
OPP-2491,health-care,59451.25,76.0,Lost,2024-01-25 12:39:01.908381676
OPP-2492,IT_Tech,51224.16,78.0,Won,2024-01-25 18:55:14.102820564
OPP-2493,IT_Tech,26729.11,73.0,Lost,2024-01-26 01:11:26.297259452
OPP-2494,Finance,70669.92,59.0,Lost,2024-01-26 07:27:38.491698340
OPP-2495,Finance,148805.07,79.0,Lost,2024-01-26 13:43:50.686137228
OPP-2496,Finance,89777.99,99.0,Won,2024-01-26 20:00:02.880576116
OPP-2497,health-care,70542.98,70.0,Won,2024-01-27 02:16:15.075015004
OPP-2498,health-care,50961.89,72.0,Lost,2024-01-27 08:32:27.269453892
OPP-2499,Manufacturing,26459.86,64.0,Won,2024-01-27 14:48:39.463892780
OPP-2500,Finance,43898.35,73.0,Won,2024-01-27 21:04:51.658331668
OPP-2501,health-care,52859.67,69.0,Won,2024-01-28 03:21:03.852770552
OPP-2502,IT_Tech,52988.64,81.0,Won,2024-01-28 09:37:16.047209440
OPP-2503,health-care,64014.64,79.0,Won,2024-01-28 15:53:28.241648328
OPP-2504,health-care,32537.1,82.0,Lost,2024-01-28 22:09:40.436087216
OPP-2505,health-care,211271.98,73.0,Lost,2024-01-29 04:25:52.630526104
OPP-2506,Finance,88608.15,75.0,Lost,2024-01-29 10:42:04.824964992
OPP-2507,Finance,31439.93,69.0,Won,2024-01-29 16:58:17.019403880
OPP-2508,Finance,56099.97,82.0,Lost,2024-01-29 23:14:29.213842768
OPP-2509,Retail,14121.35,57.0,Lost,2024-01-30 05:30:41.408281656
OPP-2510,Retail,31328.89,83.0,Won,2024-01-30 11:46:53.602720544
OPP-2511,Retail,7676.69,76.0,Won,2024-01-30 18:03:05.797159432
OPP-2512,Manufacturing,,65.0,Won,2024-01-31 00:19:17.991598320
OPP-2513,IT_Tech,,72.0,Lost,2024-01-31 06:35:30.186037208
OPP-2514,IT_Tech,26520.49,64.0,Lost,2024-01-31 12:51:42.380476096
OPP-2515,IT_Tech,31610.45,104.0,Lost,2024-01-31 19:07:54.574914984
OPP-2516,Finance,39269.93,68.0,Won,2024-02-01 01:24:06.769353872
OPP-2517,Manufacturing,32802.81,92.0,Won,2024-02-01 07:40:18.963792760
OPP-2518,IT_Tech,,58.0,Won,2024-02-01 13:56:31.158231648
OPP-2519,Manufacturing,50504.87,63.0,Won,2024-02-01 20:12:43.352670532
OPP-2520,IT_Tech,62635.77,69.0,Lost,2024-02-02 02:28:55.547109420
OPP-2521,Manufacturing,24983.03,60.0,Won,2024-02-02 08:45:07.741548308
OPP-2522,health-care,22462.55,66.0,Lost,2024-02-02 15:01:19.935987196
OPP-2523,IT_Tech,35931.79,64.0,Won,2024-02-02 21:17:32.130426084
OPP-2524,health-care,,69.0,Lost,2024-02-03 03:33:44.324864972
OPP-2525,IT_Tech,41138.88,88.0,Won,2024-02-03 09:49:56.519303860
OPP-2526,IT_Tech,30842.95,87.0,Lost,2024-02-03 16:06:08.713742748
OPP-2527,health-care,78814.42,90.0,Lost,2024-02-03 22:22:20.908181636
OPP-2528,Retail,28501.8,78.0,Lost,2024-02-04 04:38:33.102620524
OPP-2529,Finance,91953.7,81.0,Lost,2024-02-04 10:54:45.297059412
OPP-2530,health-care,58453.04,70.0,Lost,2024-02-04 17:10:57.491498300
OPP-2531,Finance,54169.93,64.0,Lost,2024-02-04 23:27:09.685937188
OPP-2532,Retail,12271.98,70.0,Won,2024-02-05 05:43:21.880376076
OPP-2533,IT_Tech,82320.05,65.0,Lost,2024-02-05 11:59:34.074814964
OPP-2534,health-care,65514.03,65.0,Lost,2024-02-05 18:15:46.269253852
OPP-2535,IT_Tech,35957.85,87.0,Lost,2024-02-06 00:31:58.463692740
OPP-2536,IT_Tech,28533.76,94.0,Won,2024-02-06 06:48:10.658131624
OPP-2537,Finance,141405.94,87.0,Lost,2024-02-06 13:04:22.852570512
OPP-2538,IT_Tech,96753.19,93.0,Lost,2024-02-06 19:20:35.047009400
OPP-2539,Finance,95833.52,77.0,Lost,2024-02-07 01:36:47.241448288
OPP-2540,Retail,13924.24,50.0,Won,2024-02-07 07:52:59.435887176
OPP-2541,IT_Tech,36989.58,80.0,Won,2024-02-07 14:09:11.630326064
OPP-2542,Finance,17490.55,75.0,Won,2024-02-07 20:25:23.824764952
OPP-2543,IT_Tech,52710.79,76.0,Won,2024-02-08 02:41:36.019203840
OPP-2544,Manufacturing,38835.23,71.0,Won,2024-02-08 08:57:48.213642728
OPP-2545,health-care,94561.46,91.0,Lost,2024-02-08 15:14:00.408081616
OPP-2546,Retail,,52.0,Lost,2024-02-08 21:30:12.602520504
OPP-2547,Finance,58065.44,67.0,Won,2024-02-09 03:46:24.796959392
OPP-2548,IT_Tech,,,Won,2024-02-09 10:02:36.991398280
OPP-2549,Finance,134992.4,83.0,Lost,2024-02-09 16:18:49.185837168
OPP-2550,Manufacturing,30050.06,59.0,Lost,2024-02-09 22:35:01.380276056
OPP-2551,Finance,255147.27,78.0,Lost,2024-02-10 04:51:13.574714944
OPP-2552,Retail,16571.36,59.0,Won,2024-02-10 11:07:25.769153832
OPP-2553,Manufacturing,19190.27,65.0,Lost,2024-02-10 17:23:37.963592720
OPP-2554,IT_Tech,,,Won,2024-02-10 23:39:50.158031604
OPP-2555,IT_Tech,26216.98,72.0,Lost,2024-02-11 05:56:02.352470492
OPP-2556,Finance,19601.68,84.0,Won,2024-02-11 12:12:14.546909380
OPP-2557,health-care,190933.9,86.0,Lost,2024-02-11 18:28:26.741348268
OPP-2558,Retail,18988.17,87.0,Won,2024-02-12 00:44:38.935787156
OPP-2559,Manufacturing,47410.72,91.0,Won,2024-02-12 07:00:51.130226044
OPP-2560,health-care,80760.41,88.0,Lost,2024-02-12 13:17:03.324664932
OPP-2561,IT_Tech,18196.62,69.0,Won,2024-02-12 19:33:15.519103820
OPP-2562,Retail,10490.14,65.0,Won,2024-02-13 01:49:27.713542708
OPP-2563,IT_Tech,55320.03,85.0,Won,2024-02-13 08:05:39.907981596
OPP-2564,Retail,7898.2,58.0,Won,2024-02-13 14:21:52.102420484
OPP-2565,health-care,16009.51,45.0,Lost,2024-02-13 20:38:04.296859372
OPP-2566,Finance,63814.54,83.0,Lost,2024-02-14 02:54:16.491298260
OPP-2567,IT_Tech,33830.61,59.0,Lost,2024-02-14 09:10:28.685737148
OPP-2568,Finance,79327.33,67.0,Lost,2024-02-14 15:26:40.880176036
OPP-2569,health-care,113222.61,81.0,Lost,2024-02-14 21:42:53.074614924
OPP-2570,Finance,107212.0,79.0,Lost,2024-02-15 03:59:05.269053812
OPP-2571,IT_Tech,41331.69,57.0,Won,2024-02-15 10:15:17.463492700
OPP-2572,Retail,24288.68,72.0,Won,2024-02-15 16:31:29.657931584
OPP-2573,Manufacturing,,79.0,Lost,2024-02-15 22:47:41.852370472
OPP-2574,IT_Tech,46736.98,61.0,Won,2024-02-16 05:03:54.046809360
OPP-2575,IT_Tech,49675.6,,Won,2024-02-16 11:20:06.241248248
OPP-2576,IT_Tech,19540.0,,Won,2024-02-16 17:36:18.435687136
OPP-2577,Finance,29681.45,97.0,Won,2024-02-16 23:52:30.630126024
OPP-2578,Finance,46743.7,70.0,Lost,2024-02-17 06:08:42.824564912
OPP-2579,Finance,49171.78,77.0,Lost,2024-02-17 12:24:55.019003800
OPP-2580,IT_Tech,52929.16,53.0,Lost,2024-02-17 18:41:07.213442688
OPP-2581,health-care,50578.24,75.0,Won,2024-02-18 00:57:19.407881576
OPP-2582,Finance,43747.55,77.0,Lost,2024-02-18 07:13:31.602320464
OPP-2583,health-care,50666.48,,Lost,2024-02-18 13:29:43.796759352
OPP-2584,Manufacturing,63533.09,70.0,Lost,2024-02-18 19:45:55.991198240
OPP-2585,IT_Tech,36553.11,62.0,Won,2024-02-19 02:02:08.185637128
OPP-2586,Finance,,91.0,Lost,2024-02-19 08:18:20.380076016
OPP-2587,health-care,68459.44,78.0,Lost,2024-02-19 14:34:32.574514904
OPP-2588,health-care,158773.86,102.0,Lost,2024-02-19 20:50:44.768953792
OPP-2589,Retail,9185.8,57.0,Lost,2024-02-20 03:06:56.963392680
OPP-2590,Finance,161023.4,78.0,Lost,2024-02-20 09:23:09.157831564
OPP-2591,Manufacturing,40346.02,84.0,Won,2024-02-20 15:39:21.352270452
OPP-2592,IT_Tech,33516.41,53.0,Lost,2024-02-20 21:55:33.546709340
OPP-2593,IT_Tech,126810.64,67.0,Lost,2024-02-21 04:11:45.741148228
OPP-2594,Retail,7880.76,75.0,Lost,2024-02-21 10:27:57.935587116
OPP-2595,Finance,59147.44,62.0,Lost,2024-02-21 16:44:10.130026004
OPP-2596,IT_Tech,19609.79,47.0,Won,2024-02-21 23:00:22.324464892
OPP-2597,IT_Tech,58467.77,99.0,Lost,2024-02-22 05:16:34.518903784
OPP-2598,IT_Tech,84507.41,62.0,Won,2024-02-22 11:32:46.713342672
OPP-2599,Manufacturing,83697.25,81.0,Lost,2024-02-22 17:48:58.907781552
OPP-2600,IT_Tech,,78.0,Lost,2024-02-23 00:05:11.102220440
OPP-2601,health-care,64953.55,43.0,Won,2024-02-23 06:21:23.296659328
OPP-2602,IT_Tech,30253.87,69.0,Won,2024-02-23 12:37:35.491098216
OPP-2603,health-care,26830.6,76.0,Won,2024-02-23 18:53:47.685537104
OPP-2604,IT_Tech,100502.39,84.0,Lost,2024-02-24 01:09:59.879975992
OPP-2605,Finance,96895.35,91.0,Lost,2024-02-24 07:26:12.074414880
OPP-2606,IT_Tech,28396.51,67.0,Won,2024-02-24 13:42:24.268853768
OPP-2607,Retail,25952.64,79.0,Won,2024-02-24 19:58:36.463292656
OPP-2608,IT_Tech,22328.47,61.0,Lost,2024-02-25 02:14:48.657731544
OPP-2609,Finance,93337.13,63.0,Lost,2024-02-25 08:31:00.852170432
OPP-2610,Manufacturing,33312.42,57.0,Won,2024-02-25 14:47:13.046609320
OPP-2611,Finance,107280.94,63.0,Lost,2024-02-25 21:03:25.241048208
OPP-2612,Finance,70393.48,90.0,Lost,2024-02-26 03:19:37.435487096
OPP-2613,health-care,30621.06,54.0,Lost,2024-02-26 09:35:49.629925984
OPP-2614,health-care,76522.94,82.0,Lost,2024-02-26 15:52:01.824364872
OPP-2615,Finance,137216.94,79.0,Lost,2024-02-26 22:08:14.018803760
OPP-2616,Manufacturing,35788.85,72.0,Won,2024-02-27 04:24:26.213242648
OPP-2617,Finance,116432.74,98.0,Lost,2024-02-27 10:40:38.407681536
OPP-2618,Finance,39053.29,68.0,Won,2024-02-27 16:56:50.602120424
OPP-2619,Retail,13185.45,73.0,Won,2024-02-27 23:13:02.796559312
OPP-2620,health-care,50276.53,76.0,Lost,2024-02-28 05:29:14.990998200
OPP-2621,IT_Tech,,74.0,Lost,2024-02-28 11:45:27.185437088
OPP-2622,Finance,74525.37,106.0,Won,2024-02-28 18:01:39.379875976
OPP-2623,Manufacturing,51279.01,58.0,Won,2024-02-29 00:17:51.574314864
OPP-2624,IT_Tech,62558.36,92.0,Lost,2024-02-29 06:34:03.768753752
OPP-2625,Finance,110743.41,89.0,Lost,2024-02-29 12:50:15.963192640
OPP-2626,IT_Tech,,68.0,Lost,2024-02-29 19:06:28.157631528
OPP-2627,Finance,40177.91,93.0,Lost,2024-03-01 01:22:40.352070416
OPP-2628,IT_Tech,36264.95,51.0,Lost,2024-03-01 07:38:52.546509304
OPP-2629,health-care,53111.34,69.0,Lost,2024-03-01 13:55:04.740948192
OPP-2630,Retail,11248.25,50.0,Won,2024-03-01 20:11:16.935387080
OPP-2631,health-care,58412.17,81.0,Won,2024-03-02 02:27:29.129825968
OPP-2632,Finance,40621.17,60.0,Lost,2024-03-02 08:43:41.324264856
OPP-2633,Retail,5020.73,64.0,Won,2024-03-02 14:59:53.518703744
OPP-2634,Manufacturing,26001.99,68.0,Lost,2024-03-02 21:16:05.713142632
OPP-2635,IT_Tech,40002.2,,Lost,2024-03-03 03:32:17.907581512
OPP-2636,health-care,32568.27,77.0,Lost,2024-03-03 09:48:30.102020400
OPP-2637,IT_Tech,36601.38,70.0,Lost,2024-03-03 16:04:42.296459288
OPP-2638,Manufacturing,93913.95,67.0,Lost,2024-03-03 22:20:54.490898176
OPP-2639,Manufacturing,60568.38,110.0,Won,2024-03-04 04:37:06.685337064
OPP-2640,Finance,196049.98,79.0,Lost,2024-03-04 10:53:18.879775952
OPP-2641,Retail,16245.38,41.0,Won,2024-03-04 17:09:31.074214840
OPP-2642,Finance,,73.0,Lost,2024-03-04 23:25:43.268653728
OPP-2643,Finance,47364.16,60.0,Lost,2024-03-05 05:41:55.463092616
OPP-2644,IT_Tech,26313.3,81.0,Lost,2024-03-05 11:58:07.657531504
OPP-2645,Retail,3396.26,60.0,Won,2024-03-05 18:14:19.851970392
OPP-2646,IT_Tech,65714.36,82.0,Lost,2024-03-06 00:30:32.046409280
OPP-2647,Retail,28858.56,67.0,Won,2024-03-06 06:46:44.240848168
OPP-2648,Retail,10131.57,61.0,Won,2024-03-06 13:02:56.435287056
OPP-2649,Retail,11766.65,61.0,Won,2024-03-06 19:19:08.629725944
OPP-2650,IT_Tech,24911.1,69.0,Won,2024-03-07 01:35:20.824164832
OPP-2651,health-care,92004.44,90.0,Lost,2024-03-07 07:51:33.018603720
OPP-2652,IT_Tech,63733.54,81.0,Lost,2024-03-07 14:07:45.213042608
OPP-2653,health-care,25702.33,77.0,Won,2024-03-07 20:23:57.407481496
OPP-2654,IT_Tech,44565.68,80.0,Lost,2024-03-08 02:40:09.601920384
OPP-2655,Manufacturing,31623.76,83.0,Won,2024-03-08 08:56:21.796359272
OPP-2656,Finance,78279.16,82.0,Won,2024-03-08 15:12:33.990798160
OPP-2657,health-care,96316.64,84.0,Lost,2024-03-08 21:28:46.185237048
OPP-2658,health-care,65321.63,91.0,Lost,2024-03-09 03:44:58.379675936
OPP-2659,health-care,68723.6,69.0,Lost,2024-03-09 10:01:10.574114824
OPP-2660,Finance,,67.0,Won,2024-03-09 16:17:22.768553712
OPP-2661,Finance,130900.1,68.0,Lost,2024-03-09 22:33:34.962992600
OPP-2662,Manufacturing,44773.87,77.0,Lost,2024-03-10 04:49:47.157431488
OPP-2663,health-care,83478.98,57.0,Lost,2024-03-10 11:05:59.351870376
OPP-2664,Manufacturing,19235.72,,Won,2024-03-10 17:22:11.546309264
OPP-2665,Manufacturing,30052.77,70.0,Lost,2024-03-10 23:38:23.740748152
OPP-2666,IT_Tech,56916.16,90.0,Lost,2024-03-11 05:54:35.935187040
OPP-2667,Manufacturing,37006.48,65.0,Won,2024-03-11 12:10:48.129625928
OPP-2668,IT_Tech,50501.87,73.0,Won,2024-03-11 18:27:00.324064816
OPP-2669,Retail,32314.0,86.0,Lost,2024-03-12 00:43:12.518503704
OPP-2670,health-care,136374.99,99.0,Won,2024-03-12 06:59:24.712942592
OPP-2671,Manufacturing,38047.06,65.0,Lost,2024-03-12 13:15:36.907381472
OPP-2672,Manufacturing,28127.57,73.0,Won,2024-03-12 19:31:49.101820360
OPP-2673,Retail,3726.5,61.0,Won,2024-03-13 01:48:01.296259248
OPP-2674,Retail,12280.99,70.0,Won,2024-03-13 08:04:13.490698136
OPP-2675,health-care,60137.72,73.0,Lost,2024-03-13 14:20:25.685137024
OPP-2676,IT_Tech,44142.71,90.0,Lost,2024-03-13 20:36:37.879575912
OPP-2677,health-care,66679.77,55.0,Lost,2024-03-14 02:52:50.074014800
OPP-2678,IT_Tech,,67.0,Lost,2024-03-14 09:09:02.268453688
OPP-2679,Finance,25143.65,76.0,Lost,2024-03-14 15:25:14.462892576
OPP-2680,health-care,41606.82,79.0,Lost,2024-03-14 21:41:26.657331464
OPP-2681,Manufacturing,46088.81,91.0,Lost,2024-03-15 03:57:38.851770352
OPP-2682,Finance,204749.91,99.0,Lost,2024-03-15 10:13:51.046209240
OPP-2683,Retail,12723.9,62.0,Won,2024-03-15 16:30:03.240648128
OPP-2684,IT_Tech,42783.4,90.0,Lost,2024-03-15 22:46:15.435087016
OPP-2685,Manufacturing,58468.25,68.0,Lost,2024-03-16 05:02:27.629525904
OPP-2686,Manufacturing,24210.77,81.0,Lost,2024-03-16 11:18:39.823964792
OPP-2687,health-care,,101.0,Lost,2024-03-16 17:34:52.018403680
OPP-2688,Finance,46896.86,89.0,Won,2024-03-16 23:51:04.212842568
OPP-2689,Retail,20586.94,70.0,Won,2024-03-17 06:07:16.407281456
OPP-2690,IT_Tech,39171.37,70.0,Won,2024-03-17 12:23:28.601720344
OPP-2691,Finance,87471.74,61.0,Lost,2024-03-17 18:39:40.796159232
OPP-2692,health-care,45726.85,78.0,Lost,2024-03-18 00:55:52.990598120
OPP-2693,IT_Tech,51715.67,62.0,Lost,2024-03-18 07:12:05.185037008
OPP-2694,health-care,255461.69,77.0,Lost,2024-03-18 13:28:17.379475896
OPP-2695,IT_Tech,21939.5,55.0,Won,2024-03-18 19:44:29.573914784
OPP-2696,IT_Tech,30641.8,66.0,Won,2024-03-19 02:00:41.768353672
OPP-2697,IT_Tech,40774.16,73.0,Won,2024-03-19 08:16:53.962792560
OPP-2698,Manufacturing,53809.38,79.0,Lost,2024-03-19 14:33:06.157231448
OPP-2699,Finance,52274.93,68.0,Lost,2024-03-19 20:49:18.351670336
OPP-2700,Manufacturing,8808.61,76.0,Won,2024-03-20 03:05:30.546109224
OPP-2701,health-care,165299.41,81.0,Lost,2024-03-20 09:21:42.740548112
OPP-2702,health-care,115416.62,72.0,Lost,2024-03-20 15:37:54.934987000
OPP-2703,Finance,25699.62,73.0,Won,2024-03-20 21:54:07.129425888
OPP-2704,health-care,50790.2,99.0,Won,2024-03-21 04:10:19.323864776
OPP-2705,IT_Tech,79546.04,83.0,Lost,2024-03-21 10:26:31.518303664
OPP-2706,Finance,174325.21,80.0,Lost,2024-03-21 16:42:43.712742552
OPP-2707,IT_Tech,58065.1,58.0,Lost,2024-03-21 22:58:55.907181432
OPP-2708,Finance,65797.2,75.0,Lost,2024-03-22 05:15:08.101620320
OPP-2709,Finance,76863.97,,Lost,2024-03-22 11:31:20.296059208
OPP-2710,IT_Tech,34014.33,68.0,Lost,2024-03-22 17:47:32.490498096
OPP-2711,IT_Tech,63839.02,57.0,Won,2024-03-23 00:03:44.684936984
OPP-2712,Retail,8622.06,53.0,Lost,2024-03-23 06:19:56.879375872
OPP-2713,health-care,45094.71,92.0,Won,2024-03-23 12:36:09.073814760
OPP-2714,IT_Tech,60182.52,94.0,Won,2024-03-23 18:52:21.268253648
OPP-2715,Manufacturing,35518.87,62.0,Lost,2024-03-24 01:08:33.462692536
OPP-2716,IT_Tech,72347.32,86.0,Lost,2024-03-24 07:24:45.657131424
OPP-2717,Finance,48878.49,61.0,Lost,2024-03-24 13:40:57.851570312
OPP-2718,Manufacturing,35334.35,90.0,Lost,2024-03-24 19:57:10.046009200
OPP-2719,IT_Tech,22897.74,73.0,Won,2024-03-25 02:13:22.240448088
OPP-2720,IT_Tech,36449.44,84.0,Lost,2024-03-25 08:29:34.434886976
OPP-2721,IT_Tech,17339.22,47.0,Won,2024-03-25 14:45:46.629325864
OPP-2722,health-care,54579.84,84.0,Won,2024-03-25 21:01:58.823764752
OPP-2723,IT_Tech,17709.79,,Lost,2024-03-26 03:18:11.018203640
OPP-2724,Finance,,91.0,Lost,2024-03-26 09:34:23.212642528
OPP-2725,IT_Tech,51963.39,86.0,Won,2024-03-26 15:50:35.407081416
OPP-2726,Finance,25895.96,71.0,Lost,2024-03-26 22:06:47.601520304
OPP-2727,Manufacturing,70752.48,70.0,Lost,2024-03-27 04:22:59.795959192
OPP-2728,Retail,46569.8,84.0,Lost,2024-03-27 10:39:11.990398080
OPP-2729,Finance,75177.24,77.0,Lost,2024-03-27 16:55:24.184836968
OPP-2730,health-care,49778.15,65.0,Lost,2024-03-27 23:11:36.379275856
OPP-2731,Finance,398155.68,79.0,Lost,2024-03-28 05:27:48.573714744
OPP-2732,Finance,33144.06,55.0,Won,2024-03-28 11:44:00.768153632
OPP-2733,health-care,74018.02,72.0,Lost,2024-03-28 18:00:12.962592520
OPP-2734,IT_Tech,39727.99,87.0,Lost,2024-03-29 00:16:25.157031408
OPP-2735,Manufacturing,71152.01,80.0,Lost,2024-03-29 06:32:37.351470296
OPP-2736,health-care,90748.15,73.0,Won,2024-03-29 12:48:49.545909184
OPP-2737,IT_Tech,28301.87,81.0,Won,2024-03-29 19:05:01.740348072
OPP-2738,health-care,41327.75,64.0,Lost,2024-03-30 01:21:13.934786960
OPP-2739,health-care,59569.97,78.0,Lost,2024-03-30 07:37:26.129225848
OPP-2740,Retail,8075.07,60.0,Lost,2024-03-30 13:53:38.323664736
OPP-2741,Retail,13683.04,76.0,Lost,2024-03-30 20:09:50.518103624
OPP-2742,Retail,10075.9,45.0,Won,2024-03-31 02:26:02.712542512
OPP-2743,IT_Tech,,58.0,Won,2024-03-31 08:42:14.906981392
OPP-2744,health-care,155295.88,64.0,Lost,2024-03-31 14:58:27.101420280
OPP-2745,health-care,54252.07,73.0,Lost,2024-03-31 21:14:39.295859168
OPP-2746,IT_Tech,19262.81,83.0,Won,2024-04-01 03:30:51.490298056
OPP-2747,IT_Tech,33385.28,66.0,Lost,2024-04-01 09:47:03.684736944
OPP-2748,Retail,13824.34,60.0,Lost,2024-04-01 16:03:15.879175832
OPP-2749,IT_Tech,15165.32,77.0,Won,2024-04-01 22:19:28.073614720
OPP-2750,Finance,,92.0,Won,2024-04-02 04:35:40.268053608
OPP-2751,IT_Tech,21513.18,68.0,Won,2024-04-02 10:51:52.462492496
OPP-2752,IT_Tech,85435.28,,Lost,2024-04-02 17:08:04.656931384
OPP-2753,IT_Tech,47192.03,62.0,Won,2024-04-02 23:24:16.851370272
OPP-2754,Manufacturing,29734.11,88.0,Won,2024-04-03 05:40:29.045809160
OPP-2755,Retail,9204.21,89.0,Won,2024-04-03 11:56:41.240248048
OPP-2756,Manufacturing,34458.68,79.0,Won,2024-04-03 18:12:53.434686936
OPP-2757,health-care,105627.54,55.0,Lost,2024-04-04 00:29:05.629125824
OPP-2758,IT_Tech,35855.52,66.0,Won,2024-04-04 06:45:17.823564712
OPP-2759,Finance,64196.55,84.0,Lost,2024-04-04 13:01:30.018003600
OPP-2760,health-care,75737.01,73.0,Lost,2024-04-04 19:17:42.212442488
OPP-2761,Retail,9878.05,79.0,Lost,2024-04-05 01:33:54.406881376
OPP-2762,IT_Tech,30589.04,79.0,Won,2024-04-05 07:50:06.601320264
OPP-2763,health-care,20921.33,61.0,Lost,2024-04-05 14:06:18.795759152
OPP-2764,IT_Tech,,77.0,Lost,2024-04-05 20:22:30.990198040
OPP-2765,health-care,87489.9,68.0,Lost,2024-04-06 02:38:43.184636928
OPP-2766,Retail,9074.94,61.0,Lost,2024-04-06 08:54:55.379075816
OPP-2767,health-care,228488.46,79.0,Lost,2024-04-06 15:11:07.573514704
OPP-2768,health-care,77050.0,92.0,Lost,2024-04-06 21:27:19.767953592
OPP-2769,health-care,39273.84,99.0,Won,2024-04-07 03:43:31.962392480
OPP-2770,health-care,122276.78,64.0,Won,2024-04-07 09:59:44.156831368
OPP-2771,Retail,16301.69,44.0,Won,2024-04-07 16:15:56.351270256
OPP-2772,Manufacturing,,71.0,Won,2024-04-07 22:32:08.545709144
OPP-2773,Manufacturing,29352.18,53.0,Lost,2024-04-08 04:48:20.740148032
OPP-2774,Retail,16734.84,68.0,Lost,2024-04-08 11:04:32.934586920
OPP-2775,health-care,62501.45,86.0,Won,2024-04-08 17:20:45.129025808
OPP-2776,Finance,102085.39,98.0,Lost,2024-04-08 23:36:57.323464696
OPP-2777,health-care,23319.22,72.0,Won,2024-04-09 05:53:09.517903584
OPP-2778,IT_Tech,29233.29,,Won,2024-04-09 12:09:21.712342472
OPP-2779,Retail,31605.22,48.0,Lost,2024-04-09 18:25:33.906781352
OPP-2780,IT_Tech,24747.17,71.0,Won,2024-04-10 00:41:46.101220240
OPP-2781,Manufacturing,26851.6,72.0,Won,2024-04-10 06:57:58.295659128
OPP-2782,health-care,55894.61,84.0,Lost,2024-04-10 13:14:10.490098016
OPP-2783,Finance,35281.58,64.0,Lost,2024-04-10 19:30:22.684536904
OPP-2784,Finance,19438.9,63.0,Won,2024-04-11 01:46:34.878975792
OPP-2785,Manufacturing,32360.92,54.0,Won,2024-04-11 08:02:47.073414680
OPP-2786,Finance,79341.42,51.0,Won,2024-04-11 14:18:59.267853568
OPP-2787,Finance,70862.52,64.0,Won,2024-04-11 20:35:11.462292456
OPP-2788,IT_Tech,33777.86,54.0,Won,2024-04-12 02:51:23.656731344
OPP-2789,Finance,75043.6,82.0,Lost,2024-04-12 09:07:35.851170232
OPP-2790,IT_Tech,60561.87,70.0,Lost,2024-04-12 15:23:48.045609120
OPP-2791,Retail,12146.26,59.0,Won,2024-04-12 21:40:00.240048008
OPP-2792,Finance,51820.98,64.0,Won,2024-04-13 03:56:12.434486896
OPP-2793,Finance,61779.37,38.0,Won,2024-04-13 10:12:24.628925784
OPP-2794,IT_Tech,48517.19,93.0,Won,2024-04-13 16:28:36.823364672
OPP-2795,IT_Tech,73571.53,66.0,Lost,2024-04-13 22:44:49.017803560
OPP-2796,Retail,9758.83,59.0,Won,2024-04-14 05:01:01.212242448
OPP-2797,IT_Tech,38157.09,56.0,Won,2024-04-14 11:17:13.406681336
OPP-2798,IT_Tech,43009.6,86.0,Lost,2024-04-14 17:33:25.601120224
OPP-2799,IT_Tech,22108.36,71.0,Won,2024-04-14 23:49:37.795559112
OPP-2800,Manufacturing,36688.13,63.0,Won,2024-04-15 06:05:49.989998000
OPP-2801,Retail,6419.93,56.0,Won,2024-04-15 12:22:02.184436888
OPP-2802,health-care,25300.26,91.0,Won,2024-04-15 18:38:14.378875776
OPP-2803,IT_Tech,43624.46,73.0,Won,2024-04-16 00:54:26.573314664
OPP-2804,health-care,58085.72,74.0,Won,2024-04-16 07:10:38.767753552
OPP-2805,Retail,14781.63,55.0,Lost,2024-04-16 13:26:50.962192440
OPP-2806,Finance,72349.44,55.0,Lost,2024-04-16 19:43:03.156631328
OPP-2807,IT_Tech,22287.92,68.0,Won,2024-04-17 01:59:15.351070216
OPP-2808,IT_Tech,35503.01,77.0,Lost,2024-04-17 08:15:27.545509104
OPP-2809,IT_Tech,19603.22,82.0,Won,2024-04-17 14:31:39.739947992
OPP-2810,Finance,168481.87,57.0,Lost,2024-04-17 20:47:51.934386880
OPP-2811,Retail,6781.92,48.0,Won,2024-04-18 03:04:04.128825768
OPP-2812,IT_Tech,32928.95,65.0,Won,2024-04-18 09:20:16.323264656
OPP-2813,IT_Tech,21565.8,69.0,Won,2024-04-18 15:36:28.517703544
OPP-2814,IT_Tech,48301.15,73.0,Won,2024-04-18 21:52:40.712142432
OPP-2815,Manufacturing,30769.66,70.0,Lost,2024-04-19 04:08:52.906581312
OPP-2816,IT_Tech,28019.8,76.0,Won,2024-04-19 10:25:05.101020200
OPP-2817,Retail,20467.65,58.0,Won,2024-04-19 16:41:17.295459088
OPP-2818,Finance,74433.27,89.0,Lost,2024-04-19 22:57:29.489897976
OPP-2819,health-care,99706.55,85.0,Won,2024-04-20 05:13:41.684336864
OPP-2820,IT_Tech,22233.09,66.0,Won,2024-04-20 11:29:53.878775752
OPP-2821,IT_Tech,17990.36,87.0,Won,2024-04-20 17:46:06.073214640
OPP-2822,Finance,77989.13,97.0,Lost,2024-04-21 00:02:18.267653528
OPP-2823,Retail,11390.98,76.0,Lost,2024-04-21 06:18:30.462092416
OPP-2824,Finance,106495.8,44.0,Lost,2024-04-21 12:34:42.656531304
OPP-2825,Finance,69706.92,97.0,Won,2024-04-21 18:50:54.850970192
OPP-2826,IT_Tech,40236.82,83.0,Lost,2024-04-22 01:07:07.045409080
OPP-2827,Manufacturing,16127.94,91.0,Lost,2024-04-22 07:23:19.239847968
OPP-2828,Retail,34345.23,87.0,Won,2024-04-22 13:39:31.434286856
OPP-2829,IT_Tech,33452.41,91.0,Won,2024-04-22 19:55:43.628725744
OPP-2830,Manufacturing,51472.01,86.0,Lost,2024-04-23 02:11:55.823164632
OPP-2831,Finance,44282.51,91.0,Won,2024-04-23 08:28:08.017603520
OPP-2832,Finance,87974.82,103.0,Lost,2024-04-23 14:44:20.212042408
OPP-2833,Retail,6964.48,64.0,Won,2024-04-23 21:00:32.406481296
OPP-2834,Retail,16748.0,49.0,Lost,2024-04-24 03:16:44.600920184
OPP-2835,Finance,59066.28,73.0,Lost,2024-04-24 09:32:56.795359072
OPP-2836,IT_Tech,36849.42,78.0,Lost,2024-04-24 15:49:08.989797960
OPP-2837,health-care,111166.51,82.0,Lost,2024-04-24 22:05:21.184236848
OPP-2838,Manufacturing,19608.72,54.0,Won,2024-04-25 04:21:33.378675736
OPP-2839,IT_Tech,25790.31,51.0,Won,2024-04-25 10:37:45.573114624
OPP-2840,health-care,96220.2,71.0,Lost,2024-04-25 16:53:57.767553512
OPP-2841,health-care,257540.66,96.0,Lost,2024-04-25 23:10:09.961992400
OPP-2842,health-care,67315.82,96.0,Lost,2024-04-26 05:26:22.156431288
OPP-2843,Finance,104264.03,91.0,Lost,2024-04-26 11:42:34.350870176
OPP-2844,Manufacturing,34424.17,85.0,Won,2024-04-26 17:58:46.545309064
OPP-2845,IT_Tech,95905.9,79.0,Lost,2024-04-27 00:14:58.739747952
OPP-2846,IT_Tech,15159.6,46.0,Won,2024-04-27 06:31:10.934186840
OPP-2847,IT_Tech,38074.9,68.0,Won,2024-04-27 12:47:23.128625728
OPP-2848,Manufacturing,16110.52,64.0,Won,2024-04-27 19:03:35.323064616
OPP-2849,Finance,16253.39,61.0,Won,2024-04-28 01:19:47.517503504
OPP-2850,IT_Tech,42139.09,75.0,Lost,2024-04-28 07:35:59.711942392
OPP-2851,Retail,14324.82,72.0,Lost,2024-04-28 13:52:11.906381272
OPP-2852,Manufacturing,,82.0,Lost,2024-04-28 20:08:24.100820160
OPP-2853,Retail,12668.87,62.0,Won,2024-04-29 02:24:36.295259048
OPP-2854,Manufacturing,170953.99,61.0,Lost,2024-04-29 08:40:48.489697936
OPP-2855,IT_Tech,31917.59,66.0,Won,2024-04-29 14:57:00.684136824
OPP-2856,Retail,17241.29,68.0,Lost,2024-04-29 21:13:12.878575712
OPP-2857,health-care,49532.34,90.0,Lost,2024-04-30 03:29:25.073014600
OPP-2858,Retail,15484.83,60.0,Won,2024-04-30 09:45:37.267453488
OPP-2859,Retail,11859.48,71.0,Won,2024-04-30 16:01:49.461892376
OPP-2860,Retail,10880.64,68.0,Lost,2024-04-30 22:18:01.656331264
OPP-2861,Finance,217801.44,86.0,Lost,2024-05-01 04:34:13.850770152
OPP-2862,IT_Tech,65420.6,88.0,Won,2024-05-01 10:50:26.045209040
OPP-2863,Finance,79383.67,71.0,Lost,2024-05-01 17:06:38.239647928
OPP-2864,Manufacturing,11474.63,58.0,Lost,2024-05-01 23:22:50.434086816
OPP-2865,Manufacturing,,72.0,Lost,2024-05-02 05:39:02.628525704
OPP-2866,IT_Tech,140296.56,75.0,Lost,2024-05-02 11:55:14.822964592
OPP-2867,IT_Tech,32359.7,78.0,Won,2024-05-02 18:11:27.017403480
OPP-2868,IT_Tech,63045.3,68.0,Lost,2024-05-03 00:27:39.211842368
OPP-2869,Retail,27473.34,74.0,Lost,2024-05-03 06:43:51.406281256
OPP-2870,Retail,14905.45,66.0,Won,2024-05-03 13:00:03.600720144
OPP-2871,IT_Tech,23839.26,73.0,Won,2024-05-03 19:16:15.795159032
OPP-2872,Finance,16963.39,62.0,Lost,2024-05-04 01:32:27.989597920
OPP-2873,Retail,18808.83,64.0,Won,2024-05-04 07:48:40.184036808
OPP-2874,Retail,8889.46,64.0,Lost,2024-05-04 14:04:52.378475696
OPP-2875,Finance,81282.85,81.0,Won,2024-05-04 20:21:04.572914584
OPP-2876,Finance,34548.1,73.0,Won,2024-05-05 02:37:16.767353472
OPP-2877,Finance,62371.11,97.0,Lost,2024-05-05 08:53:28.961792360
OPP-2878,IT_Tech,36932.96,61.0,Won,2024-05-05 15:09:41.156231248
OPP-2879,Finance,85918.65,78.0,Lost,2024-05-05 21:25:53.350670136
OPP-2880,Finance,37462.91,54.0,Won,2024-05-06 03:42:05.545109024
OPP-2881,Manufacturing,66069.04,82.0,Lost,2024-05-06 09:58:17.739547912
OPP-2882,Finance,51116.53,62.0,Won,2024-05-06 16:14:29.933986800
OPP-2883,Retail,5783.51,57.0,Won,2024-05-06 22:30:42.128425688
OPP-2884,IT_Tech,34388.87,68.0,Lost,2024-05-07 04:46:54.322864576
OPP-2885,health-care,74654.43,81.0,Lost,2024-05-07 11:03:06.517303464
OPP-2886,IT_Tech,39351.71,67.0,Won,2024-05-07 17:19:18.711742352
OPP-2887,IT_Tech,71758.83,71.0,Won,2024-05-07 23:35:30.906181232
OPP-2888,Retail,11870.07,82.0,Lost,2024-05-08 05:51:43.100620120
OPP-2889,Manufacturing,34207.16,76.0,Won,2024-05-08 12:07:55.295059008
OPP-2890,IT_Tech,20918.89,62.0,Won,2024-05-08 18:24:07.489497896
OPP-2891,health-care,119650.72,78.0,Lost,2024-05-09 00:40:19.683936784
OPP-2892,Retail,14649.4,86.0,Lost,2024-05-09 06:56:31.878375672
OPP-2893,IT_Tech,29436.37,69.0,Lost,2024-05-09 13:12:44.072814560
OPP-2894,Finance,23323.0,62.0,Won,2024-05-09 19:28:56.267253448
OPP-2895,Retail,27507.28,63.0,Won,2024-05-10 01:45:08.461692336
OPP-2896,Finance,35010.11,66.0,Lost,2024-05-10 08:01:20.656131224
OPP-2897,IT_Tech,27020.77,64.0,Won,2024-05-10 14:17:32.850570112
OPP-2898,health-care,90672.26,64.0,Lost,2024-05-10 20:33:45.045009000
OPP-2899,Retail,,48.0,Won,2024-05-11 02:49:57.239447888
OPP-2900,Finance,29848.63,62.0,Lost,2024-05-11 09:06:09.433886776
OPP-2901,IT_Tech,12556.91,73.0,Won,2024-05-11 15:22:21.628325664
OPP-2902,Retail,19158.44,64.0,Lost,2024-05-11 21:38:33.822764552
OPP-2903,IT_Tech,27650.72,69.0,Won,2024-05-12 03:54:46.017203440
OPP-2904,Retail,57735.93,91.0,Won,2024-05-12 10:10:58.211642328
OPP-2905,IT_Tech,22088.72,85.0,Won,2024-05-12 16:27:10.406081216
OPP-2906,Manufacturing,22908.76,66.0,Won,2024-05-12 22:43:22.600520104
OPP-2907,health-care,52091.87,68.0,Won,2024-05-13 04:59:34.794958992
OPP-2908,health-care,84616.18,,Lost,2024-05-13 11:15:46.989397880
OPP-2909,IT_Tech,28707.06,80.0,Lost,2024-05-13 17:31:59.183836768
OPP-2910,health-care,105598.49,78.0,Lost,2024-05-13 23:48:11.378275656
OPP-2911,Manufacturing,22263.54,65.0,Lost,2024-05-14 06:04:23.572714544
OPP-2912,Manufacturing,18200.5,58.0,Won,2024-05-14 12:20:35.767153432
OPP-2913,health-care,24861.39,61.0,Won,2024-05-14 18:36:47.961592320
OPP-2914,health-care,19261.34,72.0,Won,2024-05-15 00:53:00.156031208
OPP-2915,Retail,,48.0,Lost,2024-05-15 07:09:12.350470096
OPP-2916,Manufacturing,31241.73,,Lost,2024-05-15 13:25:24.544908984
OPP-2917,Finance,50068.02,69.0,Lost,2024-05-15 19:41:36.739347872
OPP-2918,health-care,154205.82,,Lost,2024-05-16 01:57:48.933786760
OPP-2919,health-care,152789.76,67.0,Lost,2024-05-16 08:14:01.128225648
OPP-2920,Finance,59821.37,,Lost,2024-05-16 14:30:13.322664536
OPP-2921,IT_Tech,14809.73,63.0,Won,2024-05-16 20:46:25.517103424
OPP-2922,Finance,52050.88,75.0,Won,2024-05-17 03:02:37.711542312
OPP-2923,health-care,51026.85,93.0,Won,2024-05-17 09:18:49.905981192
OPP-2924,Retail,9618.39,66.0,Won,2024-05-17 15:35:02.100420080
OPP-2925,IT_Tech,25620.31,61.0,Won,2024-05-17 21:51:14.294858968
OPP-2926,Finance,49410.7,67.0,Lost,2024-05-18 04:07:26.489297856
OPP-2927,health-care,57992.85,,Lost,2024-05-18 10:23:38.683736744
OPP-2928,Finance,49944.88,91.0,Won,2024-05-18 16:39:50.878175632
OPP-2929,IT_Tech,40302.2,77.0,Lost,2024-05-18 22:56:03.072614520
OPP-2930,Finance,90782.45,88.0,Lost,2024-05-19 05:12:15.267053408
OPP-2931,Finance,42345.31,81.0,Lost,2024-05-19 11:28:27.461492296
OPP-2932,Finance,156786.33,100.0,Lost,2024-05-19 17:44:39.655931184
OPP-2933,Finance,40617.84,50.0,Lost,2024-05-20 00:00:51.850370072
OPP-2934,Finance,27703.65,79.0,Lost,2024-05-20 06:17:04.044808960
OPP-2935,Retail,16161.53,79.0,Won,2024-05-20 12:33:16.239247848
OPP-2936,IT_Tech,24132.05,54.0,Won,2024-05-20 18:49:28.433686736
OPP-2937,Retail,15687.91,56.0,Won,2024-05-21 01:05:40.628125624
OPP-2938,health-care,17288.53,58.0,Won,2024-05-21 07:21:52.822564512
OPP-2939,IT_Tech,,,Lost,2024-05-21 13:38:05.017003400
OPP-2940,IT_Tech,50825.16,70.0,Lost,2024-05-21 19:54:17.211442288
OPP-2941,health-care,29724.12,75.0,Won,2024-05-22 02:10:29.405881176
OPP-2942,Retail,6378.01,71.0,Won,2024-05-22 08:26:41.600320064
OPP-2943,Retail,30826.59,85.0,Lost,2024-05-22 14:42:53.794758952
OPP-2944,Retail,9240.12,53.0,Won,2024-05-22 20:59:05.989197840
OPP-2945,Finance,44333.2,64.0,Won,2024-05-23 03:15:18.183636728
OPP-2946,health-care,18776.64,84.0,Won,2024-05-23 09:31:30.378075616
OPP-2947,IT_Tech,30473.44,80.0,Lost,2024-05-23 15:47:42.572514504
OPP-2948,health-care,63791.05,78.0,Lost,2024-05-23 22:03:54.766953392
OPP-2949,health-care,112341.19,87.0,Lost,2024-05-24 04:20:06.961392280
OPP-2950,IT_Tech,18042.06,68.0,Lost,2024-05-24 10:36:19.155831168
OPP-2951,IT_Tech,16981.11,74.0,Won,2024-05-24 16:52:31.350270056
OPP-2952,Finance,95853.63,76.0,Lost,2024-05-24 23:08:43.544708944
OPP-2953,Retail,22100.71,73.0,Won,2024-05-25 05:24:55.739147832
OPP-2954,Manufacturing,16554.68,49.0,Won,2024-05-25 11:41:07.933586720
OPP-2955,Manufacturing,62364.85,69.0,Won,2024-05-25 17:57:20.128025608
OPP-2956,Finance,74796.41,70.0,Won,2024-05-26 00:13:32.322464496
OPP-2957,health-care,140798.24,78.0,Lost,2024-05-26 06:29:44.516903384
OPP-2958,Finance,70113.3,66.0,Lost,2024-05-26 12:45:56.711342272
OPP-2959,Retail,3785.23,51.0,Won,2024-05-26 19:02:08.905781152
OPP-2960,IT_Tech,33658.35,54.0,Lost,2024-05-27 01:18:21.100220040
OPP-2961,health-care,138148.75,89.0,Lost,2024-05-27 07:34:33.294658928
OPP-2962,Retail,8545.22,62.0,Lost,2024-05-27 13:50:45.489097816
OPP-2963,health-care,57943.35,56.0,Lost,2024-05-27 20:06:57.683536704
OPP-2964,Finance,65796.37,67.0,Lost,2024-05-28 02:23:09.877975592
OPP-2965,Finance,12839.63,70.0,Won,2024-05-28 08:39:22.072414480
OPP-2966,IT_Tech,83756.9,72.0,Lost,2024-05-28 14:55:34.266853368
OPP-2967,health-care,42581.48,66.0,Lost,2024-05-28 21:11:46.461292256
OPP-2968,health-care,99056.06,79.0,Lost,2024-05-29 03:27:58.655731144
OPP-2969,IT_Tech,34774.84,77.0,Won,2024-05-29 09:44:10.850170032
OPP-2970,IT_Tech,68105.25,60.0,Won,2024-05-29 16:00:23.044608920
OPP-2971,Retail,,74.0,Won,2024-05-29 22:16:35.239047808
OPP-2972,IT_Tech,32290.81,63.0,Lost,2024-05-30 04:32:47.433486696
OPP-2973,Finance,42782.78,74.0,Lost,2024-05-30 10:48:59.627925584
OPP-2974,IT_Tech,54118.17,75.0,Lost,2024-05-30 17:05:11.822364472
OPP-2975,Manufacturing,14232.44,60.0,Won,2024-05-30 23:21:24.016803360
OPP-2976,IT_Tech,50158.6,63.0,Lost,2024-05-31 05:37:36.211242248
OPP-2977,health-care,37819.24,70.0,Won,2024-05-31 11:53:48.405681136
OPP-2978,Manufacturing,67923.8,97.0,Lost,2024-05-31 18:10:00.600120024
OPP-2979,Retail,14481.83,50.0,Won,2024-06-01 00:26:12.794558912
OPP-2980,IT_Tech,50114.31,96.0,Won,2024-06-01 06:42:24.988997800
OPP-2981,Retail,13918.78,63.0,Won,2024-06-01 12:58:37.183436688
OPP-2982,health-care,25554.63,71.0,Won,2024-06-01 19:14:49.377875576
OPP-2983,health-care,43632.72,61.0,Won,2024-06-02 01:31:01.572314464
OPP-2984,IT_Tech,50827.59,66.0,Won,2024-06-02 07:47:13.766753352
OPP-2985,IT_Tech,39471.25,68.0,Lost,2024-06-02 14:03:25.961192240
OPP-2986,Retail,24112.72,,Won,2024-06-02 20:19:38.155631128
OPP-2987,health-care,93149.85,77.0,Lost,2024-06-03 02:35:50.350070016
OPP-2988,health-care,40944.75,69.0,Lost,2024-06-03 08:52:02.544508904
OPP-2989,Retail,8972.93,85.0,Lost,2024-06-03 15:08:14.738947792
OPP-2990,Retail,14065.2,52.0,Won,2024-06-03 21:24:26.933386680
OPP-2991,IT_Tech,11418.36,66.0,Lost,2024-06-04 03:40:39.127825568
OPP-2992,Finance,199598.9,88.0,Lost,2024-06-04 09:56:51.322264456
OPP-2993,IT_Tech,45291.44,62.0,Won,2024-06-04 16:13:03.516703344
OPP-2994,Retail,24674.3,79.0,Won,2024-06-04 22:29:15.711142232
OPP-2995,Finance,28328.9,66.0,Won,2024-06-05 04:45:27.905581112
OPP-2996,Manufacturing,67662.17,47.0,Lost,2024-06-05 11:01:40.100020000
OPP-2997,IT_Tech,110829.63,89.0,Lost,2024-06-05 17:17:52.294458888
OPP-2998,IT_Tech,18761.47,55.0,Won,2024-06-05 23:34:04.488897776
OPP-2999,IT_Tech,53407.2,63.0,Lost,2024-06-06 05:50:16.683336664
OPP-3000,IT_Tech,,81.0,Won,2024-06-06 12:06:28.877775552
OPP-3001,IT_Tech,16777.32,63.0,Lost,2024-06-06 18:22:41.072214440
OPP-3002,Manufacturing,46464.41,86.0,Lost,2024-06-07 00:38:53.266653328
OPP-3003,IT_Tech,55094.3,90.0,Lost,2024-06-07 06:55:05.461092216
OPP-3004,IT_Tech,26888.04,63.0,Lost,2024-06-07 13:11:17.655531104
OPP-3005,Retail,23931.68,80.0,Won,2024-06-07 19:27:29.849969992
OPP-3006,health-care,26901.62,62.0,Won,2024-06-08 01:43:42.044408880
OPP-3007,Retail,6327.26,88.0,Won,2024-06-08 07:59:54.238847768
OPP-3008,IT_Tech,38882.47,65.0,Lost,2024-06-08 14:16:06.433286656
OPP-3009,health-care,74252.83,90.0,Lost,2024-06-08 20:32:18.627725544
OPP-3010,IT_Tech,25379.91,81.0,Won,2024-06-09 02:48:30.822164432
OPP-3011,IT_Tech,54436.88,80.0,Won,2024-06-09 09:04:43.016603320
OPP-3012,Manufacturing,47355.92,67.0,Won,2024-06-09 15:20:55.211042208
OPP-3013,IT_Tech,55774.36,74.0,Lost,2024-06-09 21:37:07.405481096
OPP-3014,Finance,67922.2,52.0,Lost,2024-06-10 03:53:19.599919984
OPP-3015,health-care,104982.42,83.0,Lost,2024-06-10 10:09:31.794358872
OPP-3016,health-care,55972.17,80.0,Lost,2024-06-10 16:25:43.988797760
OPP-3017,Manufacturing,101408.21,82.0,Lost,2024-06-10 22:41:56.183236648
OPP-3018,IT_Tech,24190.79,34.0,Won,2024-06-11 04:58:08.377675536
OPP-3019,Finance,258636.39,72.0,Lost,2024-06-11 11:14:20.572114424
OPP-3020,Manufacturing,36954.55,64.0,Lost,2024-06-11 17:30:32.766553312
OPP-3021,Finance,32038.5,76.0,Won,2024-06-11 23:46:44.960992200
OPP-3022,Manufacturing,71972.52,81.0,Won,2024-06-12 06:02:57.155431088
OPP-3023,IT_Tech,38675.08,71.0,Lost,2024-06-12 12:19:09.349869976
OPP-3024,health-care,121865.65,89.0,Lost,2024-06-12 18:35:21.544308864
OPP-3025,IT_Tech,66965.17,65.0,Won,2024-06-13 00:51:33.738747752
OPP-3026,Retail,15819.17,75.0,Won,2024-06-13 07:07:45.933186640
OPP-3027,Manufacturing,27007.76,77.0,Lost,2024-06-13 13:23:58.127625528
OPP-3028,IT_Tech,59151.47,81.0,Won,2024-06-13 19:40:10.322064416
OPP-3029,Finance,73163.6,76.0,Lost,2024-06-14 01:56:22.516503304
OPP-3030,IT_Tech,51171.03,97.0,Lost,2024-06-14 08:12:34.710942192
OPP-3031,Finance,20085.67,75.0,Won,2024-06-14 14:28:46.905381072
OPP-3032,health-care,95624.95,68.0,Lost,2024-06-14 20:44:59.099819960
OPP-3033,Manufacturing,26389.12,74.0,Won,2024-06-15 03:01:11.294258848
OPP-3034,Finance,197202.38,94.0,Lost,2024-06-15 09:17:23.488697736
OPP-3035,health-care,106282.13,73.0,Won,2024-06-15 15:33:35.683136624
OPP-3036,IT_Tech,40942.7,87.0,Won,2024-06-15 21:49:47.877575512
OPP-3037,IT_Tech,46311.94,79.0,Won,2024-06-16 04:06:00.072014400
OPP-3038,IT_Tech,22043.64,41.0,Lost,2024-06-16 10:22:12.266453288
OPP-3039,IT_Tech,81766.94,82.0,Won,2024-06-16 16:38:24.460892176
OPP-3040,Manufacturing,,75.0,Lost,2024-06-16 22:54:36.655331064
OPP-3041,Finance,92572.57,86.0,Lost,2024-06-17 05:10:48.849769952
OPP-3042,Finance,189897.96,96.0,Lost,2024-06-17 11:27:01.044208840
OPP-3043,IT_Tech,27321.41,73.0,Won,2024-06-17 17:43:13.238647728
OPP-3044,Manufacturing,24378.17,90.0,Lost,2024-06-17 23:59:25.433086616
OPP-3045,Retail,13635.91,64.0,Won,2024-06-18 06:15:37.627525504
OPP-3046,IT_Tech,45137.58,82.0,Won,2024-06-18 12:31:49.821964392
OPP-3047,Retail,10970.96,74.0,Won,2024-06-18 18:48:02.016403280
OPP-3048,Finance,100978.3,79.0,Lost,2024-06-19 01:04:14.210842168
OPP-3049,IT_Tech,42327.6,83.0,Won,2024-06-19 07:20:26.405281056
OPP-3050,health-care,40175.63,67.0,Won,2024-06-19 13:36:38.599719944
OPP-3051,health-care,99835.17,75.0,Lost,2024-06-19 19:52:50.794158832
OPP-3052,IT_Tech,55924.85,60.0,Won,2024-06-20 02:09:02.988597720
OPP-3053,Manufacturing,39566.36,76.0,Lost,2024-06-20 08:25:15.183036608
OPP-3054,Retail,23773.43,74.0,Won,2024-06-20 14:41:27.377475496
OPP-3055,Finance,35226.63,87.0,Won,2024-06-20 20:57:39.571914384
OPP-3056,health-care,96835.63,89.0,Lost,2024-06-21 03:13:51.766353272
OPP-3057,health-care,36236.84,70.0,Won,2024-06-21 09:30:03.960792160
OPP-3058,Finance,37479.57,59.0,Won,2024-06-21 15:46:16.155231048
OPP-3059,Finance,50083.23,80.0,Won,2024-06-21 22:02:28.349669936
OPP-3060,IT_Tech,22673.9,83.0,Won,2024-06-22 04:18:40.544108824
OPP-3061,Finance,52638.47,85.0,Lost,2024-06-22 10:34:52.738547712
OPP-3062,Retail,12003.16,78.0,Lost,2024-06-22 16:51:04.932986600
OPP-3063,health-care,120848.47,79.0,Lost,2024-06-22 23:07:17.127425488
OPP-3064,IT_Tech,30928.1,66.0,Won,2024-06-23 05:23:29.321864376
OPP-3065,Retail,6046.21,52.0,Won,2024-06-23 11:39:41.516303264
OPP-3066,IT_Tech,64217.69,,Lost,2024-06-23 17:55:53.710742144
OPP-3067,IT_Tech,23895.73,69.0,Won,2024-06-24 00:12:05.905181032
OPP-3068,IT_Tech,35264.77,75.0,Won,2024-06-24 06:28:18.099619920
OPP-3069,health-care,95599.41,78.0,Lost,2024-06-24 12:44:30.294058808
OPP-3070,Retail,14761.91,65.0,Won,2024-06-24 19:00:42.488497696
OPP-3071,Finance,140998.95,,Lost,2024-06-25 01:16:54.682936584
OPP-3072,IT_Tech,46143.05,86.0,Lost,2024-06-25 07:33:06.877375472
OPP-3073,Manufacturing,23608.1,71.0,Lost,2024-06-25 13:49:19.071814360
OPP-3074,Manufacturing,107934.63,79.0,Lost,2024-06-25 20:05:31.266253248
OPP-3075,Manufacturing,40021.29,65.0,Won,2024-06-26 02:21:43.460692136
OPP-3076,IT_Tech,33736.31,57.0,Won,2024-06-26 08:37:55.655131024
OPP-3077,health-care,130399.13,98.0,Lost,2024-06-26 14:54:07.849569912
OPP-3078,Manufacturing,41139.56,81.0,Won,2024-06-26 21:10:20.044008800
OPP-3079,Retail,,,Won,2024-06-27 03:26:32.238447688
OPP-3080,IT_Tech,126259.17,91.0,Lost,2024-06-27 09:42:44.432886576
OPP-3081,IT_Tech,31648.29,83.0,Lost,2024-06-27 15:58:56.627325464
OPP-3082,health-care,60436.2,78.0,Lost,2024-06-27 22:15:08.821764352
OPP-3083,Manufacturing,38495.22,93.0,Won,2024-06-28 04:31:21.016203240
OPP-3084,Finance,139094.6,85.0,Lost,2024-06-28 10:47:33.210642128
OPP-3085,health-care,29616.28,55.0,Won,2024-06-28 17:03:45.405081016
OPP-3086,IT_Tech,13591.8,71.0,Won,2024-06-28 23:19:57.599519904
OPP-3087,Finance,51417.34,78.0,Lost,2024-06-29 05:36:09.793958792
OPP-3088,Retail,5901.95,53.0,Lost,2024-06-29 11:52:21.988397680
OPP-3089,health-care,56675.72,83.0,Lost,2024-06-29 18:08:34.182836568
OPP-3090,Retail,17175.68,48.0,Lost,2024-06-30 00:24:46.377275456
OPP-3091,Manufacturing,23263.14,82.0,Lost,2024-06-30 06:40:58.571714344
OPP-3092,IT_Tech,17793.47,57.0,Lost,2024-06-30 12:57:10.766153232
OPP-3093,Finance,76237.01,66.0,Lost,2024-06-30 19:13:22.960592120
OPP-3094,IT_Tech,55897.32,75.0,Lost,2024-07-01 01:29:35.155031008
OPP-3095,Retail,5724.52,65.0,Won,2024-07-01 07:45:47.349469896
OPP-3096,Finance,119627.67,83.0,Won,2024-07-01 14:01:59.543908784
OPP-3097,Finance,119417.82,72.0,Lost,2024-07-01 20:18:11.738347672
OPP-3098,Retail,21526.55,63.0,Lost,2024-07-02 02:34:23.932786560
OPP-3099,health-care,151916.78,69.0,Lost,2024-07-02 08:50:36.127225448
OPP-3100,Manufacturing,109207.71,78.0,Lost,2024-07-02 15:06:48.321664336
OPP-3101,Finance,59062.1,89.0,Lost,2024-07-02 21:23:00.516103224
OPP-3102,IT_Tech,38360.59,73.0,Lost,2024-07-03 03:39:12.710542104
OPP-3103,Finance,56961.85,86.0,Won,2024-07-03 09:55:24.904980992
OPP-3104,Retail,13372.94,83.0,Won,2024-07-03 16:11:37.099419880
OPP-3105,health-care,183454.88,77.0,Lost,2024-07-03 22:27:49.293858768
OPP-3106,Manufacturing,18536.42,66.0,Lost,2024-07-04 04:44:01.488297656
OPP-3107,Manufacturing,23611.17,96.0,Won,2024-07-04 11:00:13.682736544
OPP-3108,IT_Tech,72300.8,95.0,Lost,2024-07-04 17:16:25.877175432
OPP-3109,Manufacturing,60476.99,57.0,Lost,2024-07-04 23:32:38.071614320
OPP-3110,IT_Tech,30285.8,76.0,Won,2024-07-05 05:48:50.266053208
OPP-3111,IT_Tech,55670.24,76.0,Won,2024-07-05 12:05:02.460492096
OPP-3112,IT_Tech,43071.12,84.0,Lost,2024-07-05 18:21:14.654930984
OPP-3113,Manufacturing,76890.48,69.0,Lost,2024-07-06 00:37:26.849369872
OPP-3114,Finance,76473.97,68.0,Lost,2024-07-06 06:53:39.043808760
OPP-3115,IT_Tech,60646.43,68.0,Lost,2024-07-06 13:09:51.238247648
OPP-3116,health-care,356898.66,82.0,Lost,2024-07-06 19:26:03.432686536
OPP-3117,Finance,104700.53,90.0,Lost,2024-07-07 01:42:15.627125424
OPP-3118,IT_Tech,37222.33,59.0,Lost,2024-07-07 07:58:27.821564312
OPP-3119,Manufacturing,52115.8,68.0,Lost,2024-07-07 14:14:40.016003200
OPP-3120,Retail,11129.56,43.0,Won,2024-07-07 20:30:52.210442088
OPP-3121,Finance,306441.03,100.0,Lost,2024-07-08 02:47:04.404880976
OPP-3122,Manufacturing,39736.9,89.0,Won,2024-07-08 09:03:16.599319864
OPP-3123,health-care,62083.78,73.0,Lost,2024-07-08 15:19:28.793758752
OPP-3124,Manufacturing,23912.47,66.0,Won,2024-07-08 21:35:40.988197640
OPP-3125,Finance,141256.42,88.0,Lost,2024-07-09 03:51:53.182636528
OPP-3126,Finance,123045.86,99.0,Lost,2024-07-09 10:08:05.377075416
OPP-3127,IT_Tech,28319.98,76.0,Won,2024-07-09 16:24:17.571514304
OPP-3128,Manufacturing,48447.0,,Lost,2024-07-09 22:40:29.765953192
OPP-3129,health-care,29580.38,52.0,Won,2024-07-10 04:56:41.960392080
OPP-3130,IT_Tech,39834.37,60.0,Won,2024-07-10 11:12:54.154830968
OPP-3131,IT_Tech,45541.45,75.0,Won,2024-07-10 17:29:06.349269856
OPP-3132,Finance,,77.0,Lost,2024-07-10 23:45:18.543708744
OPP-3133,Finance,46051.18,77.0,Lost,2024-07-11 06:01:30.738147632
OPP-3134,Retail,7050.29,55.0,Won,2024-07-11 12:17:42.932586520
OPP-3135,Manufacturing,23208.78,57.0,Won,2024-07-11 18:33:55.127025408
OPP-3136,IT_Tech,18614.87,54.0,Won,2024-07-12 00:50:07.321464296
OPP-3137,Retail,26064.48,89.0,Won,2024-07-12 07:06:19.515903184
OPP-3138,IT_Tech,78772.53,89.0,Lost,2024-07-12 13:22:31.710342064
OPP-3139,Manufacturing,42621.25,95.0,Lost,2024-07-12 19:38:43.904780952
OPP-3140,Retail,24603.59,77.0,Lost,2024-07-13 01:54:56.099219840
OPP-3141,Finance,79250.98,73.0,Won,2024-07-13 08:11:08.293658728
OPP-3142,Retail,12739.26,82.0,Lost,2024-07-13 14:27:20.488097616
OPP-3143,health-care,59884.77,76.0,Won,2024-07-13 20:43:32.682536504
OPP-3144,health-care,60704.03,79.0,Lost,2024-07-14 02:59:44.876975392
OPP-3145,Retail,6161.65,60.0,Won,2024-07-14 09:15:57.071414280
OPP-3146,health-care,85695.27,44.0,Lost,2024-07-14 15:32:09.265853168
OPP-3147,health-care,71381.9,97.0,Lost,2024-07-14 21:48:21.460292056
OPP-3148,health-care,114372.56,87.0,Lost,2024-07-15 04:04:33.654730944
OPP-3149,Retail,13999.29,70.0,Lost,2024-07-15 10:20:45.849169832
OPP-3150,health-care,66328.69,76.0,Lost,2024-07-15 16:36:58.043608720
OPP-3151,IT_Tech,23491.72,72.0,Won,2024-07-15 22:53:10.238047608
OPP-3152,Retail,13850.5,59.0,Won,2024-07-16 05:09:22.432486496
OPP-3153,Retail,19324.3,76.0,Won,2024-07-16 11:25:34.626925384
OPP-3154,IT_Tech,20503.08,53.0,Won,2024-07-16 17:41:46.821364272
OPP-3155,IT_Tech,37939.08,76.0,Lost,2024-07-16 23:57:59.015803160
OPP-3156,IT_Tech,40803.43,81.0,Lost,2024-07-17 06:14:11.210242048
OPP-3157,health-care,47532.13,73.0,Won,2024-07-17 12:30:23.404680936
OPP-3158,health-care,51394.49,80.0,Lost,2024-07-17 18:46:35.599119824
OPP-3159,Retail,14992.5,55.0,Won,2024-07-18 01:02:47.793558712
OPP-3160,Finance,37047.18,62.0,Lost,2024-07-18 07:18:59.987997600
OPP-3161,Finance,90215.29,,Lost,2024-07-18 13:35:12.182436488
OPP-3162,health-care,42735.59,82.0,Won,2024-07-18 19:51:24.376875376
OPP-3163,Retail,22729.68,47.0,Lost,2024-07-19 02:07:36.571314264
OPP-3164,health-care,297359.36,94.0,Lost,2024-07-19 08:23:48.765753152
OPP-3165,Manufacturing,23614.63,63.0,Won,2024-07-19 14:40:00.960192040
OPP-3166,Finance,100762.82,78.0,Lost,2024-07-19 20:56:13.154630928
OPP-3167,IT_Tech,25251.2,54.0,Won,2024-07-20 03:12:25.349069816
OPP-3168,Finance,136567.26,72.0,Lost,2024-07-20 09:28:37.543508704
OPP-3169,health-care,34229.56,84.0,Lost,2024-07-20 15:44:49.737947592
OPP-3170,Finance,97572.61,80.0,Lost,2024-07-20 22:01:01.932386480
OPP-3171,IT_Tech,23470.64,65.0,Won,2024-07-21 04:17:14.126825368
OPP-3172,IT_Tech,32745.07,71.0,Lost,2024-07-21 10:33:26.321264256
OPP-3173,Manufacturing,21687.41,75.0,Lost,2024-07-21 16:49:38.515703144
OPP-3174,IT_Tech,54785.19,81.0,Lost,2024-07-21 23:05:50.710142024
OPP-3175,Retail,8791.23,-30.0,Won,2024-07-22 05:22:02.904580912
OPP-3176,IT_Tech,47857.45,88.0,Lost,2024-07-22 11:38:15.099019800
OPP-3177,Finance,59488.67,,Lost,2024-07-22 17:54:27.293458688
OPP-3178,Finance,68276.2,82.0,Lost,2024-07-23 00:10:39.487897576
OPP-3179,Finance,79909.78,79.0,Won,2024-07-23 06:26:51.682336464
OPP-3180,health-care,46300.37,83.0,Lost,2024-07-23 12:43:03.876775352
OPP-3181,IT_Tech,,78.0,Won,2024-07-23 18:59:16.071214240
OPP-3182,IT_Tech,78054.87,91.0,Won,2024-07-24 01:15:28.265653128
OPP-3183,health-care,45850.58,85.0,Lost,2024-07-24 07:31:40.460092016
OPP-3184,Finance,147721.8,71.0,Lost,2024-07-24 13:47:52.654530904
OPP-3185,Manufacturing,76806.83,65.0,Lost,2024-07-24 20:04:04.848969792
OPP-3186,Manufacturing,24147.17,62.0,Lost,2024-07-25 02:20:17.043408680
OPP-3187,Retail,6454.11,73.0,Lost,2024-07-25 08:36:29.237847568
OPP-3188,Retail,15537.01,48.0,Won,2024-07-25 14:52:41.432286456
OPP-3189,Finance,52657.05,80.0,Won,2024-07-25 21:08:53.626725344
OPP-3190,IT_Tech,92438.76,84.0,Won,2024-07-26 03:25:05.821164232
OPP-3191,Manufacturing,36953.06,87.0,Won,2024-07-26 09:41:18.015603120
OPP-3192,Finance,,,Won,2024-07-26 15:57:30.210042008
OPP-3193,Finance,36743.05,57.0,Won,2024-07-26 22:13:42.404480896
OPP-3194,IT_Tech,62627.04,65.0,Lost,2024-07-27 04:29:54.598919784
OPP-3195,health-care,51911.19,61.0,Won,2024-07-27 10:46:06.793358672
OPP-3196,health-care,75079.08,72.0,Won,2024-07-27 17:02:18.987797560
OPP-3197,Manufacturing,,74.0,Lost,2024-07-27 23:18:31.182236448
OPP-3198,Finance,54690.48,62.0,Won,2024-07-28 05:34:43.376675336
OPP-3199,health-care,71142.68,95.0,Lost,2024-07-28 11:50:55.571114224
OPP-3200,Manufacturing,36015.9,57.0,Won,2024-07-28 18:07:07.765553112
OPP-3201,IT_Tech,51106.26,92.0,Lost,2024-07-29 00:23:19.959992000
OPP-3202,health-care,104239.52,95.0,Lost,2024-07-29 06:39:32.154430888
OPP-3203,IT_Tech,32530.82,83.0,Lost,2024-07-29 12:55:44.348869776
OPP-3204,Retail,13791.73,58.0,Lost,2024-07-29 19:11:56.543308664
OPP-3205,Manufacturing,30155.13,76.0,Lost,2024-07-30 01:28:08.737747552
OPP-3206,IT_Tech,17347.33,52.0,Won,2024-07-30 07:44:20.932186440
OPP-3207,Manufacturing,41307.54,85.0,Lost,2024-07-30 14:00:33.126625328
OPP-3208,IT_Tech,93535.46,79.0,Lost,2024-07-30 20:16:45.321064216
OPP-3209,Manufacturing,23345.05,65.0,Lost,2024-07-31 02:32:57.515503104
OPP-3210,Retail,9076.87,49.0,Won,2024-07-31 08:49:09.709941984
OPP-3211,Retail,8644.13,33.0,Won,2024-07-31 15:05:21.904380872
OPP-3212,IT_Tech,52171.72,63.0,Lost,2024-07-31 21:21:34.098819760
OPP-3213,Manufacturing,45444.3,88.0,Lost,2024-08-01 03:37:46.293258648
OPP-3214,Retail,12341.6,61.0,Won,2024-08-01 09:53:58.487697536
OPP-3215,health-care,42158.37,72.0,Won,2024-08-01 16:10:10.682136424
OPP-3216,Retail,13991.26,74.0,Won,2024-08-01 22:26:22.876575312
OPP-3217,IT_Tech,16608.82,89.0,Won,2024-08-02 04:42:35.071014200
OPP-3218,Manufacturing,39015.46,89.0,Won,2024-08-02 10:58:47.265453088
OPP-3219,IT_Tech,56148.89,64.0,Won,2024-08-02 17:14:59.459891976
OPP-3220,Retail,7146.66,38.0,Won,2024-08-02 23:31:11.654330864
OPP-3221,Finance,29158.13,100.0,Won,2024-08-03 05:47:23.848769752
OPP-3222,IT_Tech,79994.96,106.0,Lost,2024-08-03 12:03:36.043208640
OPP-3223,IT_Tech,26745.46,73.0,Won,2024-08-03 18:19:48.237647528
OPP-3224,IT_Tech,64085.53,,Lost,2024-08-04 00:36:00.432086416
OPP-3225,health-care,66676.07,89.0,Lost,2024-08-04 06:52:12.626525304
OPP-3226,health-care,66358.5,76.0,Lost,2024-08-04 13:08:24.820964192
OPP-3227,Finance,95134.56,78.0,Lost,2024-08-04 19:24:37.015403080
OPP-3228,IT_Tech,23341.79,81.0,Won,2024-08-05 01:40:49.209841968
OPP-3229,IT_Tech,38802.83,,Lost,2024-08-05 07:57:01.404280856
OPP-3230,Retail,11039.72,50.0,Lost,2024-08-05 14:13:13.598719744
OPP-3231,IT_Tech,18765.09,64.0,Lost,2024-08-05 20:29:25.793158632
OPP-3232,Manufacturing,42990.78,82.0,Lost,2024-08-06 02:45:37.987597520
OPP-3233,Manufacturing,31835.78,78.0,Lost,2024-08-06 09:01:50.182036408
OPP-3234,Finance,66555.08,80.0,Won,2024-08-06 15:18:02.376475296
OPP-3235,Finance,35380.05,84.0,Won,2024-08-06 21:34:14.570914184
OPP-3236,Manufacturing,,74.0,Lost,2024-08-07 03:50:26.765353072
OPP-3237,IT_Tech,56294.78,78.0,Won,2024-08-07 10:06:38.959791960
OPP-3238,IT_Tech,58810.63,36.0,Won,2024-08-07 16:22:51.154230848
OPP-3239,IT_Tech,31172.07,67.0,Lost,2024-08-07 22:39:03.348669736
OPP-3240,Retail,5627.43,69.0,Won,2024-08-08 04:55:15.543108624
OPP-3241,IT_Tech,96419.01,75.0,Lost,2024-08-08 11:11:27.737547512
OPP-3242,Finance,70498.13,72.0,Lost,2024-08-08 17:27:39.931986400
OPP-3243,Manufacturing,24974.24,58.0,Won,2024-08-08 23:43:52.126425288
OPP-3244,Manufacturing,44730.05,86.0,Won,2024-08-09 06:00:04.320864176
OPP-3245,Finance,147306.76,89.0,Lost,2024-08-09 12:16:16.515303064
OPP-3246,IT_Tech,35899.36,83.0,Won,2024-08-09 18:32:28.709741944
OPP-3247,Retail,25318.42,,Won,2024-08-10 00:48:40.904180832
OPP-3248,Finance,140056.33,81.0,Lost,2024-08-10 07:04:53.098619720
OPP-3249,IT_Tech,21201.12,66.0,Won,2024-08-10 13:21:05.293058608
OPP-3250,IT_Tech,25928.68,67.0,Won,2024-08-10 19:37:17.487497496
OPP-3251,Manufacturing,58616.33,69.0,Lost,2024-08-11 01:53:29.681936384
OPP-3252,Finance,14363.31,62.0,Lost,2024-08-11 08:09:41.876375272
OPP-3253,Retail,12397.77,76.0,Lost,2024-08-11 14:25:54.070814160
OPP-3254,Manufacturing,17757.88,45.0,Won,2024-08-11 20:42:06.265253048
OPP-3255,Finance,54943.89,97.0,Won,2024-08-12 02:58:18.459691936
OPP-3256,Finance,61126.94,82.0,Lost,2024-08-12 09:14:30.654130824
OPP-3257,health-care,58985.88,76.0,Won,2024-08-12 15:30:42.848569712
OPP-3258,health-care,52503.93,86.0,Won,2024-08-12 21:46:55.043008600
OPP-3259,health-care,37862.4,56.0,Lost,2024-08-13 04:03:07.237447488
OPP-3260,Retail,42022.3,66.0,Won,2024-08-13 10:19:19.431886376
OPP-3261,Finance,224241.12,84.0,Lost,2024-08-13 16:35:31.626325264
OPP-3262,Manufacturing,20312.0,85.0,Lost,2024-08-13 22:51:43.820764152
OPP-3263,health-care,188956.11,84.0,Lost,2024-08-14 05:07:56.015203040
OPP-3264,Finance,57544.9,82.0,Won,2024-08-14 11:24:08.209641928
OPP-3265,Finance,79024.44,71.0,Lost,2024-08-14 17:40:20.404080816
OPP-3266,Finance,70406.13,83.0,Lost,2024-08-14 23:56:32.598519704
OPP-3267,Retail,9605.83,,Won,2024-08-15 06:12:44.792958592
OPP-3268,IT_Tech,59392.67,,Won,2024-08-15 12:28:56.987397480
OPP-3269,Finance,78868.08,77.0,Lost,2024-08-15 18:45:09.181836368
OPP-3270,IT_Tech,28616.09,79.0,Lost,2024-08-16 01:01:21.376275256
OPP-3271,health-care,33431.25,79.0,Won,2024-08-16 07:17:33.570714144
OPP-3272,health-care,42780.73,80.0,Lost,2024-08-16 13:33:45.765153032
OPP-3273,Finance,27314.47,84.0,Lost,2024-08-16 19:49:57.959591920
OPP-3274,Manufacturing,36538.13,86.0,Won,2024-08-17 02:06:10.154030808
OPP-3275,Finance,35667.69,71.0,Lost,2024-08-17 08:22:22.348469696
OPP-3276,Retail,11698.54,73.0,Won,2024-08-17 14:38:34.542908584
OPP-3277,Finance,166385.24,79.0,Lost,2024-08-17 20:54:46.737347472
OPP-3278,Finance,150178.48,,Lost,2024-08-18 03:10:58.931786360
OPP-3279,IT_Tech,35734.13,70.0,Won,2024-08-18 09:27:11.126225248
OPP-3280,IT_Tech,34768.17,72.0,Lost,2024-08-18 15:43:23.320664136
OPP-3281,health-care,225917.4,66.0,Lost,2024-08-18 21:59:35.515103024
OPP-3282,health-care,99952.83,90.0,Lost,2024-08-19 04:15:47.709541904
OPP-3283,IT_Tech,30825.48,39.0,Won,2024-08-19 10:31:59.903980792
OPP-3284,IT_Tech,17800.66,101.0,Won,2024-08-19 16:48:12.098419680
OPP-3285,IT_Tech,44220.18,92.0,Lost,2024-08-19 23:04:24.292858568
OPP-3286,Manufacturing,54976.54,73.0,Lost,2024-08-20 05:20:36.487297456
OPP-3287,health-care,50061.58,75.0,Lost,2024-08-20 11:36:48.681736344
OPP-3288,health-care,87092.12,83.0,Lost,2024-08-20 17:53:00.876175232
OPP-3289,IT_Tech,30279.11,65.0,Won,2024-08-21 00:09:13.070614120
OPP-3290,Finance,65485.27,79.0,Won,2024-08-21 06:25:25.265053008
OPP-3291,IT_Tech,10468.11,63.0,Won,2024-08-21 12:41:37.459491896
OPP-3292,IT_Tech,32503.7,71.0,Won,2024-08-21 18:57:49.653930784
OPP-3293,Finance,130825.75,84.0,Lost,2024-08-22 01:14:01.848369672
OPP-3294,IT_Tech,26484.07,55.0,Won,2024-08-22 07:30:14.042808560
OPP-3295,IT_Tech,37281.9,74.0,Lost,2024-08-22 13:46:26.237247448
OPP-3296,IT_Tech,24885.1,72.0,Won,2024-08-22 20:02:38.431686336
OPP-3297,IT_Tech,43487.15,76.0,Lost,2024-08-23 02:18:50.626125224
OPP-3298,IT_Tech,32589.27,70.0,Won,2024-08-23 08:35:02.820564112
OPP-3299,health-care,41624.95,88.0,Lost,2024-08-23 14:51:15.015003000
OPP-3300,Retail,26011.02,66.0,Lost,2024-08-23 21:07:27.209441888
OPP-3301,Finance,127689.81,85.0,Lost,2024-08-24 03:23:39.403880776
OPP-3302,Finance,50871.39,91.0,Won,2024-08-24 09:39:51.598319664
OPP-3303,IT_Tech,46578.49,74.0,Lost,2024-08-24 15:56:03.792758552
OPP-3304,Manufacturing,47510.5,77.0,Lost,2024-08-24 22:12:15.987197440
OPP-3305,health-care,107514.47,79.0,Lost,2024-08-25 04:28:28.181636328
OPP-3306,IT_Tech,15566.43,82.0,Won,2024-08-25 10:44:40.376075216
OPP-3307,Finance,133781.6,79.0,Lost,2024-08-25 17:00:52.570514104
OPP-3308,IT_Tech,27313.89,86.0,Won,2024-08-25 23:17:04.764952992
OPP-3309,health-care,59000.62,75.0,Won,2024-08-26 05:33:16.959391880
OPP-3310,Finance,356015.32,79.0,Lost,2024-08-26 11:49:29.153830768
OPP-3311,Manufacturing,42232.13,82.0,Won,2024-08-26 18:05:41.348269656
OPP-3312,health-care,58000.48,,Lost,2024-08-27 00:21:53.542708544
OPP-3313,Retail,4435.31,66.0,Won,2024-08-27 06:38:05.737147432
OPP-3314,Manufacturing,72757.12,45.0,Lost,2024-08-27 12:54:17.931586320
OPP-3315,IT_Tech,18534.61,68.0,Lost,2024-08-27 19:10:30.126025208
OPP-3316,IT_Tech,21988.62,64.0,Won,2024-08-28 01:26:42.320464096
OPP-3317,health-care,59945.35,64.0,Lost,2024-08-28 07:42:54.514902984
OPP-3318,health-care,171073.24,77.0,Lost,2024-08-28 13:59:06.709341864
OPP-3319,health-care,116301.82,74.0,Lost,2024-08-28 20:15:18.903780752
OPP-3320,Manufacturing,33559.7,72.0,Won,2024-08-29 02:31:31.098219640
OPP-3321,Retail,15586.28,51.0,Won,2024-08-29 08:47:43.292658528
OPP-3322,Finance,51009.57,79.0,Won,2024-08-29 15:03:55.487097416
OPP-3323,health-care,79522.26,95.0,Lost,2024-08-29 21:20:07.681536304
OPP-3324,Retail,13858.7,70.0,Lost,2024-08-30 03:36:19.875975192
OPP-3325,Manufacturing,58946.47,86.0,Lost,2024-08-30 09:52:32.070414080
OPP-3326,Retail,21667.94,83.0,Lost,2024-08-30 16:08:44.264852968
OPP-3327,IT_Tech,,90.0,Won,2024-08-30 22:24:56.459291856
OPP-3328,Finance,58840.84,99.0,Won,2024-08-31 04:41:08.653730744
OPP-3329,IT_Tech,52623.14,70.0,Lost,2024-08-31 10:57:20.848169632
OPP-3330,IT_Tech,,64.0,Won,2024-08-31 17:13:33.042608520
OPP-3331,IT_Tech,21142.55,79.0,Lost,2024-08-31 23:29:45.237047408
OPP-3332,Finance,57413.07,85.0,Won,2024-09-01 05:45:57.431486296
OPP-3333,Finance,76935.0,88.0,Lost,2024-09-01 12:02:09.625925184
OPP-3334,IT_Tech,,-30.0,Lost,2024-09-01 18:18:21.820364072
OPP-3335,health-care,65505.09,77.0,Lost,2024-09-02 00:34:34.014802960
OPP-3336,health-care,35400.48,78.0,Won,2024-09-02 06:50:46.209241848
OPP-3337,health-care,75663.03,66.0,Lost,2024-09-02 13:06:58.403680736
OPP-3338,IT_Tech,38435.16,99.0,Lost,2024-09-02 19:23:10.598119624
OPP-3339,health-care,81756.66,75.0,Lost,2024-09-03 01:39:22.792558512
OPP-3340,Retail,21161.44,66.0,Won,2024-09-03 07:55:34.986997400
OPP-3341,IT_Tech,60443.34,72.0,Won,2024-09-03 14:11:47.181436288
OPP-3342,IT_Tech,26981.17,63.0,Won,2024-09-03 20:27:59.375875176
OPP-3343,health-care,50529.57,67.0,Won,2024-09-04 02:44:11.570314064
OPP-3344,Manufacturing,21588.17,63.0,Lost,2024-09-04 09:00:23.764752952
OPP-3345,Finance,111222.66,64.0,Lost,2024-09-04 15:16:35.959191840
OPP-3346,Finance,174432.31,75.0,Lost,2024-09-04 21:32:48.153630728
OPP-3347,health-care,60533.42,100.0,Lost,2024-09-05 03:49:00.348069616
OPP-3348,Finance,63268.42,86.0,Lost,2024-09-05 10:05:12.542508504
OPP-3349,IT_Tech,75613.59,89.0,Lost,2024-09-05 16:21:24.736947392
OPP-3350,Finance,99045.51,94.0,Lost,2024-09-05 22:37:36.931386280
OPP-3351,Manufacturing,45166.81,97.0,Won,2024-09-06 04:53:49.125825168
OPP-3352,Finance,,52.0,Lost,2024-09-06 11:10:01.320264056
OPP-3353,Manufacturing,50988.94,61.0,Won,2024-09-06 17:26:13.514702944
OPP-3354,Retail,,53.0,Won,2024-09-06 23:42:25.709141824
OPP-3355,IT_Tech,20598.84,63.0,Won,2024-09-07 05:58:37.903580712
OPP-3356,Manufacturing,30534.55,68.0,Won,2024-09-07 12:14:50.098019600
OPP-3357,IT_Tech,27094.98,66.0,Won,2024-09-07 18:31:02.292458488
OPP-3358,Finance,64025.72,80.0,Lost,2024-09-08 00:47:14.486897376
OPP-3359,IT_Tech,17667.98,68.0,Lost,2024-09-08 07:03:26.681336264
OPP-3360,IT_Tech,58653.83,68.0,Lost,2024-09-08 13:19:38.875775152
OPP-3361,health-care,143862.29,57.0,Lost,2024-09-08 19:35:51.070214040
OPP-3362,IT_Tech,13716.14,54.0,Won,2024-09-09 01:52:03.264652928
OPP-3363,health-care,131541.11,75.0,Lost,2024-09-09 08:08:15.459091816
OPP-3364,Finance,44966.94,72.0,Won,2024-09-09 14:24:27.653530704
OPP-3365,IT_Tech,55741.92,62.0,Won,2024-09-09 20:40:39.847969592
OPP-3366,IT_Tech,35093.69,67.0,Won,2024-09-10 02:56:52.042408480
OPP-3367,Finance,74404.03,64.0,Lost,2024-09-10 09:13:04.236847368
OPP-3368,health-care,65443.43,76.0,Lost,2024-09-10 15:29:16.431286256
OPP-3369,Retail,24491.09,57.0,Won,2024-09-10 21:45:28.625725144
OPP-3370,Finance,34760.86,63.0,Won,2024-09-11 04:01:40.820164032
OPP-3371,Retail,18104.58,52.0,Won,2024-09-11 10:17:53.014602920
OPP-3372,Finance,141605.19,81.0,Lost,2024-09-11 16:34:05.209041808
OPP-3373,health-care,112398.3,71.0,Lost,2024-09-11 22:50:17.403480696
OPP-3374,Finance,295026.17,99.0,Lost,2024-09-12 05:06:29.597919584
OPP-3375,IT_Tech,27876.15,76.0,Won,2024-09-12 11:22:41.792358472
OPP-3376,health-care,129882.16,81.0,Lost,2024-09-12 17:38:53.986797360
OPP-3377,Retail,12669.52,56.0,Won,2024-09-12 23:55:06.181236248
OPP-3378,health-care,153283.38,88.0,Lost,2024-09-13 06:11:18.375675136
OPP-3379,Retail,13308.46,74.0,Lost,2024-09-13 12:27:30.570114024
OPP-3380,Retail,11004.53,,Won,2024-09-13 18:43:42.764552912
OPP-3381,Manufacturing,69775.35,97.0,Won,2024-09-14 00:59:54.958991800
OPP-3382,Manufacturing,28402.12,77.0,Lost,2024-09-14 07:16:07.153430688
OPP-3383,health-care,31331.04,83.0,Won,2024-09-14 13:32:19.347869576
OPP-3384,health-care,53631.5,,Won,2024-09-14 19:48:31.542308464
OPP-3385,Finance,106023.89,89.0,Lost,2024-09-15 02:04:43.736747352
OPP-3386,health-care,168589.7,74.0,Lost,2024-09-15 08:20:55.931186240
OPP-3387,Finance,78172.85,73.0,Lost,2024-09-15 14:37:08.125625128
OPP-3388,Retail,25825.01,75.0,Won,2024-09-15 20:53:20.320064016
OPP-3389,Finance,32373.49,,Lost,2024-09-16 03:09:32.514502904
OPP-3390,health-care,56052.38,82.0,Won,2024-09-16 09:25:44.708941784
OPP-3391,IT_Tech,31436.11,,Won,2024-09-16 15:41:56.903380672
OPP-3392,health-care,68272.64,60.0,Lost,2024-09-16 21:58:09.097819560
OPP-3393,IT_Tech,37875.02,62.0,Lost,2024-09-17 04:14:21.292258448
OPP-3394,Manufacturing,,78.0,Won,2024-09-17 10:30:33.486697336
OPP-3395,health-care,56000.5,67.0,Lost,2024-09-17 16:46:45.681136224
OPP-3396,IT_Tech,38929.76,114.0,Lost,2024-09-17 23:02:57.875575112
OPP-3397,IT_Tech,,79.0,Won,2024-09-18 05:19:10.070014000
OPP-3398,Finance,41959.75,73.0,Lost,2024-09-18 11:35:22.264452888
OPP-3399,Finance,68309.22,71.0,Lost,2024-09-18 17:51:34.458891776
OPP-3400,health-care,67090.94,72.0,Won,2024-09-19 00:07:46.653330664
OPP-3401,IT_Tech,33438.38,73.0,Won,2024-09-19 06:23:58.847769552
OPP-3402,health-care,74537.35,79.0,Lost,2024-09-19 12:40:11.042208440
OPP-3403,health-care,76527.4,73.0,Lost,2024-09-19 18:56:23.236647328
OPP-3404,Finance,56422.48,73.0,Lost,2024-09-20 01:12:35.431086216
OPP-3405,Finance,156941.57,99.0,Lost,2024-09-20 07:28:47.625525104
OPP-3406,health-care,36254.24,90.0,Lost,2024-09-20 13:44:59.819963992
OPP-3407,IT_Tech,25324.18,74.0,Lost,2024-09-20 20:01:12.014402880
OPP-3408,Manufacturing,145798.65,,Lost,2024-09-21 02:17:24.208841768
OPP-3409,health-care,39230.32,80.0,Won,2024-09-21 08:33:36.403280656
OPP-3410,Finance,32459.46,91.0,Won,2024-09-21 14:49:48.597719544
OPP-3411,IT_Tech,52430.22,92.0,Lost,2024-09-21 21:06:00.792158432
OPP-3412,health-care,21030.48,78.0,Won,2024-09-22 03:22:12.986597320
OPP-3413,IT_Tech,32285.16,89.0,Lost,2024-09-22 09:38:25.181036208
OPP-3414,Finance,265002.61,,Lost,2024-09-22 15:54:37.375475096
OPP-3415,Manufacturing,16773.11,75.0,Won,2024-09-22 22:10:49.569913984
OPP-3416,health-care,,61.0,Won,2024-09-23 04:27:01.764352872
OPP-3417,IT_Tech,17161.25,71.0,Won,2024-09-23 10:43:13.958791760
OPP-3418,IT_Tech,56907.35,92.0,Lost,2024-09-23 16:59:26.153230648
OPP-3419,health-care,143611.36,76.0,Lost,2024-09-23 23:15:38.347669536
OPP-3420,IT_Tech,28105.08,61.0,Won,2024-09-24 05:31:50.542108424
OPP-3421,IT_Tech,51103.39,77.0,Won,2024-09-24 11:48:02.736547312
OPP-3422,Retail,26772.42,68.0,Lost,2024-09-24 18:04:14.930986200
OPP-3423,health-care,213716.97,93.0,Lost,2024-09-25 00:20:27.125425088
OPP-3424,IT_Tech,32107.1,67.0,Lost,2024-09-25 06:36:39.319863976
OPP-3425,Manufacturing,11490.37,86.0,Won,2024-09-25 12:52:51.514302864
OPP-3426,IT_Tech,24090.2,55.0,Won,2024-09-25 19:09:03.708741744
OPP-3427,Manufacturing,,87.0,Lost,2024-09-26 01:25:15.903180632
OPP-3428,health-care,62607.27,68.0,Won,2024-09-26 07:41:28.097619520
OPP-3429,Manufacturing,33059.7,51.0,Won,2024-09-26 13:57:40.292058408
OPP-3430,Finance,143105.41,85.0,Lost,2024-09-26 20:13:52.486497296
OPP-3431,Retail,25265.98,67.0,Won,2024-09-27 02:30:04.680936184
OPP-3432,Manufacturing,33328.33,59.0,Won,2024-09-27 08:46:16.875375072
OPP-3433,IT_Tech,62896.29,57.0,Lost,2024-09-27 15:02:29.069813960
OPP-3434,Manufacturing,43426.74,74.0,Lost,2024-09-27 21:18:41.264252848
OPP-3435,health-care,76016.34,90.0,Lost,2024-09-28 03:34:53.458691736
OPP-3436,health-care,125986.05,89.0,Lost,2024-09-28 09:51:05.653130624
OPP-3437,health-care,76370.46,79.0,Lost,2024-09-28 16:07:17.847569512
OPP-3438,Finance,251371.37,92.0,Lost,2024-09-28 22:23:30.042008400
OPP-3439,IT_Tech,17690.7,68.0,Won,2024-09-29 04:39:42.236447288
OPP-3440,Finance,53685.46,59.0,Lost,2024-09-29 10:55:54.430886176
OPP-3441,Finance,67784.49,60.0,Lost,2024-09-29 17:12:06.625325064
OPP-3442,Retail,16642.69,65.0,Lost,2024-09-29 23:28:18.819763952
OPP-3443,Retail,25184.41,69.0,Won,2024-09-30 05:44:31.014202840
OPP-3444,health-care,72067.67,88.0,Lost,2024-09-30 12:00:43.208641728
OPP-3445,health-care,31152.89,81.0,Won,2024-09-30 18:16:55.403080616
OPP-3446,IT_Tech,55340.32,83.0,Won,2024-10-01 00:33:07.597519504
OPP-3447,IT_Tech,52969.91,72.0,Won,2024-10-01 06:49:19.791958392
OPP-3448,IT_Tech,13753.8,50.0,Won,2024-10-01 13:05:31.986397280
OPP-3449,health-care,72963.71,83.0,Won,2024-10-01 19:21:44.180836168
OPP-3450,IT_Tech,16398.24,74.0,Lost,2024-10-02 01:37:56.375275056
OPP-3451,Manufacturing,26047.43,42.0,Lost,2024-10-02 07:54:08.569713944
OPP-3452,Finance,42544.87,64.0,Lost,2024-10-02 14:10:20.764152832
OPP-3453,health-care,118843.03,73.0,Lost,2024-10-02 20:26:32.958591720
OPP-3454,Finance,78440.69,80.0,Lost,2024-10-03 02:42:45.153030608
OPP-3455,IT_Tech,19095.43,59.0,Lost,2024-10-03 08:58:57.347469496
OPP-3456,health-care,124000.34,81.0,Lost,2024-10-03 15:15:09.541908384
OPP-3457,Finance,30937.26,69.0,Lost,2024-10-03 21:31:21.736347272
OPP-3458,health-care,89149.34,77.0,Lost,2024-10-04 03:47:33.930786160
OPP-3459,health-care,44873.09,66.0,Lost,2024-10-04 10:03:46.125225048
OPP-3460,Manufacturing,30247.28,64.0,Won,2024-10-04 16:19:58.319663936
OPP-3461,Manufacturing,46729.71,62.0,Won,2024-10-04 22:36:10.514102824
OPP-3462,Finance,99994.42,85.0,Won,2024-10-05 04:52:22.708541704
OPP-3463,Finance,163110.22,90.0,Lost,2024-10-05 11:08:34.902980592
OPP-3464,Finance,69608.9,68.0,Lost,2024-10-05 17:24:47.097419480
OPP-3465,IT_Tech,42328.9,92.0,Lost,2024-10-05 23:40:59.291858368
OPP-3466,health-care,56238.54,72.0,Lost,2024-10-06 05:57:11.486297256
OPP-3467,IT_Tech,39775.04,92.0,Lost,2024-10-06 12:13:23.680736144
OPP-3468,health-care,95195.85,72.0,Lost,2024-10-06 18:29:35.875175032
OPP-3469,Finance,68941.53,53.0,Won,2024-10-07 00:45:48.069613920
OPP-3470,IT_Tech,14737.12,72.0,Won,2024-10-07 07:02:00.264052808
OPP-3471,Manufacturing,42861.76,77.0,Won,2024-10-07 13:18:12.458491696
OPP-3472,Manufacturing,43576.82,75.0,Won,2024-10-07 19:34:24.652930584
OPP-3473,Retail,9508.23,56.0,Won,2024-10-08 01:50:36.847369472
OPP-3474,Finance,33838.95,72.0,Won,2024-10-08 08:06:49.041808360
OPP-3475,Manufacturing,75958.28,72.0,Won,2024-10-08 14:23:01.236247248
OPP-3476,IT_Tech,46431.01,71.0,Lost,2024-10-08 20:39:13.430686136
OPP-3477,Retail,11913.88,75.0,Won,2024-10-09 02:55:25.625125024
OPP-3478,IT_Tech,20567.83,71.0,Won,2024-10-09 09:11:37.819563912
OPP-3479,Retail,8858.14,70.0,Won,2024-10-09 15:27:50.014002800
OPP-3480,IT_Tech,69653.99,75.0,Won,2024-10-09 21:44:02.208441688
OPP-3481,Manufacturing,38903.17,69.0,Won,2024-10-10 04:00:14.402880576
OPP-3482,Manufacturing,27576.15,57.0,Lost,2024-10-10 10:16:26.597319464
OPP-3483,IT_Tech,46856.48,70.0,Won,2024-10-10 16:32:38.791758352
OPP-3484,health-care,44862.66,35.0,Lost,2024-10-10 22:48:50.986197240
OPP-3485,Manufacturing,76912.33,71.0,Won,2024-10-11 05:05:03.180636128
OPP-3486,health-care,164666.97,83.0,Lost,2024-10-11 11:21:15.375075016
OPP-3487,Manufacturing,28759.2,78.0,Lost,2024-10-11 17:37:27.569513904
OPP-3488,Finance,50151.21,72.0,Lost,2024-10-11 23:53:39.763952792
OPP-3489,health-care,15201.05,71.0,Won,2024-10-12 06:09:51.958391680
OPP-3490,IT_Tech,17312.94,42.0,Lost,2024-10-12 12:26:04.152830568
OPP-3491,IT_Tech,18587.88,68.0,Won,2024-10-12 18:42:16.347269456
OPP-3492,Retail,14294.0,46.0,Won,2024-10-13 00:58:28.541708344
OPP-3493,health-care,60129.74,62.0,Lost,2024-10-13 07:14:40.736147232
OPP-3494,Finance,32623.84,70.0,Won,2024-10-13 13:30:52.930586120
OPP-3495,health-care,61777.94,92.0,Won,2024-10-13 19:47:05.125025008
OPP-3496,Finance,99032.39,84.0,Lost,2024-10-14 02:03:17.319463896
OPP-3497,Manufacturing,47283.64,75.0,Lost,2024-10-14 08:19:29.513902784
OPP-3498,Manufacturing,14047.01,66.0,Won,2024-10-14 14:35:41.708341664
OPP-3499,health-care,67713.57,69.0,Won,2024-10-14 20:51:53.902780552
OPP-3500,Retail,6689.74,55.0,Won,2024-10-15 03:08:06.097219440
OPP-3501,Retail,20970.34,74.0,Won,2024-10-15 09:24:18.291658328
OPP-3502,Finance,117065.38,65.0,Lost,2024-10-15 15:40:30.486097216
OPP-3503,Manufacturing,23178.64,77.0,Won,2024-10-15 21:56:42.680536104
OPP-3504,IT_Tech,24759.82,66.0,Won,2024-10-16 04:12:54.874974992
OPP-3505,IT_Tech,28835.61,81.0,Lost,2024-10-16 10:29:07.069413880
OPP-3506,Manufacturing,11773.46,77.0,Won,2024-10-16 16:45:19.263852768
OPP-3507,health-care,89463.04,59.0,Lost,2024-10-16 23:01:31.458291656
OPP-3508,Retail,11656.02,58.0,Won,2024-10-17 05:17:43.652730544
OPP-3509,Manufacturing,58987.9,66.0,Won,2024-10-17 11:33:55.847169432
OPP-3510,IT_Tech,20968.89,47.0,Won,2024-10-17 17:50:08.041608320
OPP-3511,Manufacturing,26647.18,58.0,Lost,2024-10-18 00:06:20.236047208
OPP-3512,health-care,29616.44,101.0,Won,2024-10-18 06:22:32.430486096
OPP-3513,Finance,,81.0,Lost,2024-10-18 12:38:44.624924984
OPP-3514,Finance,35983.32,96.0,Lost,2024-10-18 18:54:56.819363872
OPP-3515,Manufacturing,59753.73,86.0,Won,2024-10-19 01:11:09.013802760
OPP-3516,IT_Tech,25613.35,62.0,Won,2024-10-19 07:27:21.208241648
OPP-3517,health-care,78787.17,74.0,Won,2024-10-19 13:43:33.402680536
OPP-3518,Finance,58194.26,83.0,Lost,2024-10-19 19:59:45.597119424
OPP-3519,Retail,7081.69,67.0,Won,2024-10-20 02:15:57.791558312
OPP-3520,Finance,66106.33,,Lost,2024-10-20 08:32:09.985997200
OPP-3521,IT_Tech,48998.83,57.0,Won,2024-10-20 14:48:22.180436088
OPP-3522,IT_Tech,19853.2,108.0,Won,2024-10-20 21:04:34.374874976
OPP-3523,health-care,118832.2,80.0,Lost,2024-10-21 03:20:46.569313864
OPP-3524,Retail,8735.4,59.0,Lost,2024-10-21 09:36:58.763752752
OPP-3525,IT_Tech,28524.2,73.0,Lost,2024-10-21 15:53:10.958191640
OPP-3526,IT_Tech,47350.92,72.0,Lost,2024-10-21 22:09:23.152630528
OPP-3527,Manufacturing,26063.26,72.0,Lost,2024-10-22 04:25:35.347069416
OPP-3528,IT_Tech,37004.23,89.0,Won,2024-10-22 10:41:47.541508304
OPP-3529,Manufacturing,31028.29,70.0,Won,2024-10-22 16:57:59.735947192
OPP-3530,Finance,79033.0,64.0,Won,2024-10-22 23:14:11.930386080
OPP-3531,Retail,4062.81,56.0,Won,2024-10-23 05:30:24.124824968
OPP-3532,IT_Tech,14547.28,61.0,Won,2024-10-23 11:46:36.319263856
OPP-3533,IT_Tech,49413.73,92.0,Won,2024-10-23 18:02:48.513702744
OPP-3534,Retail,22439.78,84.0,Won,2024-10-24 00:19:00.708141624
OPP-3535,Retail,8473.99,64.0,Won,2024-10-24 06:35:12.902580512
OPP-3536,Retail,11825.17,50.0,Won,2024-10-24 12:51:25.097019400
OPP-3537,IT_Tech,42081.34,59.0,Lost,2024-10-24 19:07:37.291458288
OPP-3538,Retail,18894.17,69.0,Won,2024-10-25 01:23:49.485897176
OPP-3539,Retail,4847.22,63.0,Lost,2024-10-25 07:40:01.680336064
OPP-3540,Finance,42975.09,70.0,Lost,2024-10-25 13:56:13.874774952
OPP-3541,Retail,11313.03,59.0,Won,2024-10-25 20:12:26.069213840
OPP-3542,Retail,18988.14,61.0,Lost,2024-10-26 02:28:38.263652728
OPP-3543,Finance,327439.4,88.0,Lost,2024-10-26 08:44:50.458091616
OPP-3544,IT_Tech,32402.7,44.0,Won,2024-10-26 15:01:02.652530504
OPP-3545,health-care,31439.29,59.0,Won,2024-10-26 21:17:14.846969392
OPP-3546,IT_Tech,44406.18,67.0,Lost,2024-10-27 03:33:27.041408280
OPP-3547,health-care,161554.44,98.0,Lost,2024-10-27 09:49:39.235847168
OPP-3548,health-care,78026.87,69.0,Lost,2024-10-27 16:05:51.430286056
OPP-3549,IT_Tech,23078.94,72.0,Won,2024-10-27 22:22:03.624724944
OPP-3550,health-care,129935.88,85.0,Lost,2024-10-28 04:38:15.819163832
OPP-3551,IT_Tech,50603.34,91.0,Lost,2024-10-28 10:54:28.013602720
OPP-3552,Retail,7998.1,78.0,Won,2024-10-28 17:10:40.208041608
OPP-3553,Manufacturing,43945.82,74.0,Won,2024-10-28 23:26:52.402480496
OPP-3554,IT_Tech,59792.34,71.0,Won,2024-10-29 05:43:04.596919384
OPP-3555,Manufacturing,65574.69,69.0,Won,2024-10-29 11:59:16.791358272
OPP-3556,Finance,70272.13,75.0,Won,2024-10-29 18:15:28.985797160
OPP-3557,IT_Tech,30362.4,67.0,Won,2024-10-30 00:31:41.180236048
OPP-3558,IT_Tech,67079.71,84.0,Lost,2024-10-30 06:47:53.374674936
OPP-3559,Finance,35380.06,78.0,Won,2024-10-30 13:04:05.569113824
OPP-3560,Retail,16635.42,75.0,Lost,2024-10-30 19:20:17.763552712
OPP-3561,Retail,6734.42,76.0,Won,2024-10-31 01:36:29.957991600
OPP-3562,IT_Tech,61863.66,99.0,Lost,2024-10-31 07:52:42.152430488
OPP-3563,IT_Tech,31919.65,74.0,Lost,2024-10-31 14:08:54.346869376
OPP-3564,health-care,156553.01,96.0,Lost,2024-10-31 20:25:06.541308264
OPP-3565,IT_Tech,46430.25,71.0,Lost,2024-11-01 02:41:18.735747152
OPP-3566,IT_Tech,19700.31,83.0,Won,2024-11-01 08:57:30.930186040
OPP-3567,IT_Tech,74036.53,91.0,Lost,2024-11-01 15:13:43.124624928
OPP-3568,Retail,29016.58,84.0,Lost,2024-11-01 21:29:55.319063816
OPP-3569,Manufacturing,56451.84,77.0,Lost,2024-11-02 03:46:07.513502696
OPP-3570,health-care,46306.95,67.0,Won,2024-11-02 10:02:19.707941584
OPP-3571,Manufacturing,31163.19,55.0,Won,2024-11-02 16:18:31.902380472
OPP-3572,health-care,79798.21,78.0,Lost,2024-11-02 22:34:44.096819360
OPP-3573,health-care,47943.27,93.0,Lost,2024-11-03 04:50:56.291258248
OPP-3574,IT_Tech,84640.93,75.0,Lost,2024-11-03 11:07:08.485697136
OPP-3575,Finance,,88.0,Lost,2024-11-03 17:23:20.680136024
OPP-3576,Manufacturing,9398.69,74.0,Lost,2024-11-03 23:39:32.874574912
OPP-3577,Finance,89645.07,,Lost,2024-11-04 05:55:45.069013800
OPP-3578,health-care,59343.96,92.0,Won,2024-11-04 12:11:57.263452688
OPP-3579,Finance,69915.6,43.0,Won,2024-11-04 18:28:09.457891576
OPP-3580,IT_Tech,30202.81,57.0,Won,2024-11-05 00:44:21.652330464
OPP-3581,Manufacturing,54367.58,65.0,Lost,2024-11-05 07:00:33.846769352
OPP-3582,Finance,143173.53,73.0,Lost,2024-11-05 13:16:46.041208240
OPP-3583,health-care,86667.3,83.0,Lost,2024-11-05 19:32:58.235647128
OPP-3584,Finance,18000000.0,80.0,Won,2024-11-06 01:49:10.430086016
OPP-3585,Finance,71338.95,82.0,Lost,2024-11-06 08:05:22.624524904
OPP-3586,IT_Tech,36673.14,80.0,Lost,2024-11-06 14:21:34.818963792
OPP-3587,Finance,45185.97,63.0,Lost,2024-11-06 20:37:47.013402680
OPP-3588,IT_Tech,48507.05,60.0,Lost,2024-11-07 02:53:59.207841568
OPP-3589,Retail,16814.91,72.0,Won,2024-11-07 09:10:11.402280456
OPP-3590,Retail,28860.25,64.0,Won,2024-11-07 15:26:23.596719344
OPP-3591,Retail,25026.11,52.0,Won,2024-11-07 21:42:35.791158232
OPP-3592,Finance,48464.9,87.0,Lost,2024-11-08 03:58:47.985597120
OPP-3593,Finance,119632.4,98.0,Lost,2024-11-08 10:15:00.180036008
OPP-3594,IT_Tech,22573.31,88.0,Lost,2024-11-08 16:31:12.374474896
OPP-3595,Retail,18919.83,71.0,Won,2024-11-08 22:47:24.568913784
OPP-3596,IT_Tech,28048.57,79.0,Lost,2024-11-09 05:03:36.763352672
OPP-3597,health-care,39578.77,90.0,Won,2024-11-09 11:19:48.957791560
OPP-3598,IT_Tech,41773.72,66.0,Won,2024-11-09 17:36:01.152230448
OPP-3599,IT_Tech,9534.92,77.0,Won,2024-11-09 23:52:13.346669336
OPP-3600,Finance,25576.13,74.0,Won,2024-11-10 06:08:25.541108224
OPP-3601,IT_Tech,33231.52,83.0,Lost,2024-11-10 12:24:37.735547112
OPP-3602,Retail,13921.93,69.0,Won,2024-11-10 18:40:49.929986000
OPP-3603,health-care,58595.24,92.0,Lost,2024-11-11 00:57:02.124424888
OPP-3604,IT_Tech,16486.25,70.0,Lost,2024-11-11 07:13:14.318863776
OPP-3605,Finance,44768.72,57.0,Lost,2024-11-11 13:29:26.513302656
OPP-3606,IT_Tech,44161.32,92.0,Lost,2024-11-11 19:45:38.707741544
OPP-3607,IT_Tech,48576.29,,Lost,2024-11-12 02:01:50.902180432
OPP-3608,Retail,13251.8,81.0,Won,2024-11-12 08:18:03.096619320
OPP-3609,IT_Tech,64758.28,76.0,Won,2024-11-12 14:34:15.291058208
OPP-3610,Retail,16296.38,,Won,2024-11-12 20:50:27.485497096
OPP-3611,IT_Tech,24991.03,84.0,Won,2024-11-13 03:06:39.679935984
OPP-3612,IT_Tech,31563.26,77.0,Won,2024-11-13 09:22:51.874374872
OPP-3613,Retail,6624.74,67.0,Won,2024-11-13 15:39:04.068813760
OPP-3614,health-care,68536.15,83.0,Lost,2024-11-13 21:55:16.263252648
OPP-3615,IT_Tech,63325.94,53.0,Lost,2024-11-14 04:11:28.457691536
OPP-3616,health-care,110323.7,82.0,Lost,2024-11-14 10:27:40.652130424
OPP-3617,IT_Tech,73203.95,65.0,Lost,2024-11-14 16:43:52.846569312
OPP-3618,Retail,11482.25,67.0,Lost,2024-11-14 23:00:05.041008200
OPP-3619,health-care,164006.26,70.0,Lost,2024-11-15 05:16:17.235447088
OPP-3620,Retail,12128.92,51.0,Won,2024-11-15 11:32:29.429885976
OPP-3621,Manufacturing,75795.37,97.0,Lost,2024-11-15 17:48:41.624324864
OPP-3622,health-care,72177.67,91.0,Lost,2024-11-16 00:04:53.818763752
OPP-3623,Manufacturing,51720.82,75.0,Won,2024-11-16 06:21:06.013202640
OPP-3624,health-care,177205.87,86.0,Lost,2024-11-16 12:37:18.207641528
OPP-3625,Manufacturing,32967.79,69.0,Lost,2024-11-16 18:53:30.402080416
OPP-3626,IT_Tech,40505.56,81.0,Lost,2024-11-17 01:09:42.596519304
OPP-3627,Finance,158469.6,75.0,Lost,2024-11-17 07:25:54.790958192
OPP-3628,health-care,67521.28,89.0,Won,2024-11-17 13:42:06.985397080
OPP-3629,health-care,33105.83,69.0,Lost,2024-11-17 19:58:19.179835968
OPP-3630,Finance,264554.94,82.0,Lost,2024-11-18 02:14:31.374274856
OPP-3631,Retail,10563.05,65.0,Won,2024-11-18 08:30:43.568713744
OPP-3632,IT_Tech,39315.65,66.0,Won,2024-11-18 14:46:55.763152632
OPP-3633,IT_Tech,64731.51,81.0,Lost,2024-11-18 21:03:07.957591520
OPP-3634,Retail,9855.19,57.0,Lost,2024-11-19 03:19:20.152030408
OPP-3635,Finance,39945.82,79.0,Lost,2024-11-19 09:35:32.346469296
OPP-3636,Manufacturing,41227.82,88.0,Lost,2024-11-19 15:51:44.540908184
OPP-3637,Retail,5450.5,51.0,Lost,2024-11-19 22:07:56.735347072
OPP-3638,Manufacturing,31446.63,70.0,Won,2024-11-20 04:24:08.929785960
OPP-3639,Retail,15101.05,72.0,Won,2024-11-20 10:40:21.124224848
OPP-3640,IT_Tech,31730.2,67.0,Lost,2024-11-20 16:56:33.318663736
OPP-3641,IT_Tech,16785.56,73.0,Won,2024-11-20 23:12:45.513102616
OPP-3642,Retail,29646.19,78.0,Lost,2024-11-21 05:28:57.707541504
OPP-3643,Finance,77817.6,,Won,2024-11-21 11:45:09.901980392
OPP-3644,IT_Tech,74278.44,71.0,Lost,2024-11-21 18:01:22.096419280
OPP-3645,health-care,62566.06,65.0,Won,2024-11-22 00:17:34.290858168
OPP-3646,Manufacturing,23388.37,66.0,Lost,2024-11-22 06:33:46.485297056
OPP-3647,Finance,85948.93,67.0,Won,2024-11-22 12:49:58.679735944
OPP-3648,health-care,64249.4,84.0,Lost,2024-11-22 19:06:10.874174832
OPP-3649,health-care,36074.56,59.0,Lost,2024-11-23 01:22:23.068613720
OPP-3650,IT_Tech,75727.16,106.0,Lost,2024-11-23 07:38:35.263052608
OPP-3651,health-care,50344.16,91.0,Won,2024-11-23 13:54:47.457491496
OPP-3652,health-care,24241.96,70.0,Won,2024-11-23 20:10:59.651930384
OPP-3653,IT_Tech,70550.43,88.0,Lost,2024-11-24 02:27:11.846369272
OPP-3654,Retail,10382.23,45.0,Won,2024-11-24 08:43:24.040808160
OPP-3655,health-care,50782.43,106.0,Won,2024-11-24 14:59:36.235247048
OPP-3656,Retail,5526.48,,Won,2024-11-24 21:15:48.429685936
OPP-3657,Manufacturing,86722.68,78.0,Lost,2024-11-25 03:32:00.624124824
OPP-3658,IT_Tech,19058.33,46.0,Won,2024-11-25 09:48:12.818563712
OPP-3659,Finance,75740.6,,Won,2024-11-25 16:04:25.013002600
OPP-3660,health-care,126446.2,68.0,Lost,2024-11-25 22:20:37.207441488
OPP-3661,Manufacturing,44840.12,76.0,Lost,2024-11-26 04:36:49.401880376
OPP-3662,IT_Tech,35248.31,66.0,Won,2024-11-26 10:53:01.596319264
OPP-3663,Finance,26344.12,58.0,Lost,2024-11-26 17:09:13.790758152
OPP-3664,Finance,44988.63,65.0,Lost,2024-11-26 23:25:25.985197040
OPP-3665,IT_Tech,39890.77,76.0,Won,2024-11-27 05:41:38.179635928
OPP-3666,IT_Tech,24499.62,55.0,Won,2024-11-27 11:57:50.374074816
OPP-3667,Finance,82620.71,70.0,Lost,2024-11-27 18:14:02.568513704
OPP-3668,Retail,18786.08,76.0,Won,2024-11-28 00:30:14.762952592
OPP-3669,health-care,130287.88,113.0,Lost,2024-11-28 06:46:26.957391480
OPP-3670,Finance,35041.64,78.0,Won,2024-11-28 13:02:39.151830368
OPP-3671,health-care,,76.0,Lost,2024-11-28 19:18:51.346269256
OPP-3672,Retail,19608.92,64.0,Won,2024-11-29 01:35:03.540708144
OPP-3673,IT_Tech,36284.39,73.0,Lost,2024-11-29 07:51:15.735147032
OPP-3674,Manufacturing,62615.51,73.0,Won,2024-11-29 14:07:27.929585920
OPP-3675,IT_Tech,118504.22,92.0,Lost,2024-11-29 20:23:40.124024808
OPP-3676,health-care,18000000.0,74.0,Lost,2024-11-30 02:39:52.318463696
OPP-3677,IT_Tech,,83.0,Won,2024-11-30 08:56:04.512902576
OPP-3678,IT_Tech,11056.61,61.0,Lost,2024-11-30 15:12:16.707341464
OPP-3679,Finance,82091.6,95.0,Lost,2024-11-30 21:28:28.901780352
OPP-3680,IT_Tech,43594.97,72.0,Lost,2024-12-01 03:44:41.096219240
OPP-3681,Retail,13100.67,54.0,Won,2024-12-01 10:00:53.290658128
OPP-3682,IT_Tech,,97.0,Won,2024-12-01 16:17:05.485097016
OPP-3683,health-care,21381.71,47.0,Lost,2024-12-01 22:33:17.679535904
OPP-3684,health-care,91502.38,71.0,Lost,2024-12-02 04:49:29.873974792
OPP-3685,IT_Tech,75185.77,71.0,Lost,2024-12-02 11:05:42.068413680
OPP-3686,IT_Tech,27024.27,101.0,Won,2024-12-02 17:21:54.262852568
OPP-3687,health-care,95228.63,101.0,Won,2024-12-02 23:38:06.457291456
OPP-3688,health-care,28541.47,89.0,Lost,2024-12-03 05:54:18.651730344
OPP-3689,health-care,96213.78,76.0,Lost,2024-12-03 12:10:30.846169232
OPP-3690,Finance,57755.31,105.0,Lost,2024-12-03 18:26:43.040608120
OPP-3691,Finance,46283.89,79.0,Won,2024-12-04 00:42:55.235047008
OPP-3692,IT_Tech,24830.26,82.0,Lost,2024-12-04 06:59:07.429485896
OPP-3693,health-care,57747.37,78.0,Lost,2024-12-04 13:15:19.623924784
OPP-3694,Manufacturing,43967.97,74.0,Won,2024-12-04 19:31:31.818363672
OPP-3695,Finance,,69.0,Won,2024-12-05 01:47:44.012802560
OPP-3696,Finance,57626.1,74.0,Won,2024-12-05 08:03:56.207241448
OPP-3697,health-care,71333.19,85.0,Lost,2024-12-05 14:20:08.401680336
OPP-3698,Retail,7711.6,67.0,Lost,2024-12-05 20:36:20.596119224
OPP-3699,Retail,32804.88,72.0,Lost,2024-12-06 02:52:32.790558112
OPP-3700,Finance,43822.5,92.0,Won,2024-12-06 09:08:44.984997000
OPP-3701,Manufacturing,,35.0,Lost,2024-12-06 15:24:57.179435888
OPP-3702,IT_Tech,22266.67,76.0,Won,2024-12-06 21:41:09.373874776
OPP-3703,IT_Tech,89253.87,88.0,Lost,2024-12-07 03:57:21.568313664
OPP-3704,Retail,17614.06,82.0,Lost,2024-12-07 10:13:33.762752552
OPP-3705,Retail,8364.1,62.0,Won,2024-12-07 16:29:45.957191440
OPP-3706,IT_Tech,63140.38,79.0,Won,2024-12-07 22:45:58.151630328
OPP-3707,IT_Tech,40148.86,86.0,Lost,2024-12-08 05:02:10.346069216
OPP-3708,IT_Tech,41300.37,92.0,Won,2024-12-08 11:18:22.540508104
OPP-3709,IT_Tech,30569.6,68.0,Lost,2024-12-08 17:34:34.734946992
OPP-3710,Retail,9184.68,,Lost,2024-12-08 23:50:46.929385880
OPP-3711,Finance,89559.6,99.0,Lost,2024-12-09 06:06:59.123824768
OPP-3712,health-care,52730.41,50.0,Won,2024-12-09 12:23:11.318263656
OPP-3713,health-care,217521.59,77.0,Lost,2024-12-09 18:39:23.512702536
OPP-3714,IT_Tech,19251.7,86.0,Won,2024-12-10 00:55:35.707141424
OPP-3715,IT_Tech,78282.42,91.0,Lost,2024-12-10 07:11:47.901580312
OPP-3716,Finance,68405.51,84.0,Lost,2024-12-10 13:28:00.096019200
OPP-3717,Manufacturing,,69.0,Won,2024-12-10 19:44:12.290458088
OPP-3718,Retail,20263.55,58.0,Won,2024-12-11 02:00:24.484896976
OPP-3719,IT_Tech,26499.35,64.0,Won,2024-12-11 08:16:36.679335864
OPP-3720,Manufacturing,55944.99,95.0,Lost,2024-12-11 14:32:48.873774752
OPP-3721,Retail,,49.0,Lost,2024-12-11 20:49:01.068213640
OPP-3722,Retail,9320.81,65.0,Won,2024-12-12 03:05:13.262652528
OPP-3723,health-care,42005.77,65.0,Lost,2024-12-12 09:21:25.457091416
OPP-3724,health-care,34471.78,83.0,Lost,2024-12-12 15:37:37.651530304
OPP-3725,health-care,64281.5,71.0,Won,2024-12-12 21:53:49.845969192
OPP-3726,IT_Tech,44040.94,73.0,Won,2024-12-13 04:10:02.040408080
OPP-3727,IT_Tech,51602.74,55.0,Won,2024-12-13 10:26:14.234846968
OPP-3728,IT_Tech,40963.57,54.0,Lost,2024-12-13 16:42:26.429285856
OPP-3729,health-care,49049.43,75.0,Won,2024-12-13 22:58:38.623724744
OPP-3730,Retail,16066.77,51.0,Lost,2024-12-14 05:14:50.818163632
OPP-3731,health-care,78792.37,104.0,Lost,2024-12-14 11:31:03.012602520
OPP-3732,IT_Tech,57990.13,52.0,Lost,2024-12-14 17:47:15.207041408
OPP-3733,Manufacturing,53555.21,66.0,Won,2024-12-15 00:03:27.401480296
OPP-3734,Manufacturing,36873.12,73.0,Won,2024-12-15 06:19:39.595919184
OPP-3735,Retail,,58.0,Won,2024-12-15 12:35:51.790358072
OPP-3736,Manufacturing,26200.27,57.0,Won,2024-12-15 18:52:03.984796960
OPP-3737,Finance,52581.86,64.0,Lost,2024-12-16 01:08:16.179235848
OPP-3738,Manufacturing,31019.36,60.0,Won,2024-12-16 07:24:28.373674736
OPP-3739,IT_Tech,41523.93,70.0,Won,2024-12-16 13:40:40.568113624
OPP-3740,health-care,,104.0,Lost,2024-12-16 19:56:52.762552512
OPP-3741,IT_Tech,35399.06,74.0,Won,2024-12-17 02:13:04.956991400
OPP-3742,IT_Tech,36609.48,87.0,Lost,2024-12-17 08:29:17.151430288
OPP-3743,IT_Tech,39013.12,80.0,Lost,2024-12-17 14:45:29.345869176
OPP-3744,Finance,53661.81,89.0,Lost,2024-12-17 21:01:41.540308064
OPP-3745,Retail,8411.07,29.0,Won,2024-12-18 03:17:53.734746952
OPP-3746,Finance,25507.74,67.0,Lost,2024-12-18 09:34:05.929185840
OPP-3747,IT_Tech,25653.24,86.0,Lost,2024-12-18 15:50:18.123624728
OPP-3748,Retail,16925.43,61.0,Won,2024-12-18 22:06:30.318063616
OPP-3749,Finance,47966.26,96.0,Won,2024-12-19 04:22:42.512502496
OPP-3750,health-care,63406.13,95.0,Lost,2024-12-19 10:38:54.706941384
OPP-3751,Finance,96747.4,74.0,Lost,2024-12-19 16:55:06.901380272
OPP-3752,IT_Tech,47114.91,69.0,Lost,2024-12-19 23:11:19.095819160
OPP-3753,health-care,38264.59,61.0,Won,2024-12-20 05:27:31.290258048
OPP-3754,Manufacturing,59786.17,69.0,Won,2024-12-20 11:43:43.484696936
OPP-3755,IT_Tech,,62.0,Lost,2024-12-20 17:59:55.679135824
OPP-3756,health-care,37126.64,78.0,Lost,2024-12-21 00:16:07.873574712
OPP-3757,Manufacturing,24054.6,53.0,Won,2024-12-21 06:32:20.068013600
OPP-3758,Retail,24234.81,77.0,Won,2024-12-21 12:48:32.262452488
OPP-3759,IT_Tech,33744.52,80.0,Won,2024-12-21 19:04:44.456891376
OPP-3760,IT_Tech,11969.43,45.0,Lost,2024-12-22 01:20:56.651330264
OPP-3761,IT_Tech,18036.62,87.0,Lost,2024-12-22 07:37:08.845769152
OPP-3762,Finance,62967.77,83.0,Lost,2024-12-22 13:53:21.040208040
OPP-3763,health-care,36394.55,82.0,Won,2024-12-22 20:09:33.234646928
OPP-3764,IT_Tech,,62.0,Won,2024-12-23 02:25:45.429085816
OPP-3765,Manufacturing,36908.54,81.0,Lost,2024-12-23 08:41:57.623524704
OPP-3766,Finance,175844.04,98.0,Lost,2024-12-23 14:58:09.817963592
OPP-3767,IT_Tech,31406.59,71.0,Won,2024-12-23 21:14:22.012402480
OPP-3768,Finance,139180.24,106.0,Lost,2024-12-24 03:30:34.206841368
OPP-3769,Finance,172345.44,84.0,Lost,2024-12-24 09:46:46.401280256
OPP-3770,IT_Tech,74395.8,92.0,Lost,2024-12-24 16:02:58.595719144
OPP-3771,IT_Tech,41872.2,78.0,Won,2024-12-24 22:19:10.790158032
OPP-3772,Retail,5005.81,66.0,Won,2024-12-25 04:35:22.984596920
OPP-3773,health-care,96422.51,60.0,Won,2024-12-25 10:51:35.179035808
OPP-3774,Finance,137178.73,87.0,Lost,2024-12-25 17:07:47.373474696
OPP-3775,health-care,,69.0,Lost,2024-12-25 23:23:59.567913584
OPP-3776,IT_Tech,86880.76,69.0,Lost,2024-12-26 05:40:11.762352472
OPP-3777,IT_Tech,55821.63,97.0,Lost,2024-12-26 11:56:23.956791360
OPP-3778,health-care,102843.53,78.0,Lost,2024-12-26 18:12:36.151230248
OPP-3779,IT_Tech,62516.78,65.0,Lost,2024-12-27 00:28:48.345669136
OPP-3780,IT_Tech,42902.48,70.0,Won,2024-12-27 06:45:00.540108024
OPP-3781,Retail,3841.41,,Lost,2024-12-27 13:01:12.734546912
OPP-3782,Manufacturing,28294.72,,Won,2024-12-27 19:17:24.928985800
OPP-3783,Retail,24308.56,62.0,Won,2024-12-28 01:33:37.123424688
OPP-3784,Manufacturing,24250.79,77.0,Won,2024-12-28 07:49:49.317863576
OPP-3785,IT_Tech,32476.23,88.0,Won,2024-12-28 14:06:01.512302456
OPP-3786,Manufacturing,21538.17,63.0,Won,2024-12-28 20:22:13.706741344
OPP-3787,IT_Tech,88606.57,86.0,Lost,2024-12-29 02:38:25.901180232
OPP-3788,Manufacturing,84182.83,67.0,Lost,2024-12-29 08:54:38.095619120
OPP-3789,Manufacturing,23343.31,99.0,Lost,2024-12-29 15:10:50.290058008
OPP-3790,Retail,14380.8,78.0,Won,2024-12-29 21:27:02.484496896
OPP-3791,Manufacturing,25841.91,68.0,Won,2024-12-30 03:43:14.678935784
OPP-3792,Finance,105764.14,71.0,Lost,2024-12-30 09:59:26.873374672
OPP-3793,IT_Tech,46856.34,73.0,Lost,2024-12-30 16:15:39.067813560
OPP-3794,health-care,,77.0,Lost,2024-12-30 22:31:51.262252448
OPP-3795,Finance,89245.93,103.0,Lost,2024-12-31 04:48:03.456691336
OPP-3796,IT_Tech,157582.29,69.0,Lost,2024-12-31 11:04:15.651130224
OPP-3797,Finance,39468.01,75.0,Lost,2024-12-31 17:20:27.845569112
OPP-3798,Manufacturing,15439.71,67.0,Won,2024-12-31 23:36:40.040008000
OPP-3799,IT_Tech,29835.52,70.0,Lost,2025-01-01 05:52:52.234446888
OPP-3800,Retail,6099.77,59.0,Won,2025-01-01 12:09:04.428885776
OPP-3801,Manufacturing,17219.0,66.0,Won,2025-01-01 18:25:16.623324664
OPP-3802,Manufacturing,22011.99,80.0,Won,2025-01-02 00:41:28.817763552
OPP-3803,Manufacturing,22900.31,77.0,Won,2025-01-02 06:57:41.012202440
OPP-3804,Finance,41242.69,79.0,Lost,2025-01-02 13:13:53.206641328
OPP-3805,Manufacturing,47056.74,38.0,Won,2025-01-02 19:30:05.401080216
OPP-3806,Retail,10372.42,68.0,Won,2025-01-03 01:46:17.595519104
OPP-3807,IT_Tech,33197.93,53.0,Won,2025-01-03 08:02:29.789957992
OPP-3808,health-care,125058.84,89.0,Lost,2025-01-03 14:18:41.984396880
OPP-3809,Retail,9107.37,81.0,Won,2025-01-03 20:34:54.178835768
OPP-3810,IT_Tech,31816.08,,Won,2025-01-04 02:51:06.373274656
OPP-3811,Finance,91076.58,76.0,Lost,2025-01-04 09:07:18.567713544
OPP-3812,Finance,22812.4,63.0,Won,2025-01-04 15:23:30.762152432
OPP-3813,IT_Tech,11020.88,79.0,Won,2025-01-04 21:39:42.956591320
OPP-3814,Finance,90009.49,80.0,Lost,2025-01-05 03:55:55.151030208
OPP-3815,Retail,17085.87,88.0,Won,2025-01-05 10:12:07.345469096
OPP-3816,health-care,252339.85,92.0,Lost,2025-01-05 16:28:19.539907984
OPP-3817,IT_Tech,39302.66,76.0,Won,2025-01-05 22:44:31.734346872
OPP-3818,IT_Tech,54713.72,77.0,Lost,2025-01-06 05:00:43.928785760
OPP-3819,health-care,65037.31,87.0,Lost,2025-01-06 11:16:56.123224648
OPP-3820,Manufacturing,42134.14,53.0,Lost,2025-01-06 17:33:08.317663536
OPP-3821,IT_Tech,83585.76,80.0,Lost,2025-01-06 23:49:20.512102416
OPP-3822,Finance,20447.26,68.0,Won,2025-01-07 06:05:32.706541304
OPP-3823,IT_Tech,44658.87,83.0,Won,2025-01-07 12:21:44.900980192
OPP-3824,health-care,263379.71,85.0,Lost,2025-01-07 18:37:57.095419080
OPP-3825,Retail,15382.98,55.0,Won,2025-01-08 00:54:09.289857968
OPP-3826,Retail,30494.04,72.0,Lost,2025-01-08 07:10:21.484296856
OPP-3827,IT_Tech,26513.09,58.0,Won,2025-01-08 13:26:33.678735744
OPP-3828,health-care,71737.69,55.0,Lost,2025-01-08 19:42:45.873174632
OPP-3829,IT_Tech,36929.37,82.0,Won,2025-01-09 01:58:58.067613520
OPP-3830,health-care,19330.61,76.0,Won,2025-01-09 08:15:10.262052408
OPP-3831,Finance,36282.59,79.0,Lost,2025-01-09 14:31:22.456491296
OPP-3832,IT_Tech,20984.98,85.0,Lost,2025-01-09 20:47:34.650930184
OPP-3833,IT_Tech,54777.4,68.0,Won,2025-01-10 03:03:46.845369072
OPP-3834,health-care,123413.02,,Lost,2025-01-10 09:19:59.039807960
OPP-3835,Manufacturing,42702.73,73.0,Won,2025-01-10 15:36:11.234246848
OPP-3836,Manufacturing,,72.0,Won,2025-01-10 21:52:23.428685736
OPP-3837,IT_Tech,33453.95,62.0,Lost,2025-01-11 04:08:35.623124624
OPP-3838,Retail,24366.53,69.0,Lost,2025-01-11 10:24:47.817563512
OPP-3839,health-care,73517.08,71.0,Lost,2025-01-11 16:41:00.012002400
OPP-3840,health-care,75714.0,56.0,Lost,2025-01-11 22:57:12.206441288
OPP-3841,Retail,11698.36,,Won,2025-01-12 05:13:24.400880176
OPP-3842,Manufacturing,51135.04,62.0,Lost,2025-01-12 11:29:36.595319064
OPP-3843,Manufacturing,29419.13,74.0,Won,2025-01-12 17:45:48.789757952
OPP-3844,Finance,131381.27,74.0,Lost,2025-01-13 00:02:00.984196840
OPP-3845,health-care,37075.46,86.0,Won,2025-01-13 06:18:13.178635728
OPP-3846,Retail,7712.07,81.0,Won,2025-01-13 12:34:25.373074616
OPP-3847,IT_Tech,51211.19,84.0,Lost,2025-01-13 18:50:37.567513504
OPP-3848,Finance,69346.67,59.0,Lost,2025-01-14 01:06:49.761952392
OPP-3849,health-care,55696.09,94.0,Lost,2025-01-14 07:23:01.956391280
OPP-3850,Finance,124745.96,101.0,Lost,2025-01-14 13:39:14.150830168
OPP-3851,IT_Tech,26805.69,71.0,Won,2025-01-14 19:55:26.345269056
OPP-3852,IT_Tech,32856.32,88.0,Won,2025-01-15 02:11:38.539707944
OPP-3853,Manufacturing,73102.22,71.0,Won,2025-01-15 08:27:50.734146832
OPP-3854,IT_Tech,78399.37,56.0,Won,2025-01-15 14:44:02.928585720
OPP-3855,Finance,187857.49,75.0,Lost,2025-01-15 21:00:15.123024608
OPP-3856,IT_Tech,31537.64,93.0,Lost,2025-01-16 03:16:27.317463496
OPP-3857,IT_Tech,67194.82,59.0,Lost,2025-01-16 09:32:39.511902376
OPP-3858,IT_Tech,22595.9,70.0,Won,2025-01-16 15:48:51.706341264
OPP-3859,IT_Tech,23076.0,70.0,Won,2025-01-16 22:05:03.900780152
OPP-3860,Manufacturing,11212.36,59.0,Won,2025-01-17 04:21:16.095219040
OPP-3861,IT_Tech,83820.6,74.0,Lost,2025-01-17 10:37:28.289657928
OPP-3862,Manufacturing,23576.6,71.0,Lost,2025-01-17 16:53:40.484096816
OPP-3863,Finance,67783.93,71.0,Lost,2025-01-17 23:09:52.678535704
OPP-3864,health-care,,57.0,Won,2025-01-18 05:26:04.872974592
OPP-3865,Finance,110979.32,83.0,Lost,2025-01-18 11:42:17.067413480
OPP-3866,Finance,58373.65,89.0,Won,2025-01-18 17:58:29.261852368
OPP-3867,Retail,6957.61,72.0,Lost,2025-01-19 00:14:41.456291256
OPP-3868,IT_Tech,45289.54,65.0,Lost,2025-01-19 06:30:53.650730144
OPP-3869,health-care,30938.67,57.0,Won,2025-01-19 12:47:05.845169032
OPP-3870,Manufacturing,23891.96,67.0,Lost,2025-01-19 19:03:18.039607920
OPP-3871,Manufacturing,12664.47,84.0,Lost,2025-01-20 01:19:30.234046808
OPP-3872,Manufacturing,17819.01,76.0,Lost,2025-01-20 07:35:42.428485696
OPP-3873,health-care,81398.94,87.0,Lost,2025-01-20 13:51:54.622924584
OPP-3874,Retail,5002.69,70.0,Won,2025-01-20 20:08:06.817363472
OPP-3875,health-care,30070.88,77.0,Won,2025-01-21 02:24:19.011802360
OPP-3876,health-care,73026.57,79.0,Lost,2025-01-21 08:40:31.206241248
OPP-3877,IT_Tech,27672.56,79.0,Won,2025-01-21 14:56:43.400680136
OPP-3878,Finance,241644.27,80.0,Lost,2025-01-21 21:12:55.595119024
OPP-3879,IT_Tech,90848.47,62.0,Lost,2025-01-22 03:29:07.789557912
OPP-3880,health-care,43444.8,83.0,Won,2025-01-22 09:45:19.983996800
OPP-3881,Manufacturing,47981.4,90.0,Won,2025-01-22 16:01:32.178435688
OPP-3882,IT_Tech,52819.79,62.0,Won,2025-01-22 22:17:44.372874576
OPP-3883,IT_Tech,26937.12,81.0,Lost,2025-01-23 04:33:56.567313464
OPP-3884,IT_Tech,17192.51,88.0,Won,2025-01-23 10:50:08.761752352
OPP-3885,Manufacturing,36092.88,73.0,Won,2025-01-23 17:06:20.956191240
OPP-3886,Finance,65926.29,67.0,Lost,2025-01-23 23:22:33.150630128
OPP-3887,health-care,56305.15,78.0,Won,2025-01-24 05:38:45.345069016
OPP-3888,Retail,16666.54,61.0,Won,2025-01-24 11:54:57.539507904
OPP-3889,Retail,9178.65,56.0,Lost,2025-01-24 18:11:09.733946792
OPP-3890,health-care,36636.54,78.0,Lost,2025-01-25 00:27:21.928385680
OPP-3891,Finance,78076.92,59.0,Won,2025-01-25 06:43:34.122824568
OPP-3892,Retail,16203.54,50.0,Lost,2025-01-25 12:59:46.317263456
OPP-3893,Finance,36098.73,73.0,Lost,2025-01-25 19:15:58.511702336
OPP-3894,IT_Tech,57759.63,76.0,Lost,2025-01-26 01:32:10.706141224
OPP-3895,Manufacturing,14984.32,71.0,Won,2025-01-26 07:48:22.900580112
OPP-3896,Finance,51695.81,98.0,Won,2025-01-26 14:04:35.095019000
OPP-3897,IT_Tech,31920.25,73.0,Won,2025-01-26 20:20:47.289457888
OPP-3898,health-care,49924.43,82.0,Won,2025-01-27 02:36:59.483896776
OPP-3899,IT_Tech,27377.31,59.0,Lost,2025-01-27 08:53:11.678335664
OPP-3900,IT_Tech,92553.05,89.0,Lost,2025-01-27 15:09:23.872774552
OPP-3901,Retail,8730.33,57.0,Won,2025-01-27 21:25:36.067213440
OPP-3902,IT_Tech,123082.59,82.0,Lost,2025-01-28 03:41:48.261652328
OPP-3903,health-care,95061.19,78.0,Won,2025-01-28 09:58:00.456091216
OPP-3904,Finance,77283.29,91.0,Won,2025-01-28 16:14:12.650530104
OPP-3905,IT_Tech,46079.35,59.0,Won,2025-01-28 22:30:24.844968992
OPP-3906,Manufacturing,128664.55,54.0,Lost,2025-01-29 04:46:37.039407880
OPP-3907,IT_Tech,22097.14,67.0,Lost,2025-01-29 11:02:49.233846768
OPP-3908,health-care,37337.34,79.0,Lost,2025-01-29 17:19:01.428285656
OPP-3909,health-care,46494.08,77.0,Lost,2025-01-29 23:35:13.622724544
OPP-3910,IT_Tech,36903.87,88.0,Lost,2025-01-30 05:51:25.817163432
OPP-3911,IT_Tech,,72.0,Won,2025-01-30 12:07:38.011602320
OPP-3912,Retail,13509.79,59.0,Won,2025-01-30 18:23:50.206041208
OPP-3913,Manufacturing,84691.76,51.0,Lost,2025-01-31 00:40:02.400480096
OPP-3914,IT_Tech,39171.46,71.0,Lost,2025-01-31 06:56:14.594918984
OPP-3915,Finance,61352.35,89.0,Won,2025-01-31 13:12:26.789357872
OPP-3916,Retail,,59.0,Won,2025-01-31 19:28:38.983796760
OPP-3917,Retail,20936.64,69.0,Won,2025-02-01 01:44:51.178235648
OPP-3918,health-care,44555.92,79.0,Lost,2025-02-01 08:01:03.372674536
OPP-3919,health-care,221424.63,73.0,Lost,2025-02-01 14:17:15.567113424
OPP-3920,health-care,233284.93,93.0,Lost,2025-02-01 20:33:27.761552312
OPP-3921,Retail,15189.74,87.0,Won,2025-02-02 02:49:39.955991200
OPP-3922,Retail,13283.03,64.0,Won,2025-02-02 09:05:52.150430088
OPP-3923,IT_Tech,60799.08,63.0,Lost,2025-02-02 15:22:04.344868976
OPP-3924,health-care,141051.32,82.0,Lost,2025-02-02 21:38:16.539307864
OPP-3925,Manufacturing,24270.19,43.0,Won,2025-02-03 03:54:28.733746752
OPP-3926,Retail,10267.33,68.0,Won,2025-02-03 10:10:40.928185640
OPP-3927,Manufacturing,18747.7,74.0,Won,2025-02-03 16:26:53.122624528
OPP-3928,Retail,16391.73,88.0,Won,2025-02-03 22:43:05.317063416
OPP-3929,health-care,109095.26,78.0,Lost,2025-02-04 04:59:17.511502296
OPP-3930,Finance,32534.12,77.0,Won,2025-02-04 11:15:29.705941184
OPP-3931,Finance,55652.41,66.0,Won,2025-02-04 17:31:41.900380072
OPP-3932,IT_Tech,18515.68,64.0,Lost,2025-02-04 23:47:54.094818960
OPP-3933,Finance,42647.34,56.0,Lost,2025-02-05 06:04:06.289257848
OPP-3934,Retail,17597.44,66.0,Won,2025-02-05 12:20:18.483696736
OPP-3935,IT_Tech,25166.25,67.0,Lost,2025-02-05 18:36:30.678135624
OPP-3936,Retail,11494.08,69.0,Won,2025-02-06 00:52:42.872574512
OPP-3937,Finance,27546.01,64.0,Lost,2025-02-06 07:08:55.067013400
OPP-3938,Manufacturing,39874.61,75.0,Won,2025-02-06 13:25:07.261452288
OPP-3939,IT_Tech,35520.43,69.0,Won,2025-02-06 19:41:19.455891176
OPP-3940,IT_Tech,,66.0,Won,2025-02-07 01:57:31.650330064
OPP-3941,Finance,65289.82,78.0,Lost,2025-02-07 08:13:43.844768952
OPP-3942,IT_Tech,39741.35,74.0,Lost,2025-02-07 14:29:56.039207840
OPP-3943,Retail,,72.0,Lost,2025-02-07 20:46:08.233646728
OPP-3944,Retail,6386.03,59.0,Lost,2025-02-08 03:02:20.428085616
OPP-3945,IT_Tech,89571.03,75.0,Lost,2025-02-08 09:18:32.622524504
OPP-3946,Finance,50012.91,73.0,Lost,2025-02-08 15:34:44.816963392
OPP-3947,Finance,69005.67,69.0,Lost,2025-02-08 21:50:57.011402280
OPP-3948,health-care,134121.83,78.0,Lost,2025-02-09 04:07:09.205841168
OPP-3949,Manufacturing,212039.44,110.0,Lost,2025-02-09 10:23:21.400280056
OPP-3950,Retail,7170.69,51.0,Won,2025-02-09 16:39:33.594718944
OPP-3951,Finance,95788.35,76.0,Lost,2025-02-09 22:55:45.789157832
OPP-3952,Retail,9378.96,59.0,Lost,2025-02-10 05:11:57.983596720
OPP-3953,health-care,52930.01,73.0,Lost,2025-02-10 11:28:10.178035608
OPP-3954,Manufacturing,25333.78,67.0,Won,2025-02-10 17:44:22.372474496
OPP-3955,Finance,37220.2,77.0,Won,2025-02-11 00:00:34.566913384
OPP-3956,Retail,13086.73,45.0,Lost,2025-02-11 06:16:46.761352272
OPP-3957,Manufacturing,17374.32,80.0,Won,2025-02-11 12:32:58.955791160
OPP-3958,IT_Tech,58302.71,84.0,Lost,2025-02-11 18:49:11.150230048
OPP-3959,Retail,13732.24,51.0,Won,2025-02-12 01:05:23.344668936
OPP-3960,IT_Tech,44856.22,47.0,Won,2025-02-12 07:21:35.539107824
OPP-3961,health-care,55286.65,64.0,Lost,2025-02-12 13:37:47.733546712
OPP-3962,health-care,58669.64,73.0,Lost,2025-02-12 19:53:59.927985600
OPP-3963,Manufacturing,41931.05,105.0,Won,2025-02-13 02:10:12.122424488
OPP-3964,Manufacturing,,75.0,Won,2025-02-13 08:26:24.316863376
OPP-3965,Retail,11170.2,43.0,Lost,2025-02-13 14:42:36.511302256
OPP-3966,Retail,8692.3,55.0,Won,2025-02-13 20:58:48.705741144
OPP-3967,Finance,42858.48,74.0,Lost,2025-02-14 03:15:00.900180032
OPP-3968,Manufacturing,,69.0,Won,2025-02-14 09:31:13.094618920
OPP-3969,health-care,163341.1,68.0,Lost,2025-02-14 15:47:25.289057808
OPP-3970,health-care,48439.78,73.0,Lost,2025-02-14 22:03:37.483496696
OPP-3971,IT_Tech,,68.0,Lost,2025-02-15 04:19:49.677935584
OPP-3972,Retail,18000000.0,56.0,Lost,2025-02-15 10:36:01.872374472
OPP-3973,Retail,7023.38,65.0,Lost,2025-02-15 16:52:14.066813360
OPP-3974,health-care,38061.3,83.0,Lost,2025-02-15 23:08:26.261252248
OPP-3975,IT_Tech,130646.63,92.0,Lost,2025-02-16 05:24:38.455691136
OPP-3976,Retail,32063.16,,Lost,2025-02-16 11:40:50.650130024
OPP-3977,IT_Tech,35747.68,67.0,Lost,2025-02-16 17:57:02.844568912
OPP-3978,Retail,15194.47,75.0,Won,2025-02-17 00:13:15.039007800
OPP-3979,Manufacturing,26491.44,75.0,Won,2025-02-17 06:29:27.233446688
OPP-3980,health-care,94789.28,81.0,Lost,2025-02-17 12:45:39.427885576
OPP-3981,IT_Tech,25372.19,63.0,Won,2025-02-17 19:01:51.622324464
OPP-3982,Retail,,53.0,Lost,2025-02-18 01:18:03.816763352
OPP-3983,Retail,6899.62,62.0,Won,2025-02-18 07:34:16.011202240
OPP-3984,Finance,74061.84,107.0,Lost,2025-02-18 13:50:28.205641128
OPP-3985,Manufacturing,20629.27,73.0,Won,2025-02-18 20:06:40.400080016
OPP-3986,IT_Tech,35114.21,65.0,Won,2025-02-19 02:22:52.594518904
OPP-3987,Finance,38376.61,63.0,Won,2025-02-19 08:39:04.788957792
OPP-3988,Retail,9034.66,57.0,Won,2025-02-19 14:55:16.983396680
OPP-3989,Manufacturing,55635.83,102.0,Lost,2025-02-19 21:11:29.177835568
OPP-3990,IT_Tech,41099.05,69.0,Won,2025-02-20 03:27:41.372274456
OPP-3991,Retail,13295.33,77.0,Won,2025-02-20 09:43:53.566713344
OPP-3992,Finance,123918.38,77.0,Won,2025-02-20 16:00:05.761152232
OPP-3993,health-care,97573.88,83.0,Lost,2025-02-20 22:16:17.955591120
OPP-3994,IT_Tech,74853.01,88.0,Lost,2025-02-21 04:32:30.150030008
OPP-3995,Manufacturing,28855.92,65.0,Lost,2025-02-21 10:48:42.344468896
OPP-3996,IT_Tech,29295.3,64.0,Won,2025-02-21 17:04:54.538907784
OPP-3997,health-care,33501.13,92.0,Won,2025-02-21 23:21:06.733346672
OPP-3998,IT_Tech,,83.0,Lost,2025-02-22 05:37:18.927785560
OPP-3999,Manufacturing,58828.69,86.0,Lost,2025-02-22 11:53:31.122224448
OPP-4000,Finance,159530.82,93.0,Lost,2025-02-22 18:09:43.316663336
OPP-4001,Retail,21593.61,75.0,Won,2025-02-23 00:25:55.511102216
OPP-4002,IT_Tech,14807.72,91.0,Won,2025-02-23 06:42:07.705541104
OPP-4003,Finance,140068.54,83.0,Lost,2025-02-23 12:58:19.899979992
OPP-4004,Finance,24267.39,77.0,Lost,2025-02-23 19:14:32.094418880
OPP-4005,Retail,20932.51,52.0,Won,2025-02-24 01:30:44.288857768
OPP-4006,Manufacturing,30215.42,62.0,Won,2025-02-24 07:46:56.483296656
OPP-4007,IT_Tech,51599.47,61.0,Won,2025-02-24 14:03:08.677735544
OPP-4008,Finance,32877.08,88.0,Lost,2025-02-24 20:19:20.872174432
OPP-4009,IT_Tech,65224.07,46.0,Lost,2025-02-25 02:35:33.066613320
OPP-4010,Finance,30364.07,67.0,Lost,2025-02-25 08:51:45.261052208
OPP-4011,IT_Tech,25997.94,35.0,Won,2025-02-25 15:07:57.455491096
OPP-4012,health-care,40180.75,64.0,Lost,2025-02-25 21:24:09.649929984
OPP-4013,health-care,25525.39,65.0,Won,2025-02-26 03:40:21.844368872
OPP-4014,Finance,77398.02,95.0,Won,2025-02-26 09:56:34.038807760
OPP-4015,health-care,216133.91,90.0,Lost,2025-02-26 16:12:46.233246648
OPP-4016,Retail,50688.41,65.0,Lost,2025-02-26 22:28:58.427685536
OPP-4017,health-care,77520.17,91.0,Lost,2025-02-27 04:45:10.622124424
OPP-4018,IT_Tech,63471.14,77.0,Lost,2025-02-27 11:01:22.816563312
OPP-4019,Retail,,67.0,Won,2025-02-27 17:17:35.011002200
OPP-4020,IT_Tech,46604.0,60.0,Won,2025-02-27 23:33:47.205441088
OPP-4021,health-care,59558.29,65.0,Won,2025-02-28 05:49:59.399879976
OPP-4022,Finance,82211.14,69.0,Lost,2025-02-28 12:06:11.594318864
OPP-4023,health-care,100960.76,81.0,Won,2025-02-28 18:22:23.788757752
OPP-4024,IT_Tech,27194.5,72.0,Won,2025-03-01 00:38:35.983196640
OPP-4025,health-care,69807.97,96.0,Lost,2025-03-01 06:54:48.177635528
OPP-4026,Manufacturing,35269.89,77.0,Won,2025-03-01 13:11:00.372074416
OPP-4027,Finance,120071.42,49.0,Lost,2025-03-01 19:27:12.566513304
OPP-4028,Finance,38575.81,77.0,Won,2025-03-02 01:43:24.760952192
OPP-4029,Finance,70903.47,60.0,Lost,2025-03-02 07:59:36.955391080
OPP-4030,IT_Tech,94466.71,68.0,Lost,2025-03-02 14:15:49.149829968
OPP-4031,health-care,147036.49,73.0,Lost,2025-03-02 20:32:01.344268856
OPP-4032,Retail,26228.18,63.0,Lost,2025-03-03 02:48:13.538707744
OPP-4033,IT_Tech,36761.85,57.0,Won,2025-03-03 09:04:25.733146632
OPP-4034,IT_Tech,42637.9,77.0,Won,2025-03-03 15:20:37.927585520
OPP-4035,IT_Tech,59941.12,60.0,Lost,2025-03-03 21:36:50.122024408
OPP-4036,health-care,186493.81,89.0,Lost,2025-03-04 03:53:02.316463296
OPP-4037,Manufacturing,13686.96,93.0,Lost,2025-03-04 10:09:14.510902176
OPP-4038,IT_Tech,18812.55,52.0,Lost,2025-03-04 16:25:26.705341064
OPP-4039,Finance,160438.58,80.0,Lost,2025-03-04 22:41:38.899779952
OPP-4040,IT_Tech,31620.32,42.0,Won,2025-03-05 04:57:51.094218840
OPP-4041,Manufacturing,,67.0,Lost,2025-03-05 11:14:03.288657728
OPP-4042,IT_Tech,19397.89,76.0,Lost,2025-03-05 17:30:15.483096616
OPP-4043,health-care,52417.2,84.0,Lost,2025-03-05 23:46:27.677535504
OPP-4044,Retail,6626.39,62.0,Lost,2025-03-06 06:02:39.871974392
OPP-4045,Retail,38007.82,84.0,Won,2025-03-06 12:18:52.066413280
OPP-4046,health-care,72152.58,108.0,Lost,2025-03-06 18:35:04.260852168
OPP-4047,health-care,70631.37,98.0,Lost,2025-03-07 00:51:16.455291056
OPP-4048,health-care,104072.81,74.0,Lost,2025-03-07 07:07:28.649729944
OPP-4049,IT_Tech,58757.41,59.0,Lost,2025-03-07 13:23:40.844168832
OPP-4050,IT_Tech,58275.91,71.0,Lost,2025-03-07 19:39:53.038607720
OPP-4051,health-care,139270.47,71.0,Lost,2025-03-08 01:56:05.233046608
OPP-4052,IT_Tech,26491.45,76.0,Won,2025-03-08 08:12:17.427485496
OPP-4053,IT_Tech,31290.4,58.0,Lost,2025-03-08 14:28:29.621924384
OPP-4054,Finance,116008.53,80.0,Lost,2025-03-08 20:44:41.816363272
OPP-4055,Manufacturing,27897.87,,Won,2025-03-09 03:00:54.010802160
OPP-4056,Finance,72906.71,77.0,Lost,2025-03-09 09:17:06.205241048
OPP-4057,IT_Tech,44328.45,63.0,Lost,2025-03-09 15:33:18.399679936
OPP-4058,IT_Tech,53776.54,90.0,Won,2025-03-09 21:49:30.594118824
OPP-4059,Manufacturing,14930.47,44.0,Lost,2025-03-10 04:05:42.788557712
OPP-4060,IT_Tech,51915.51,72.0,Won,2025-03-10 10:21:54.982996600
OPP-4061,IT_Tech,32310.19,72.0,Won,2025-03-10 16:38:07.177435488
OPP-4062,Finance,111800.87,81.0,Lost,2025-03-10 22:54:19.371874376
OPP-4063,Finance,116559.72,83.0,Lost,2025-03-11 05:10:31.566313264
OPP-4064,Finance,191903.71,92.0,Lost,2025-03-11 11:26:43.760752152
OPP-4065,IT_Tech,71448.12,77.0,Lost,2025-03-11 17:42:55.955191040
OPP-4066,IT_Tech,71202.69,73.0,Lost,2025-03-11 23:59:08.149629928
OPP-4067,Manufacturing,,73.0,Won,2025-03-12 06:15:20.344068816
OPP-4068,IT_Tech,42011.11,67.0,Won,2025-03-12 12:31:32.538507704
OPP-4069,Finance,74556.39,87.0,Lost,2025-03-12 18:47:44.732946592
OPP-4070,Retail,20669.38,61.0,Lost,2025-03-13 01:03:56.927385480
OPP-4071,Finance,113464.87,91.0,Lost,2025-03-13 07:20:09.121824368
OPP-4072,health-care,60752.3,77.0,Lost,2025-03-13 13:36:21.316263248
OPP-4073,IT_Tech,44462.96,68.0,Lost,2025-03-13 19:52:33.510702136
OPP-4074,Finance,71606.57,85.0,Lost,2025-03-14 02:08:45.705141024
OPP-4075,Manufacturing,23695.34,61.0,Won,2025-03-14 08:24:57.899579912
OPP-4076,Manufacturing,69232.82,85.0,Lost,2025-03-14 14:41:10.094018800
OPP-4077,IT_Tech,37331.76,76.0,Won,2025-03-14 20:57:22.288457688
OPP-4078,IT_Tech,101149.42,73.0,Lost,2025-03-15 03:13:34.482896576
OPP-4079,Manufacturing,16110.94,74.0,Won,2025-03-15 09:29:46.677335464
OPP-4080,Retail,10113.34,71.0,Won,2025-03-15 15:45:58.871774352
OPP-4081,Manufacturing,36913.01,,Won,2025-03-15 22:02:11.066213240
OPP-4082,IT_Tech,64131.47,89.0,Won,2025-03-16 04:18:23.260652128
OPP-4083,Finance,92937.42,85.0,Lost,2025-03-16 10:34:35.455091016
OPP-4084,Retail,15603.28,54.0,Lost,2025-03-16 16:50:47.649529904
OPP-4085,Finance,37184.29,103.0,Lost,2025-03-16 23:06:59.843968792
OPP-4086,health-care,36528.03,56.0,Lost,2025-03-17 05:23:12.038407680
OPP-4087,IT_Tech,,86.0,Lost,2025-03-17 11:39:24.232846568
OPP-4088,Finance,32258.49,77.0,Lost,2025-03-17 17:55:36.427285456
OPP-4089,IT_Tech,27835.32,57.0,Lost,2025-03-18 00:11:48.621724344
OPP-4090,health-care,,79.0,Lost,2025-03-18 06:28:00.816163232
OPP-4091,Manufacturing,22222.0,69.0,Won,2025-03-18 12:44:13.010602120
OPP-4092,health-care,191609.28,100.0,Lost,2025-03-18 19:00:25.205041008
OPP-4093,Retail,,62.0,Won,2025-03-19 01:16:37.399479896
OPP-4094,IT_Tech,16552.46,64.0,Lost,2025-03-19 07:32:49.593918784
OPP-4095,Finance,41796.89,46.0,Lost,2025-03-19 13:49:01.788357672
OPP-4096,Manufacturing,11580.89,86.0,Won,2025-03-19 20:05:13.982796560
OPP-4097,IT_Tech,24555.82,57.0,Lost,2025-03-20 02:21:26.177235448
OPP-4098,IT_Tech,53273.5,80.0,Lost,2025-03-20 08:37:38.371674336
OPP-4099,health-care,57048.84,75.0,Won,2025-03-20 14:53:50.566113224
OPP-4100,IT_Tech,45724.92,73.0,Lost,2025-03-20 21:10:02.760552112
OPP-4101,Retail,6240.61,70.0,Lost,2025-03-21 03:26:14.954991000
OPP-4102,Manufacturing,54121.54,96.0,Lost,2025-03-21 09:42:27.149429888
OPP-4103,health-care,52414.29,79.0,Lost,2025-03-21 15:58:39.343868776
OPP-4104,IT_Tech,36537.15,81.0,Won,2025-03-21 22:14:51.538307664
OPP-4105,health-care,69166.73,81.0,Won,2025-03-22 04:31:03.732746552
OPP-4106,Retail,7074.31,74.0,Won,2025-03-22 10:47:15.927185440
OPP-4107,IT_Tech,20403.42,63.0,Lost,2025-03-22 17:03:28.121624328
OPP-4108,Finance,130702.19,95.0,Lost,2025-03-22 23:19:40.316063208
OPP-4109,Finance,92910.81,93.0,Lost,2025-03-23 05:35:52.510502096
OPP-4110,Finance,137314.53,95.0,Lost,2025-03-23 11:52:04.704940984
OPP-4111,IT_Tech,,66.0,Lost,2025-03-23 18:08:16.899379872
OPP-4112,Retail,14349.86,64.0,Won,2025-03-24 00:24:29.093818760
OPP-4113,IT_Tech,15321.23,70.0,Won,2025-03-24 06:40:41.288257648
OPP-4114,IT_Tech,31723.62,56.0,Won,2025-03-24 12:56:53.482696536
OPP-4115,Manufacturing,35821.65,92.0,Won,2025-03-24 19:13:05.677135424
OPP-4116,Retail,35473.94,73.0,Lost,2025-03-25 01:29:17.871574312
OPP-4117,IT_Tech,51199.16,79.0,Won,2025-03-25 07:45:30.066013200
OPP-4118,IT_Tech,78278.68,71.0,Lost,2025-03-25 14:01:42.260452088
OPP-4119,IT_Tech,48960.49,59.0,Lost,2025-03-25 20:17:54.454890976
OPP-4120,IT_Tech,25446.88,63.0,Won,2025-03-26 02:34:06.649329864
OPP-4121,IT_Tech,38505.72,76.0,Won,2025-03-26 08:50:18.843768752
OPP-4122,IT_Tech,40868.38,82.0,Lost,2025-03-26 15:06:31.038207640
OPP-4123,health-care,41627.1,76.0,Lost,2025-03-26 21:22:43.232646528
OPP-4124,Retail,11023.74,69.0,Lost,2025-03-27 03:38:55.427085416
OPP-4125,Finance,64636.84,73.0,Won,2025-03-27 09:55:07.621524304
OPP-4126,Finance,191639.62,91.0,Lost,2025-03-27 16:11:19.815963192
OPP-4127,IT_Tech,12831.13,84.0,Lost,2025-03-27 22:27:32.010402080
OPP-4128,Manufacturing,66363.95,86.0,Lost,2025-03-28 04:43:44.204840968
OPP-4129,Retail,8363.25,72.0,Won,2025-03-28 10:59:56.399279856
OPP-4130,Retail,6727.51,65.0,Won,2025-03-28 17:16:08.593718744
OPP-4131,Retail,24100.1,52.0,Lost,2025-03-28 23:32:20.788157632
OPP-4132,Manufacturing,52362.66,63.0,Won,2025-03-29 05:48:32.982596520
OPP-4133,Finance,155237.46,,Lost,2025-03-29 12:04:45.177035408
OPP-4134,IT_Tech,54195.38,76.0,Won,2025-03-29 18:20:57.371474296
OPP-4135,Finance,251678.31,92.0,Lost,2025-03-30 00:37:09.565913184
OPP-4136,Retail,17665.38,88.0,Won,2025-03-30 06:53:21.760352072
OPP-4137,Retail,12354.32,74.0,Won,2025-03-30 13:09:33.954790960
OPP-4138,Finance,89837.33,94.0,Lost,2025-03-30 19:25:46.149229848
OPP-4139,IT_Tech,67625.1,78.0,Lost,2025-03-31 01:41:58.343668736
OPP-4140,health-care,45815.37,65.0,Lost,2025-03-31 07:58:10.538107624
OPP-4141,Manufacturing,26214.18,70.0,Won,2025-03-31 14:14:22.732546512
OPP-4142,Finance,60756.17,67.0,Lost,2025-03-31 20:30:34.926985400
OPP-4143,Finance,20686.78,88.0,Won,2025-04-01 02:46:47.121424288
OPP-4144,IT_Tech,,83.0,Won,2025-04-01 09:02:59.315863168
OPP-4145,health-care,23583.98,76.0,Lost,2025-04-01 15:19:11.510302056
OPP-4146,Manufacturing,37291.83,88.0,Won,2025-04-01 21:35:23.704740944
OPP-4147,Finance,122905.85,57.0,Lost,2025-04-02 03:51:35.899179832
OPP-4148,Retail,10525.56,71.0,Won,2025-04-02 10:07:48.093618720
OPP-4149,health-care,200039.38,69.0,Lost,2025-04-02 16:24:00.288057608
OPP-4150,Finance,30445.68,72.0,Lost,2025-04-02 22:40:12.482496496
OPP-4151,IT_Tech,65882.65,73.0,Lost,2025-04-03 04:56:24.676935384
OPP-4152,Retail,18724.13,76.0,Won,2025-04-03 11:12:36.871374272
OPP-4153,health-care,26118.0,73.0,Lost,2025-04-03 17:28:49.065813160
OPP-4154,health-care,371935.82,105.0,Lost,2025-04-03 23:45:01.260252048
OPP-4155,Finance,70386.22,70.0,Lost,2025-04-04 06:01:13.454690936
OPP-4156,Manufacturing,23417.95,-30.0,Won,2025-04-04 12:17:25.649129824
OPP-4157,IT_Tech,17969.95,70.0,Won,2025-04-04 18:33:37.843568712
OPP-4158,Retail,11967.99,46.0,Won,2025-04-05 00:49:50.038007600
OPP-4159,IT_Tech,34074.23,62.0,Lost,2025-04-05 07:06:02.232446488
OPP-4160,health-care,77775.93,77.0,Lost,2025-04-05 13:22:14.426885376
OPP-4161,IT_Tech,31291.5,85.0,Won,2025-04-05 19:38:26.621324264
OPP-4162,health-care,106930.59,86.0,Lost,2025-04-06 01:54:38.815763152
OPP-4163,Finance,57955.0,62.0,Won,2025-04-06 08:10:51.010202040
OPP-4164,IT_Tech,13801.3,65.0,Lost,2025-04-06 14:27:03.204640928
OPP-4165,health-care,66861.8,101.0,Won,2025-04-06 20:43:15.399079816
OPP-4166,Manufacturing,11117.34,66.0,Lost,2025-04-07 02:59:27.593518704
OPP-4167,IT_Tech,43342.34,70.0,Lost,2025-04-07 09:15:39.787957592
OPP-4168,Retail,8187.39,68.0,Won,2025-04-07 15:31:51.982396480
OPP-4169,health-care,80661.46,88.0,Lost,2025-04-07 21:48:04.176835368
OPP-4170,Finance,160884.98,78.0,Lost,2025-04-08 04:04:16.371274256
OPP-4171,IT_Tech,22598.2,76.0,Won,2025-04-08 10:20:28.565713144
OPP-4172,IT_Tech,61736.35,73.0,Lost,2025-04-08 16:36:40.760152032
OPP-4173,IT_Tech,29240.36,80.0,Lost,2025-04-08 22:52:52.954590920
OPP-4174,IT_Tech,87255.63,81.0,Lost,2025-04-09 05:09:05.149029808
OPP-4175,IT_Tech,30255.21,78.0,Won,2025-04-09 11:25:17.343468696
OPP-4176,Finance,44165.72,65.0,Lost,2025-04-09 17:41:29.537907584
OPP-4177,Manufacturing,51206.37,66.0,Lost,2025-04-09 23:57:41.732346472
OPP-4178,Retail,10744.03,76.0,Won,2025-04-10 06:13:53.926785360
OPP-4179,Finance,44140.38,73.0,Won,2025-04-10 12:30:06.121224248
OPP-4180,IT_Tech,28597.66,75.0,Won,2025-04-10 18:46:18.315663128
OPP-4181,IT_Tech,35514.51,69.0,Won,2025-04-11 01:02:30.510102016
OPP-4182,health-care,163621.0,94.0,Lost,2025-04-11 07:18:42.704540904
OPP-4183,IT_Tech,13807.35,59.0,Won,2025-04-11 13:34:54.898979792
OPP-4184,Finance,74150.23,76.0,Won,2025-04-11 19:51:07.093418680
OPP-4185,Finance,,90.0,Lost,2025-04-12 02:07:19.287857568
OPP-4186,health-care,82130.86,93.0,Lost,2025-04-12 08:23:31.482296456
OPP-4187,health-care,160479.12,77.0,Lost,2025-04-12 14:39:43.676735344
OPP-4188,Retail,12872.23,89.0,Lost,2025-04-12 20:55:55.871174232
OPP-4189,Retail,12182.12,69.0,Lost,2025-04-13 03:12:08.065613120
OPP-4190,health-care,104338.71,68.0,Lost,2025-04-13 09:28:20.260052008
OPP-4191,Manufacturing,38164.34,78.0,Won,2025-04-13 15:44:32.454490896
OPP-4192,Manufacturing,29875.55,67.0,Won,2025-04-13 22:00:44.648929784
OPP-4193,health-care,99676.62,85.0,Lost,2025-04-14 04:16:56.843368672
OPP-4194,health-care,49438.41,75.0,Won,2025-04-14 10:33:09.037807568
OPP-4195,Finance,50680.36,76.0,Lost,2025-04-14 16:49:21.232246448
OPP-4196,Manufacturing,27889.43,60.0,Won,2025-04-14 23:05:33.426685344
OPP-4197,Manufacturing,71434.38,90.0,Lost,2025-04-15 05:21:45.621124224
OPP-4198,IT_Tech,7255.33,48.0,Lost,2025-04-15 11:37:57.815563104
OPP-4199,health-care,92721.84,66.0,Lost,2025-04-15 17:54:10.010002000
OPP-4200,Finance,74649.8,82.0,Lost,2025-04-16 00:10:22.204440880
OPP-4201,Finance,26674.88,90.0,Won,2025-04-16 06:26:34.398879776
OPP-4202,IT_Tech,42398.29,70.0,Lost,2025-04-16 12:42:46.593318656
OPP-4203,Manufacturing,46068.1,83.0,Lost,2025-04-16 18:58:58.787757552
OPP-4204,Finance,104170.42,93.0,Lost,2025-04-17 01:15:10.982196432
OPP-4205,Retail,3547.81,66.0,Won,2025-04-17 07:31:23.176635328
OPP-4206,Manufacturing,,74.0,Lost,2025-04-17 13:47:35.371074208
OPP-4207,Retail,9238.47,50.0,Lost,2025-04-17 20:03:47.565513104
OPP-4208,health-care,110408.31,54.0,Lost,2025-04-18 02:19:59.759951984
OPP-4209,Finance,114078.75,78.0,Lost,2025-04-18 08:36:11.954390880
OPP-4210,IT_Tech,23427.16,,Lost,2025-04-18 14:52:24.148829760
OPP-4211,Finance,108692.27,67.0,Lost,2025-04-18 21:08:36.343268656
OPP-4212,IT_Tech,29949.06,80.0,Lost,2025-04-19 03:24:48.537707536
OPP-4213,Finance,21103.07,58.0,Won,2025-04-19 09:41:00.732146432
OPP-4214,IT_Tech,65112.44,78.0,Lost,2025-04-19 15:57:12.926585312
OPP-4215,IT_Tech,24648.65,79.0,Won,2025-04-19 22:13:25.121024208
OPP-4216,IT_Tech,,62.0,Won,2025-04-20 04:29:37.315463088
OPP-4217,IT_Tech,29687.08,74.0,Won,2025-04-20 10:45:49.509901984
OPP-4218,Retail,15307.81,62.0,Won,2025-04-20 17:02:01.704340864
OPP-4219,Retail,12982.59,74.0,Won,2025-04-20 23:18:13.898779760
OPP-4220,Finance,101604.2,83.0,Lost,2025-04-21 05:34:26.093218640
OPP-4221,IT_Tech,18587.7,69.0,Won,2025-04-21 11:50:38.287657536
OPP-4222,IT_Tech,25054.45,89.0,Lost,2025-04-21 18:06:50.482096416
OPP-4223,IT_Tech,,81.0,Won,2025-04-22 00:23:02.676535312
OPP-4224,IT_Tech,93802.21,71.0,Lost,2025-04-22 06:39:14.870974192
OPP-4225,Manufacturing,34306.62,72.0,Lost,2025-04-22 12:55:27.065413088
OPP-4226,IT_Tech,62480.58,76.0,Lost,2025-04-22 19:11:39.259851968
OPP-4227,health-care,74841.9,79.0,Lost,2025-04-23 01:27:51.454290864
OPP-4228,IT_Tech,28514.58,102.0,Lost,2025-04-23 07:44:03.648729744
OPP-4229,IT_Tech,32100.85,77.0,Won,2025-04-23 14:00:15.843168640
OPP-4230,Finance,66101.6,53.0,Lost,2025-04-23 20:16:28.037607520
OPP-4231,Finance,105049.55,74.0,Lost,2025-04-24 02:32:40.232046416
OPP-4232,IT_Tech,72207.96,55.0,Lost,2025-04-24 08:48:52.426485296
OPP-4233,IT_Tech,43470.61,70.0,Won,2025-04-24 15:05:04.620924192
OPP-4234,health-care,149081.23,59.0,Lost,2025-04-24 21:21:16.815363072
OPP-4235,IT_Tech,22417.68,59.0,Lost,2025-04-25 03:37:29.009801952
OPP-4236,IT_Tech,29515.91,,Won,2025-04-25 09:53:41.204240848
OPP-4237,Manufacturing,25282.02,75.0,Lost,2025-04-25 16:09:53.398679728
OPP-4238,Finance,88315.13,79.0,Lost,2025-04-25 22:26:05.593118624
OPP-4239,Finance,58960.62,80.0,Won,2025-04-26 04:42:17.787557504
OPP-4240,health-care,113307.85,80.0,Lost,2025-04-26 10:58:29.981996400
OPP-4241,health-care,41831.25,57.0,Won,2025-04-26 17:14:42.176435280
OPP-4242,Finance,75043.15,84.0,Won,2025-04-26 23:30:54.370874176
OPP-4243,Finance,110427.53,104.0,Lost,2025-04-27 05:47:06.565313056
OPP-4244,Retail,4756.89,64.0,Lost,2025-04-27 12:03:18.759751952
OPP-4245,IT_Tech,104905.55,75.0,Lost,2025-04-27 18:19:30.954190832
OPP-4246,Finance,61704.3,60.0,Lost,2025-04-28 00:35:43.148629728
OPP-4247,health-care,,58.0,Lost,2025-04-28 06:51:55.343068608
OPP-4248,Manufacturing,39302.64,79.0,Lost,2025-04-28 13:08:07.537507504
OPP-4249,Finance,74612.71,91.0,Lost,2025-04-28 19:24:19.731946384
OPP-4250,Finance,69623.91,81.0,Lost,2025-04-29 01:40:31.926385280
OPP-4251,IT_Tech,59611.01,86.0,Lost,2025-04-29 07:56:44.120824160
OPP-4252,Finance,114515.67,90.0,Lost,2025-04-29 14:12:56.315263056
OPP-4253,IT_Tech,42147.81,80.0,Won,2025-04-29 20:29:08.509701936
OPP-4254,health-care,95807.23,72.0,Lost,2025-04-30 02:45:20.704140832
OPP-4255,IT_Tech,34469.18,75.0,Lost,2025-04-30 09:01:32.898579712
OPP-4256,Finance,212202.12,75.0,Lost,2025-04-30 15:17:45.093018608
OPP-4257,IT_Tech,17333.6,68.0,Won,2025-04-30 21:33:57.287457488
OPP-4258,health-care,79522.16,82.0,Lost,2025-05-01 03:50:09.481896384
OPP-4259,Manufacturing,37515.61,93.0,Lost,2025-05-01 10:06:21.676335264
OPP-4260,IT_Tech,54537.3,60.0,Lost,2025-05-01 16:22:33.870774160
OPP-4261,Finance,44076.75,80.0,Lost,2025-05-01 22:38:46.065213040
OPP-4262,health-care,25688.44,88.0,Won,2025-05-02 04:54:58.259651936
OPP-4263,IT_Tech,39277.67,83.0,Won,2025-05-02 11:11:10.454090816
OPP-4264,Retail,15376.8,77.0,Lost,2025-05-02 17:27:22.648529712
OPP-4265,IT_Tech,76481.16,85.0,Lost,2025-05-02 23:43:34.842968592
OPP-4266,health-care,34124.91,88.0,Won,2025-05-03 05:59:47.037407488
OPP-4267,Finance,146212.49,70.0,Lost,2025-05-03 12:15:59.231846368
OPP-4268,Finance,302685.21,71.0,Lost,2025-05-03 18:32:11.426285264
OPP-4269,Finance,58299.05,76.0,Lost,2025-05-04 00:48:23.620724144
OPP-4270,IT_Tech,19044.41,43.0,Won,2025-05-04 07:04:35.815163024
OPP-4271,IT_Tech,,86.0,Won,2025-05-04 13:20:48.009601920
OPP-4272,Retail,13453.61,81.0,Won,2025-05-04 19:37:00.204040800
OPP-4273,Finance,102567.12,75.0,Lost,2025-05-05 01:53:12.398479696
OPP-4274,Retail,9939.8,59.0,Won,2025-05-05 08:09:24.592918576
OPP-4275,Retail,29073.99,71.0,Won,2025-05-05 14:25:36.787357472
OPP-4276,Retail,7652.09,63.0,Won,2025-05-05 20:41:48.981796352
OPP-4277,health-care,25757.39,72.0,Lost,2025-05-06 02:58:01.176235248
OPP-4278,health-care,142063.05,89.0,Won,2025-05-06 09:14:13.370674128
OPP-4279,Retail,4284.2,56.0,Won,2025-05-06 15:30:25.565113024
OPP-4280,health-care,64700.37,88.0,Lost,2025-05-06 21:46:37.759551904
OPP-4281,IT_Tech,172618.73,,Lost,2025-05-07 04:02:49.953990800
OPP-4282,Manufacturing,36097.48,66.0,Won,2025-05-07 10:19:02.148429680
OPP-4283,Manufacturing,,85.0,Won,2025-05-07 16:35:14.342868576
OPP-4284,health-care,70654.81,61.0,Lost,2025-05-07 22:51:26.537307456
OPP-4285,IT_Tech,35404.69,72.0,Lost,2025-05-08 05:07:38.731746352
OPP-4286,health-care,80530.39,90.0,Lost,2025-05-08 11:23:50.926185232
OPP-4287,Retail,18603.99,60.0,Won,2025-05-08 17:40:03.120624128
OPP-4288,Manufacturing,21599.91,73.0,Lost,2025-05-08 23:56:15.315063008
OPP-4289,IT_Tech,,85.0,Lost,2025-05-09 06:12:27.509501904
OPP-4290,IT_Tech,41050.45,64.0,Lost,2025-05-09 12:28:39.703940784
OPP-4291,Manufacturing,52229.2,75.0,Won,2025-05-09 18:44:51.898379680
OPP-4292,health-care,50166.88,73.0,Won,2025-05-10 01:01:04.092818560
OPP-4293,Finance,158233.85,77.0,Lost,2025-05-10 07:17:16.287257456
OPP-4294,Manufacturing,31935.51,100.0,Lost,2025-05-10 13:33:28.481696336
OPP-4295,IT_Tech,41721.68,65.0,Lost,2025-05-10 19:49:40.676135232
OPP-4296,Finance,41778.47,86.0,Lost,2025-05-11 02:05:52.870574112
OPP-4297,IT_Tech,22060.28,65.0,Won,2025-05-11 08:22:05.065013008
OPP-4298,health-care,110516.84,68.0,Lost,2025-05-11 14:38:17.259451888
OPP-4299,Retail,10702.11,66.0,Lost,2025-05-11 20:54:29.453890784
OPP-4300,health-care,43813.89,82.0,Lost,2025-05-12 03:10:41.648329664
OPP-4301,Manufacturing,26328.53,82.0,Lost,2025-05-12 09:26:53.842768560
OPP-4302,Finance,111231.83,100.0,Lost,2025-05-12 15:43:06.037207440
OPP-4303,health-care,50140.15,111.0,Won,2025-05-12 21:59:18.231646336
OPP-4304,IT_Tech,34240.78,76.0,Lost,2025-05-13 04:15:30.426085216
OPP-4305,health-care,73792.82,70.0,Won,2025-05-13 10:31:42.620524112
OPP-4306,health-care,23146.31,75.0,Lost,2025-05-13 16:47:54.814962992
OPP-4307,IT_Tech,,65.0,Won,2025-05-13 23:04:07.009401872
OPP-4308,health-care,89479.67,90.0,Lost,2025-05-14 05:20:19.203840768
OPP-4309,health-care,46994.34,59.0,Won,2025-05-14 11:36:31.398279648
OPP-4310,Retail,22660.13,98.0,Lost,2025-05-14 17:52:43.592718544
OPP-4311,Finance,130624.79,92.0,Lost,2025-05-15 00:08:55.787157424
OPP-4312,Retail,19140.93,48.0,Won,2025-05-15 06:25:07.981596320
OPP-4313,IT_Tech,90209.13,71.0,Lost,2025-05-15 12:41:20.176035200
OPP-4314,IT_Tech,34837.7,83.0,Lost,2025-05-15 18:57:32.370474096
OPP-4315,Finance,107939.82,95.0,Lost,2025-05-16 01:13:44.564912976
OPP-4316,health-care,51501.15,60.0,Won,2025-05-16 07:29:56.759351872
OPP-4317,IT_Tech,123770.58,90.0,Lost,2025-05-16 13:46:08.953790752
OPP-4318,Retail,36019.54,50.0,Won,2025-05-16 20:02:21.148229648
OPP-4319,Retail,13439.32,65.0,Won,2025-05-17 02:18:33.342668528
OPP-4320,Finance,92221.79,93.0,Won,2025-05-17 08:34:45.537107424
OPP-4321,IT_Tech,71657.19,71.0,Lost,2025-05-17 14:50:57.731546304
OPP-4322,Retail,12412.14,47.0,Won,2025-05-17 21:07:09.925985200
OPP-4323,Finance,49317.07,77.0,Won,2025-05-18 03:23:22.120424080
OPP-4324,Retail,20681.5,62.0,Lost,2025-05-18 09:39:34.314862976
OPP-4325,Retail,13894.1,74.0,Lost,2025-05-18 15:55:46.509301856
OPP-4326,Retail,14639.77,56.0,Won,2025-05-18 22:11:58.703740752
OPP-4327,Finance,44330.9,65.0,Lost,2025-05-19 04:28:10.898179632
OPP-4328,IT_Tech,15385.24,43.0,Lost,2025-05-19 10:44:23.092618528
OPP-4329,Finance,84261.93,81.0,Won,2025-05-19 17:00:35.287057408
OPP-4330,Finance,125866.52,80.0,Lost,2025-05-19 23:16:47.481496304
OPP-4331,Retail,11933.4,51.0,Won,2025-05-20 05:32:59.675935184
OPP-4332,IT_Tech,74474.7,80.0,Lost,2025-05-20 11:49:11.870374080
OPP-4333,IT_Tech,25541.04,83.0,Won,2025-05-20 18:05:24.064812960
OPP-4334,Manufacturing,21432.16,67.0,Lost,2025-05-21 00:21:36.259251856
OPP-4335,Retail,12918.1,69.0,Won,2025-05-21 06:37:48.453690736
OPP-4336,Manufacturing,34846.35,76.0,Lost,2025-05-21 12:54:00.648129632
OPP-4337,Retail,19633.34,54.0,Won,2025-05-21 19:10:12.842568512
OPP-4338,Finance,45936.82,99.0,Won,2025-05-22 01:26:25.037007408
OPP-4339,Finance,166184.94,78.0,Lost,2025-05-22 07:42:37.231446288
OPP-4340,Manufacturing,97096.29,88.0,Lost,2025-05-22 13:58:49.425885184
OPP-4341,Finance,71432.88,87.0,Lost,2025-05-22 20:15:01.620324064
OPP-4342,Finance,154790.25,81.0,Lost,2025-05-23 02:31:13.814762944
OPP-4343,IT_Tech,21412.96,77.0,Won,2025-05-23 08:47:26.009201840
OPP-4344,health-care,139404.2,85.0,Lost,2025-05-23 15:03:38.203640720
OPP-4345,Retail,,53.0,Won,2025-05-23 21:19:50.398079616
OPP-4346,IT_Tech,55922.31,72.0,Lost,2025-05-24 03:36:02.592518496
OPP-4347,IT_Tech,,66.0,Won,2025-05-24 09:52:14.786957392
OPP-4348,health-care,12424.81,60.0,Won,2025-05-24 16:08:26.981396272
OPP-4349,IT_Tech,26347.7,55.0,Won,2025-05-24 22:24:39.175835168
OPP-4350,IT_Tech,,84.0,Lost,2025-05-25 04:40:51.370274048
OPP-4351,health-care,40661.91,93.0,Won,2025-05-25 10:57:03.564712944
OPP-4352,Manufacturing,38604.4,85.0,Won,2025-05-25 17:13:15.759151824
OPP-4353,Finance,56875.61,91.0,Won,2025-05-25 23:29:27.953590720
OPP-4354,IT_Tech,24045.28,66.0,Won,2025-05-26 05:45:40.148029600
OPP-4355,IT_Tech,21388.31,62.0,Won,2025-05-26 12:01:52.342468496
OPP-4356,Finance,47604.96,66.0,Lost,2025-05-26 18:18:04.536907376
OPP-4357,health-care,143329.22,90.0,Lost,2025-05-27 00:34:16.731346272
OPP-4358,Retail,9599.7,66.0,Won,2025-05-27 06:50:28.925785152
OPP-4359,Finance,53692.94,75.0,Won,2025-05-27 13:06:41.120224048
OPP-4360,Retail,10632.29,80.0,Won,2025-05-27 19:22:53.314662928
OPP-4361,IT_Tech,43023.28,79.0,Lost,2025-05-28 01:39:05.509101824
OPP-4362,Finance,96158.17,70.0,Won,2025-05-28 07:55:17.703540704
OPP-4363,IT_Tech,7924.16,54.0,Lost,2025-05-28 14:11:29.897979600
OPP-4364,Manufacturing,60525.35,85.0,Won,2025-05-28 20:27:42.092418480
OPP-4365,Finance,173133.94,96.0,Lost,2025-05-29 02:43:54.286857376
OPP-4366,health-care,38944.31,80.0,Won,2025-05-29 09:00:06.481296256
OPP-4367,IT_Tech,22333.67,92.0,Won,2025-05-29 15:16:18.675735152
OPP-4368,IT_Tech,28994.84,91.0,Lost,2025-05-29 21:32:30.870174032
OPP-4369,Finance,46462.35,80.0,Lost,2025-05-30 03:48:43.064612928
OPP-4370,IT_Tech,40617.87,64.0,Won,2025-05-30 10:04:55.259051808
OPP-4371,Finance,22744.64,54.0,Won,2025-05-30 16:21:07.453490704
OPP-4372,IT_Tech,20765.25,64.0,Won,2025-05-30 22:37:19.647929584
OPP-4373,Finance,184152.28,93.0,Lost,2025-05-31 04:53:31.842368480
OPP-4374,Retail,8399.19,85.0,Won,2025-05-31 11:09:44.036807360
OPP-4375,Retail,24877.38,75.0,Lost,2025-05-31 17:25:56.231246256
OPP-4376,Retail,15957.26,81.0,Won,2025-05-31 23:42:08.425685136
OPP-4377,IT_Tech,14696.52,64.0,Won,2025-06-01 05:58:20.620124032
OPP-4378,IT_Tech,49894.43,83.0,Won,2025-06-01 12:14:32.814562912
OPP-4379,Finance,68145.45,87.0,Won,2025-06-01 18:30:45.009001792
OPP-4380,health-care,55643.46,52.0,Lost,2025-06-02 00:46:57.203440688
OPP-4381,health-care,84708.76,74.0,Lost,2025-06-02 07:03:09.397879568
OPP-4382,IT_Tech,46042.34,86.0,Lost,2025-06-02 13:19:21.592318464
OPP-4383,IT_Tech,51730.14,79.0,Won,2025-06-02 19:35:33.786757344
OPP-4384,IT_Tech,65455.54,63.0,Lost,2025-06-03 01:51:45.981196240
OPP-4385,Manufacturing,44536.66,45.0,Lost,2025-06-03 08:07:58.175635120
OPP-4386,IT_Tech,18254.79,64.0,Lost,2025-06-03 14:24:10.370074016
OPP-4387,Finance,55039.85,75.0,Lost,2025-06-03 20:40:22.564512896
OPP-4388,IT_Tech,158185.58,73.0,Lost,2025-06-04 02:56:34.758951792
OPP-4389,Finance,112949.34,83.0,Lost,2025-06-04 09:12:46.953390672
OPP-4390,health-care,303025.54,94.0,Lost,2025-06-04 15:28:59.147829568
OPP-4391,Manufacturing,72963.68,86.0,Lost,2025-06-04 21:45:11.342268448
OPP-4392,Manufacturing,40982.53,46.0,Lost,2025-06-05 04:01:23.536707344
OPP-4393,health-care,87626.98,63.0,Won,2025-06-05 10:17:35.731146224
OPP-4394,Manufacturing,35657.33,69.0,Won,2025-06-05 16:33:47.925585120
OPP-4395,Manufacturing,15231.15,74.0,Won,2025-06-05 22:50:00.120024000
OPP-4396,Retail,13480.83,72.0,Won,2025-06-06 05:06:12.314462896
OPP-4397,Retail,24473.28,76.0,Won,2025-06-06 11:22:24.508901776
OPP-4398,IT_Tech,26908.03,66.0,Won,2025-06-06 17:38:36.703340672
OPP-4399,Finance,93636.15,76.0,Lost,2025-06-06 23:54:48.897779552
OPP-4400,IT_Tech,55592.05,67.0,Lost,2025-06-07 06:11:01.092218448
OPP-4401,IT_Tech,23043.98,79.0,Won,2025-06-07 12:27:13.286657328
OPP-4402,Manufacturing,28979.63,60.0,Lost,2025-06-07 18:43:25.481096224
OPP-4403,health-care,39705.82,84.0,Won,2025-06-08 00:59:37.675535104
OPP-4404,Retail,8856.59,66.0,Won,2025-06-08 07:15:49.869974000
OPP-4405,Retail,7017.75,61.0,Won,2025-06-08 13:32:02.064412880
OPP-4406,Manufacturing,23150.6,62.0,Won,2025-06-08 19:48:14.258851776
OPP-4407,Manufacturing,73845.31,62.0,Lost,2025-06-09 02:04:26.453290656
OPP-4408,IT_Tech,22977.29,62.0,Won,2025-06-09 08:20:38.647729552
OPP-4409,IT_Tech,38685.87,,Lost,2025-06-09 14:36:50.842168432
OPP-4410,health-care,54083.19,47.0,Lost,2025-06-09 20:53:03.036607328
OPP-4411,IT_Tech,65475.61,75.0,Lost,2025-06-10 03:09:15.231046208
OPP-4412,IT_Tech,69953.16,89.0,Lost,2025-06-10 09:25:27.425485104
OPP-4413,health-care,122815.93,88.0,Lost,2025-06-10 15:41:39.619923984
OPP-4414,Retail,15569.47,61.0,Won,2025-06-10 21:57:51.814362864
OPP-4415,Finance,63663.35,77.0,Won,2025-06-11 04:14:04.008801760
OPP-4416,health-care,35770.37,66.0,Won,2025-06-11 10:30:16.203240640
OPP-4417,Finance,234712.66,88.0,Lost,2025-06-11 16:46:28.397679536
OPP-4418,IT_Tech,24838.83,89.0,Won,2025-06-11 23:02:40.592118416
OPP-4419,IT_Tech,50605.89,87.0,Won,2025-06-12 05:18:52.786557312
OPP-4420,Retail,,76.0,Won,2025-06-12 11:35:04.980996192
OPP-4421,Finance,52408.9,,Lost,2025-06-12 17:51:17.175435088
OPP-4422,Retail,22449.11,,Won,2025-06-13 00:07:29.369873968
OPP-4423,IT_Tech,53215.59,55.0,Lost,2025-06-13 06:23:41.564312864
OPP-4424,Retail,31697.15,69.0,Lost,2025-06-13 12:39:53.758751744
OPP-4425,Finance,55182.0,83.0,Lost,2025-06-13 18:56:05.953190640
OPP-4426,Finance,33808.98,81.0,Won,2025-06-14 01:12:18.147629520
OPP-4427,Finance,53998.21,84.0,Lost,2025-06-14 07:28:30.342068416
OPP-4428,Manufacturing,40312.9,77.0,Won,2025-06-14 13:44:42.536507296
OPP-4429,Finance,75729.85,76.0,Won,2025-06-14 20:00:54.730946192
OPP-4430,Finance,57753.39,83.0,Lost,2025-06-15 02:17:06.925385072
OPP-4431,Manufacturing,13980.26,55.0,Lost,2025-06-15 08:33:19.119823968
OPP-4432,Retail,16902.92,58.0,Won,2025-06-15 14:49:31.314262848
OPP-4433,health-care,238805.98,87.0,Lost,2025-06-15 21:05:43.508701744
OPP-4434,Retail,16850.33,70.0,Won,2025-06-16 03:21:55.703140624
OPP-4435,health-care,105396.14,59.0,Lost,2025-06-16 09:38:07.897579520
OPP-4436,IT_Tech,48350.06,80.0,Won,2025-06-16 15:54:20.092018400
OPP-4437,Finance,92802.42,89.0,Lost,2025-06-16 22:10:32.286457296
OPP-4438,Manufacturing,18000000.0,,Lost,2025-06-17 04:26:44.480896176
OPP-4439,Manufacturing,44253.37,103.0,Won,2025-06-17 10:42:56.675335072
OPP-4440,health-care,60620.82,68.0,Lost,2025-06-17 16:59:08.869773952
OPP-4441,Finance,45360.94,70.0,Won,2025-06-17 23:15:21.064212848
OPP-4442,IT_Tech,32064.77,67.0,Won,2025-06-18 05:31:33.258651728
OPP-4443,Manufacturing,42491.73,73.0,Lost,2025-06-18 11:47:45.453090624
OPP-4444,Manufacturing,31006.7,68.0,Lost,2025-06-18 18:03:57.647529504
OPP-4445,Finance,88309.52,62.0,Won,2025-06-19 00:20:09.841968400
OPP-4446,Retail,16640.17,61.0,Won,2025-06-19 06:36:22.036407280
OPP-4447,Retail,20263.77,68.0,Won,2025-06-19 12:52:34.230846176
OPP-4448,Finance,157893.65,98.0,Lost,2025-06-19 19:08:46.425285056
OPP-4449,IT_Tech,37759.93,100.0,Won,2025-06-20 01:24:58.619723952
OPP-4450,health-care,33367.38,88.0,Lost,2025-06-20 07:41:10.814162832
OPP-4451,Finance,59452.77,67.0,Lost,2025-06-20 13:57:23.008601712
OPP-4452,Finance,75089.61,70.0,Won,2025-06-20 20:13:35.203040608
OPP-4453,health-care,24307.46,68.0,Won,2025-06-21 02:29:47.397479488
OPP-4454,Manufacturing,72717.13,99.0,Lost,2025-06-21 08:45:59.591918384
OPP-4455,IT_Tech,38995.01,72.0,Won,2025-06-21 15:02:11.786357264
OPP-4456,Finance,91932.67,64.0,Lost,2025-06-21 21:18:23.980796160
OPP-4457,Finance,165929.1,78.0,Lost,2025-06-22 03:34:36.175235040
OPP-4458,Finance,50106.92,84.0,Won,2025-06-22 09:50:48.369673936
OPP-4459,Finance,103200.11,89.0,Lost,2025-06-22 16:07:00.564112816
OPP-4460,IT_Tech,34374.42,70.0,Won,2025-06-22 22:23:12.758551712
OPP-4461,IT_Tech,33122.12,81.0,Lost,2025-06-23 04:39:24.952990592
OPP-4462,Finance,46013.24,47.0,Won,2025-06-23 10:55:37.147429488
OPP-4463,Finance,198662.35,86.0,Lost,2025-06-23 17:11:49.341868368
OPP-4464,IT_Tech,30099.08,82.0,Won,2025-06-23 23:28:01.536307264
OPP-4465,Retail,18953.28,58.0,Won,2025-06-24 05:44:13.730746144
OPP-4466,health-care,23741.87,60.0,Won,2025-06-24 12:00:25.925185040
OPP-4467,Finance,148448.46,60.0,Lost,2025-06-24 18:16:38.119623920
OPP-4468,Retail,22609.05,89.0,Lost,2025-06-25 00:32:50.314062816
OPP-4469,IT_Tech,38128.49,65.0,Lost,2025-06-25 06:49:02.508501696
OPP-4470,IT_Tech,32419.93,75.0,Won,2025-06-25 13:05:14.702940592
OPP-4471,Retail,16317.61,75.0,Lost,2025-06-25 19:21:26.897379472
OPP-4472,Finance,288737.83,106.0,Lost,2025-06-26 01:37:39.091818368
OPP-4473,Finance,25388.66,69.0,Lost,2025-06-26 07:53:51.286257248
OPP-4474,Retail,19752.07,62.0,Lost,2025-06-26 14:10:03.480696144
OPP-4475,Retail,8469.2,65.0,Won,2025-06-26 20:26:15.675135024
OPP-4476,Manufacturing,35955.62,88.0,Won,2025-06-27 02:42:27.869573920
OPP-4477,Finance,63024.07,75.0,Lost,2025-06-27 08:58:40.064012800
OPP-4478,health-care,56557.27,65.0,Lost,2025-06-27 15:14:52.258451696
OPP-4479,health-care,72672.69,59.0,Won,2025-06-27 21:31:04.452890576
OPP-4480,IT_Tech,20597.28,54.0,Lost,2025-06-28 03:47:16.647329472
OPP-4481,Finance,135605.91,93.0,Lost,2025-06-28 10:03:28.841768352
OPP-4482,IT_Tech,14808.08,63.0,Won,2025-06-28 16:19:41.036207248
OPP-4483,Manufacturing,47566.42,68.0,Won,2025-06-28 22:35:53.230646128
OPP-4484,Finance,60118.84,68.0,Lost,2025-06-29 04:52:05.425085024
OPP-4485,Finance,36222.84,74.0,Won,2025-06-29 11:08:17.619523904
OPP-4486,health-care,82572.34,76.0,Won,2025-06-29 17:24:29.813962784
OPP-4487,IT_Tech,16672.64,64.0,Won,2025-06-29 23:40:42.008401680
OPP-4488,IT_Tech,37043.82,89.0,Lost,2025-06-30 05:56:54.202840560
OPP-4489,health-care,31140.79,90.0,Lost,2025-06-30 12:13:06.397279456
OPP-4490,IT_Tech,45735.77,55.0,Won,2025-06-30 18:29:18.591718336
OPP-4491,Finance,41998.35,78.0,Lost,2025-07-01 00:45:30.786157232
OPP-4492,Manufacturing,28984.11,62.0,Lost,2025-07-01 07:01:42.980596112
OPP-4493,Manufacturing,42065.14,71.0,Won,2025-07-01 13:17:55.175035008
OPP-4494,Finance,46003.59,78.0,Lost,2025-07-01 19:34:07.369473888
OPP-4495,IT_Tech,35278.11,70.0,Lost,2025-07-02 01:50:19.563912784
OPP-4496,Manufacturing,17036.01,70.0,Won,2025-07-02 08:06:31.758351664
OPP-4497,Manufacturing,49783.45,83.0,Lost,2025-07-02 14:22:43.952790560
OPP-4498,IT_Tech,87768.41,83.0,Lost,2025-07-02 20:38:56.147229440
OPP-4499,Retail,,68.0,Lost,2025-07-03 02:55:08.341668336
OPP-4500,IT_Tech,38009.22,66.0,Lost,2025-07-03 09:11:20.536107216
OPP-4501,Retail,,51.0,Lost,2025-07-03 15:27:32.730546112
OPP-4502,Manufacturing,14908.51,57.0,Lost,2025-07-03 21:43:44.924984992
OPP-4503,IT_Tech,76985.1,102.0,Won,2025-07-04 03:59:57.119423888
OPP-4504,Manufacturing,,66.0,Won,2025-07-04 10:16:09.313862768
OPP-4505,Finance,54701.15,62.0,Won,2025-07-04 16:32:21.508301664
OPP-4506,Manufacturing,67412.81,81.0,Lost,2025-07-04 22:48:33.702740544
OPP-4507,health-care,62775.14,76.0,Won,2025-07-05 05:04:45.897179440
OPP-4508,Retail,10625.24,62.0,Won,2025-07-05 11:20:58.091618320
OPP-4509,IT_Tech,46058.49,92.0,Won,2025-07-05 17:37:10.286057216
OPP-4510,health-care,38637.84,80.0,Won,2025-07-05 23:53:22.480496096
OPP-4511,IT_Tech,60525.04,70.0,Won,2025-07-06 06:09:34.674934992
OPP-4512,Manufacturing,21418.39,64.0,Lost,2025-07-06 12:25:46.869373872
OPP-4513,Retail,7902.8,56.0,Won,2025-07-06 18:41:59.063812768
OPP-4514,Manufacturing,23043.87,80.0,Lost,2025-07-07 00:58:11.258251648
OPP-4515,Manufacturing,53090.33,72.0,Lost,2025-07-07 07:14:23.452690544
OPP-4516,IT_Tech,26678.47,49.0,Won,2025-07-07 13:30:35.647129424
OPP-4517,health-care,32571.81,72.0,Won,2025-07-07 19:46:47.841568320
OPP-4518,IT_Tech,26826.89,52.0,Lost,2025-07-08 02:03:00.036007200
OPP-4519,IT_Tech,35738.32,99.0,Lost,2025-07-08 08:19:12.230446096
OPP-4520,IT_Tech,20120.89,57.0,Won,2025-07-08 14:35:24.424884976
OPP-4521,health-care,,71.0,Lost,2025-07-08 20:51:36.619323872
OPP-4522,IT_Tech,104364.85,83.0,Lost,2025-07-09 03:07:48.813762752
OPP-4523,IT_Tech,23616.89,67.0,Won,2025-07-09 09:24:01.008201632
OPP-4524,IT_Tech,30898.99,68.0,Won,2025-07-09 15:40:13.202640528
OPP-4525,IT_Tech,30223.7,77.0,Lost,2025-07-09 21:56:25.397079408
OPP-4526,Manufacturing,29416.81,90.0,Won,2025-07-10 04:12:37.591518304
OPP-4527,Retail,18227.26,77.0,Won,2025-07-10 10:28:49.785957184
OPP-4528,Manufacturing,58341.65,94.0,Won,2025-07-10 16:45:01.980396080
OPP-4529,health-care,60865.84,64.0,Won,2025-07-10 23:01:14.174834960
OPP-4530,IT_Tech,19570.15,72.0,Won,2025-07-11 05:17:26.369273856
OPP-4531,Retail,25266.13,72.0,Won,2025-07-11 11:33:38.563712736
OPP-4532,health-care,69064.45,82.0,Lost,2025-07-11 17:49:50.758151632
OPP-4533,IT_Tech,86263.42,,Lost,2025-07-12 00:06:02.952590512
OPP-4534,IT_Tech,,62.0,Won,2025-07-12 06:22:15.147029408
OPP-4535,IT_Tech,40042.7,69.0,Won,2025-07-12 12:38:27.341468288
OPP-4536,IT_Tech,94779.0,86.0,Lost,2025-07-12 18:54:39.535907184
OPP-4537,health-care,59162.4,55.0,Lost,2025-07-13 01:10:51.730346064
OPP-4538,Finance,63876.32,74.0,Lost,2025-07-13 07:27:03.924784960
OPP-4539,IT_Tech,42098.01,72.0,Won,2025-07-13 13:43:16.119223840
OPP-4540,IT_Tech,27463.2,60.0,Lost,2025-07-13 19:59:28.313662736
OPP-4541,Retail,11429.63,78.0,Lost,2025-07-14 02:15:40.508101616
OPP-4542,IT_Tech,30671.6,59.0,Lost,2025-07-14 08:31:52.702540512
OPP-4543,health-care,50188.82,74.0,Won,2025-07-14 14:48:04.896979392
OPP-4544,Manufacturing,67132.82,81.0,Won,2025-07-14 21:04:17.091418288
OPP-4545,IT_Tech,45731.34,91.0,Lost,2025-07-15 03:20:29.285857168
OPP-4546,IT_Tech,41163.78,74.0,Lost,2025-07-15 09:36:41.480296064
OPP-4547,health-care,118793.58,93.0,Lost,2025-07-15 15:52:53.674734944
OPP-4548,health-care,62404.12,85.0,Won,2025-07-15 22:09:05.869173840
OPP-4549,Finance,45957.75,76.0,Won,2025-07-16 04:25:18.063612720
OPP-4550,Retail,9884.15,,Won,2025-07-16 10:41:30.258051616
OPP-4551,IT_Tech,36347.89,56.0,Lost,2025-07-16 16:57:42.452490496
OPP-4552,Finance,38734.0,75.0,Won,2025-07-16 23:13:54.646929392
OPP-4553,Finance,54167.88,69.0,Won,2025-07-17 05:30:06.841368272
OPP-4554,IT_Tech,28055.55,82.0,Won,2025-07-17 11:46:19.035807168
OPP-4555,Finance,261642.34,96.0,Lost,2025-07-17 18:02:31.230246048
OPP-4556,IT_Tech,9073.31,61.0,Won,2025-07-18 00:18:43.424684944
OPP-4557,health-care,65658.88,63.0,Lost,2025-07-18 06:34:55.619123824
OPP-4558,IT_Tech,86064.04,85.0,Lost,2025-07-18 12:51:07.813562704
OPP-4559,health-care,78677.04,66.0,Won,2025-07-18 19:07:20.008001600
OPP-4560,health-care,114926.78,72.0,Lost,2025-07-19 01:23:32.202440480
OPP-4561,Retail,14043.48,55.0,Lost,2025-07-19 07:39:44.396879376
OPP-4562,IT_Tech,26012.52,69.0,Lost,2025-07-19 13:55:56.591318256
OPP-4563,health-care,19050.53,83.0,Lost,2025-07-19 20:12:08.785757152
OPP-4564,health-care,82724.69,79.0,Lost,2025-07-20 02:28:20.980196032
OPP-4565,Retail,9065.19,58.0,Won,2025-07-20 08:44:33.174634928
OPP-4566,Finance,45242.8,,Lost,2025-07-20 15:00:45.369073808
OPP-4567,Finance,54209.29,82.0,Lost,2025-07-20 21:16:57.563512704
OPP-4568,Retail,31966.08,63.0,Won,2025-07-21 03:33:09.757951584
OPP-4569,Manufacturing,120863.7,83.0,Lost,2025-07-21 09:49:21.952390480
OPP-4570,health-care,83310.07,75.0,Lost,2025-07-21 16:05:34.146829360
OPP-4571,Finance,55333.83,86.0,Won,2025-07-21 22:21:46.341268256
OPP-4572,Retail,7415.94,60.0,Won,2025-07-22 04:37:58.535707136
OPP-4573,Manufacturing,45902.28,74.0,Lost,2025-07-22 10:54:10.730146032
OPP-4574,Manufacturing,88561.53,85.0,Lost,2025-07-22 17:10:22.924584912
OPP-4575,health-care,63044.48,102.0,Won,2025-07-22 23:26:35.119023808
OPP-4576,IT_Tech,11053.5,75.0,Lost,2025-07-23 05:42:47.313462688
OPP-4577,health-care,109319.47,80.0,Lost,2025-07-23 11:58:59.507901584
OPP-4578,Retail,21866.25,69.0,Lost,2025-07-23 18:15:11.702340464
OPP-4579,health-care,28239.94,65.0,Won,2025-07-24 00:31:23.896779360
OPP-4580,health-care,81299.12,67.0,Lost,2025-07-24 06:47:36.091218240
OPP-4581,Retail,16740.95,61.0,Won,2025-07-24 13:03:48.285657136
OPP-4582,health-care,69991.96,68.0,Lost,2025-07-24 19:20:00.480096016
OPP-4583,Manufacturing,,78.0,Won,2025-07-25 01:36:12.674534912
OPP-4584,health-care,134532.67,69.0,Lost,2025-07-25 07:52:24.868973792
OPP-4585,health-care,57409.91,92.0,Lost,2025-07-25 14:08:37.063412688
OPP-4586,health-care,,81.0,Won,2025-07-25 20:24:49.257851568
OPP-4587,Retail,,59.0,Won,2025-07-26 02:41:01.452290464
OPP-4588,IT_Tech,68215.34,77.0,Lost,2025-07-26 08:57:13.646729344
OPP-4589,IT_Tech,49430.95,68.0,Lost,2025-07-26 15:13:25.841168240
OPP-4590,Manufacturing,37948.56,77.0,Lost,2025-07-26 21:29:38.035607120
OPP-4591,IT_Tech,29139.87,85.0,Won,2025-07-27 03:45:50.230046016
OPP-4592,Finance,53241.9,67.0,Won,2025-07-27 10:02:02.424484896
OPP-4593,Finance,38351.85,55.0,Won,2025-07-27 16:18:14.618923776
OPP-4594,health-care,56450.91,85.0,Lost,2025-07-27 22:34:26.813362672
OPP-4595,Finance,20495.23,73.0,Won,2025-07-28 04:50:39.007801552
OPP-4596,IT_Tech,25133.78,57.0,Won,2025-07-28 11:06:51.202240448
OPP-4597,Finance,,68.0,Lost,2025-07-28 17:23:03.396679328
OPP-4598,health-care,105443.23,70.0,Lost,2025-07-28 23:39:15.591118224
OPP-4599,Finance,71399.36,69.0,Won,2025-07-29 05:55:27.785557104
OPP-4600,IT_Tech,54039.01,,Won,2025-07-29 12:11:39.979996000
OPP-4601,Finance,164305.22,80.0,Lost,2025-07-29 18:27:52.174434880
OPP-4602,IT_Tech,61641.16,69.0,Lost,2025-07-30 00:44:04.368873776
OPP-4603,IT_Tech,45947.51,66.0,Lost,2025-07-30 07:00:16.563312656
OPP-4604,IT_Tech,36531.54,70.0,Won,2025-07-30 13:16:28.757751552
OPP-4605,IT_Tech,22239.07,72.0,Won,2025-07-30 19:32:40.952190432
OPP-4606,Retail,19340.8,65.0,Lost,2025-07-31 01:48:53.146629328
OPP-4607,IT_Tech,84109.41,93.0,Lost,2025-07-31 08:05:05.341068208
OPP-4608,Manufacturing,43090.29,80.0,Won,2025-07-31 14:21:17.535507104
OPP-4609,Manufacturing,94715.18,61.0,Lost,2025-07-31 20:37:29.729945984
OPP-4610,Finance,29279.91,78.0,Won,2025-08-01 02:53:41.924384880
OPP-4611,IT_Tech,20392.42,76.0,Lost,2025-08-01 09:09:54.118823760
OPP-4612,health-care,122164.15,76.0,Lost,2025-08-01 15:26:06.313262656
OPP-4613,Retail,15247.11,49.0,Won,2025-08-01 21:42:18.507701536
OPP-4614,health-care,160856.72,84.0,Lost,2025-08-02 03:58:30.702140432
OPP-4615,IT_Tech,36035.66,73.0,Won,2025-08-02 10:14:42.896579312
OPP-4616,Finance,43443.42,61.0,Lost,2025-08-02 16:30:55.091018208
OPP-4617,Retail,12006.5,48.0,Won,2025-08-02 22:47:07.285457088
OPP-4618,Retail,6208.4,60.0,Won,2025-08-03 05:03:19.479895984
OPP-4619,IT_Tech,20654.83,66.0,Won,2025-08-03 11:19:31.674334864
OPP-4620,Finance,131067.32,77.0,Lost,2025-08-03 17:35:43.868773760
OPP-4621,IT_Tech,56184.36,75.0,Lost,2025-08-03 23:51:56.063212640
OPP-4622,IT_Tech,43542.91,61.0,Won,2025-08-04 06:08:08.257651536
OPP-4623,Manufacturing,15359.07,62.0,Won,2025-08-04 12:24:20.452090416
OPP-4624,IT_Tech,30357.48,78.0,Won,2025-08-04 18:40:32.646529312
OPP-4625,IT_Tech,19682.79,65.0,Lost,2025-08-05 00:56:44.840968192
OPP-4626,IT_Tech,65399.29,57.0,Lost,2025-08-05 07:12:57.035407088
OPP-4627,Manufacturing,27123.04,65.0,Lost,2025-08-05 13:29:09.229845968
OPP-4628,Retail,7763.02,49.0,Won,2025-08-05 19:45:21.424284864
OPP-4629,Finance,74449.6,81.0,Lost,2025-08-06 02:01:33.618723744
OPP-4630,Retail,9700.4,68.0,Won,2025-08-06 08:17:45.813162624
OPP-4631,IT_Tech,76257.57,58.0,Lost,2025-08-06 14:33:58.007601520
OPP-4632,health-care,,84.0,Won,2025-08-06 20:50:10.202040400
OPP-4633,health-care,31585.8,59.0,Won,2025-08-07 03:06:22.396479296
OPP-4634,IT_Tech,12376.36,84.0,Lost,2025-08-07 09:22:34.590918176
OPP-4635,health-care,,77.0,Lost,2025-08-07 15:38:46.785357072
OPP-4636,Manufacturing,27420.19,56.0,Won,2025-08-07 21:54:58.979795952
OPP-4637,IT_Tech,17774.99,54.0,Won,2025-08-08 04:11:11.174234848
OPP-4638,IT_Tech,65815.67,81.0,Lost,2025-08-08 10:27:23.368673728
OPP-4639,IT_Tech,50697.03,71.0,Won,2025-08-08 16:43:35.563112624
OPP-4640,IT_Tech,35806.73,72.0,Won,2025-08-08 22:59:47.757551504
OPP-4641,Manufacturing,71837.59,97.0,Lost,2025-08-09 05:15:59.951990400
OPP-4642,health-care,108827.75,72.0,Lost,2025-08-09 11:32:12.146429280
OPP-4643,health-care,44635.57,75.0,Won,2025-08-09 17:48:24.340868176
OPP-4644,Retail,7945.73,79.0,Won,2025-08-10 00:04:36.535307056
OPP-4645,IT_Tech,54665.65,79.0,Lost,2025-08-10 06:20:48.729745952
OPP-4646,health-care,92764.58,60.0,Lost,2025-08-10 12:37:00.924184832
OPP-4647,health-care,80971.19,85.0,Lost,2025-08-10 18:53:13.118623728
OPP-4648,Finance,44006.88,60.0,Won,2025-08-11 01:09:25.313062608
OPP-4649,Manufacturing,49215.99,92.0,Lost,2025-08-11 07:25:37.507501504
OPP-4650,Retail,9156.79,53.0,Won,2025-08-11 13:41:49.701940384
OPP-4651,health-care,68789.61,113.0,Won,2025-08-11 19:58:01.896379280
OPP-4652,Retail,27542.13,89.0,Lost,2025-08-12 02:14:14.090818160
OPP-4653,IT_Tech,26097.19,61.0,Lost,2025-08-12 08:30:26.285257056
OPP-4654,IT_Tech,16539.48,68.0,Won,2025-08-12 14:46:38.479695936
OPP-4655,IT_Tech,21455.29,78.0,Lost,2025-08-12 21:02:50.674134832
OPP-4656,health-care,132797.31,91.0,Lost,2025-08-13 03:19:02.868573712
OPP-4657,Finance,85206.98,84.0,Lost,2025-08-13 09:35:15.063012608
OPP-4658,Finance,67688.64,92.0,Lost,2025-08-13 15:51:27.257451488
OPP-4659,Manufacturing,28154.24,70.0,Lost,2025-08-13 22:07:39.451890384
OPP-4660,Finance,97852.44,76.0,Lost,2025-08-14 04:23:51.646329264
OPP-4661,Finance,43938.1,70.0,Won,2025-08-14 10:40:03.840768160
OPP-4662,IT_Tech,42312.29,84.0,Lost,2025-08-14 16:56:16.035207040
OPP-4663,IT_Tech,25194.29,75.0,Won,2025-08-14 23:12:28.229645936
OPP-4664,Finance,42676.53,78.0,Won,2025-08-15 05:28:40.424084816
OPP-4665,health-care,49886.59,85.0,Won,2025-08-15 11:44:52.618523696
OPP-4666,Retail,11073.35,40.0,Won,2025-08-15 18:01:04.812962592
OPP-4667,IT_Tech,35439.6,77.0,Lost,2025-08-16 00:17:17.007401472
OPP-4668,IT_Tech,40852.69,76.0,Lost,2025-08-16 06:33:29.201840368
OPP-4669,health-care,7998.27,82.0,Won,2025-08-16 12:49:41.396279248
OPP-4670,IT_Tech,,52.0,Lost,2025-08-16 19:05:53.590718144
OPP-4671,IT_Tech,29858.21,90.0,Lost,2025-08-17 01:22:05.785157024
OPP-4672,Retail,28354.22,72.0,Won,2025-08-17 07:38:17.979595920
OPP-4673,IT_Tech,21162.77,75.0,Lost,2025-08-17 13:54:30.174034800
OPP-4674,Finance,80634.19,99.0,Lost,2025-08-17 20:10:42.368473696
OPP-4675,IT_Tech,76689.12,85.0,Won,2025-08-18 02:26:54.562912576
OPP-4676,IT_Tech,18835.82,,Won,2025-08-18 08:43:06.757351472
OPP-4677,health-care,92631.56,82.0,Lost,2025-08-18 14:59:18.951790352
OPP-4678,Retail,8945.13,57.0,Won,2025-08-18 21:15:31.146229248
OPP-4679,health-care,54025.95,75.0,Lost,2025-08-19 03:31:43.340668128
OPP-4680,Retail,8941.37,55.0,Won,2025-08-19 09:47:55.535107024
OPP-4681,IT_Tech,25186.7,70.0,Won,2025-08-19 16:04:07.729545904
OPP-4682,Retail,52101.87,47.0,Won,2025-08-19 22:20:19.923984800
OPP-4683,IT_Tech,55394.08,81.0,Lost,2025-08-20 04:36:32.118423680
OPP-4684,Finance,141639.83,81.0,Lost,2025-08-20 10:52:44.312862576
OPP-4685,Finance,98242.69,76.0,Lost,2025-08-20 17:08:56.507301456
OPP-4686,Manufacturing,16266.64,70.0,Won,2025-08-20 23:25:08.701740352
OPP-4687,health-care,92686.19,62.0,Lost,2025-08-21 05:41:20.896179232
OPP-4688,IT_Tech,62097.74,100.0,Won,2025-08-21 11:57:33.090618128
OPP-4689,IT_Tech,23701.66,69.0,Won,2025-08-21 18:13:45.285057008
OPP-4690,Retail,21647.89,68.0,Lost,2025-08-22 00:29:57.479495904
OPP-4691,Finance,111591.67,69.0,Lost,2025-08-22 06:46:09.673934784
OPP-4692,Retail,33725.85,73.0,Lost,2025-08-22 13:02:21.868373680
OPP-4693,IT_Tech,29469.42,88.0,Won,2025-08-22 19:18:34.062812560
OPP-4694,health-care,37851.78,86.0,Won,2025-08-23 01:34:46.257251456
OPP-4695,IT_Tech,30308.57,82.0,Lost,2025-08-23 07:50:58.451690336
OPP-4696,Manufacturing,74442.74,85.0,Lost,2025-08-23 14:07:10.646129232
OPP-4697,Finance,24415.09,66.0,Won,2025-08-23 20:23:22.840568112
OPP-4698,Manufacturing,12910.71,48.0,Won,2025-08-24 02:39:35.035007008
OPP-4699,IT_Tech,37975.54,71.0,Won,2025-08-24 08:55:47.229445888
OPP-4700,Finance,56075.06,73.0,Lost,2025-08-24 15:11:59.423884784
OPP-4701,Finance,73470.32,91.0,Lost,2025-08-24 21:28:11.618323664
OPP-4702,health-care,128950.91,86.0,Lost,2025-08-25 03:44:23.812762544
OPP-4703,Retail,10134.65,83.0,Lost,2025-08-25 10:00:36.007201440
OPP-4704,Manufacturing,14235.54,81.0,Won,2025-08-25 16:16:48.201640320
OPP-4705,Manufacturing,,75.0,Lost,2025-08-25 22:33:00.396079216
OPP-4706,Retail,8114.32,41.0,Won,2025-08-26 04:49:12.590518096
OPP-4707,IT_Tech,21385.78,86.0,Won,2025-08-26 11:05:24.784956992
OPP-4708,IT_Tech,63061.14,93.0,Lost,2025-08-26 17:21:36.979395872
OPP-4709,Manufacturing,29964.1,55.0,Won,2025-08-26 23:37:49.173834768
OPP-4710,IT_Tech,35182.54,91.0,Won,2025-08-27 05:54:01.368273648
OPP-4711,Retail,17007.25,72.0,Lost,2025-08-27 12:10:13.562712544
OPP-4712,Retail,22966.49,72.0,Lost,2025-08-27 18:26:25.757151424
OPP-4713,Finance,59869.57,96.0,Won,2025-08-28 00:42:37.951590320
OPP-4714,Manufacturing,77650.71,94.0,Lost,2025-08-28 06:58:50.146029200
OPP-4715,health-care,20302.92,77.0,Lost,2025-08-28 13:15:02.340468096
OPP-4716,health-care,115366.85,87.0,Won,2025-08-28 19:31:14.534906976
OPP-4717,IT_Tech,23866.62,77.0,Won,2025-08-29 01:47:26.729345872
OPP-4718,health-care,166601.96,79.0,Lost,2025-08-29 08:03:38.923784752
OPP-4719,IT_Tech,38988.51,73.0,Lost,2025-08-29 14:19:51.118223648
OPP-4720,health-care,48837.65,64.0,Won,2025-08-29 20:36:03.312662528
OPP-4721,Retail,18609.37,64.0,Lost,2025-08-30 02:52:15.507101424
OPP-4722,Manufacturing,56760.4,72.0,Lost,2025-08-30 09:08:27.701540304
OPP-4723,IT_Tech,50058.47,68.0,Lost,2025-08-30 15:24:39.895979200
OPP-4724,health-care,39426.06,75.0,Won,2025-08-30 21:40:52.090418080
OPP-4725,Manufacturing,28509.47,67.0,Lost,2025-08-31 03:57:04.284856976
OPP-4726,IT_Tech,36241.62,79.0,Won,2025-08-31 10:13:16.479295856
OPP-4727,IT_Tech,35574.0,53.0,Lost,2025-08-31 16:29:28.673734752
OPP-4728,IT_Tech,52832.02,74.0,Lost,2025-08-31 22:45:40.868173632
OPP-4729,Finance,21830.41,71.0,Won,2025-09-01 05:01:53.062612528
OPP-4730,IT_Tech,42923.02,70.0,Lost,2025-09-01 11:18:05.257051408
OPP-4731,Manufacturing,31414.01,70.0,Won,2025-09-01 17:34:17.451490304
OPP-4732,health-care,44218.55,,Lost,2025-09-01 23:50:29.645929184
OPP-4733,Finance,46840.71,79.0,Won,2025-09-02 06:06:41.840368080
OPP-4734,IT_Tech,32621.64,80.0,Lost,2025-09-02 12:22:54.034806960
OPP-4735,health-care,8428.29,69.0,Won,2025-09-02 18:39:06.229245856
OPP-4736,Finance,48012.96,,Lost,2025-09-03 00:55:18.423684736
OPP-4737,Retail,8622.17,65.0,Lost,2025-09-03 07:11:30.618123616
OPP-4738,Retail,17437.73,74.0,Lost,2025-09-03 13:27:42.812562512
OPP-4739,Finance,45102.1,76.0,Won,2025-09-03 19:43:55.007001392
OPP-4740,Manufacturing,32612.24,80.0,Lost,2025-09-04 02:00:07.201440288
OPP-4741,Retail,,52.0,Won,2025-09-04 08:16:19.395879168
OPP-4742,Retail,21964.35,59.0,Lost,2025-09-04 14:32:31.590318064
OPP-4743,IT_Tech,,95.0,Lost,2025-09-04 20:48:43.784756944
OPP-4744,IT_Tech,28284.35,42.0,Won,2025-09-05 03:04:55.979195840
OPP-4745,IT_Tech,47644.2,73.0,Lost,2025-09-05 09:21:08.173634720
OPP-4746,Finance,63555.02,91.0,Won,2025-09-05 15:37:20.368073616
OPP-4747,health-care,65013.1,76.0,Lost,2025-09-05 21:53:32.562512496
OPP-4748,health-care,93508.84,75.0,Lost,2025-09-06 04:09:44.756951392
OPP-4749,Manufacturing,26943.66,72.0,Lost,2025-09-06 10:25:56.951390272
OPP-4750,Manufacturing,76611.43,74.0,Lost,2025-09-06 16:42:09.145829168
OPP-4751,Manufacturing,33521.25,73.0,Lost,2025-09-06 22:58:21.340268048
OPP-4752,health-care,105981.13,72.0,Lost,2025-09-07 05:14:33.534706944
OPP-4753,Finance,175143.39,97.0,Lost,2025-09-07 11:30:45.729145824
OPP-4754,IT_Tech,60829.3,94.0,Lost,2025-09-07 17:46:57.923584720
OPP-4755,IT_Tech,17953.5,66.0,Won,2025-09-08 00:03:10.118023600
OPP-4756,IT_Tech,45362.81,58.0,Lost,2025-09-08 06:19:22.312462496
OPP-4757,health-care,121836.06,75.0,Lost,2025-09-08 12:35:34.506901376
OPP-4758,health-care,124881.16,79.0,Won,2025-09-08 18:51:46.701340272
OPP-4759,Retail,7656.82,68.0,Won,2025-09-09 01:07:58.895779152
OPP-4760,IT_Tech,26146.81,59.0,Won,2025-09-09 07:24:11.090218048
OPP-4761,Retail,21966.62,60.0,Lost,2025-09-09 13:40:23.284656928
OPP-4762,Finance,46302.15,81.0,Won,2025-09-09 19:56:35.479095824
OPP-4763,IT_Tech,31261.79,83.0,Won,2025-09-10 02:12:47.673534704
OPP-4764,health-care,188249.88,77.0,Lost,2025-09-10 08:28:59.867973600
OPP-4765,IT_Tech,35457.87,57.0,Won,2025-09-10 14:45:12.062412480
OPP-4766,Finance,47284.39,114.0,Lost,2025-09-10 21:01:24.256851376
OPP-4767,health-care,43192.82,84.0,Lost,2025-09-11 03:17:36.451290256
OPP-4768,IT_Tech,42888.53,71.0,Won,2025-09-11 09:33:48.645729152
OPP-4769,IT_Tech,18646.73,79.0,Lost,2025-09-11 15:50:00.840168032
OPP-4770,Finance,63044.65,75.0,Won,2025-09-11 22:06:13.034606928
OPP-4771,Manufacturing,42899.49,85.0,Won,2025-09-12 04:22:25.229045808
OPP-4772,health-care,159450.67,85.0,Lost,2025-09-12 10:38:37.423484704
OPP-4773,Retail,18653.22,69.0,Won,2025-09-12 16:54:49.617923584
OPP-4774,Finance,47646.33,,Lost,2025-09-12 23:11:01.812362464
OPP-4775,Manufacturing,65460.99,60.0,Lost,2025-09-13 05:27:14.006801360
OPP-4776,Retail,11501.61,88.0,Won,2025-09-13 11:43:26.201240240
OPP-4777,Finance,34841.98,61.0,Won,2025-09-13 17:59:38.395679136
OPP-4778,Finance,65958.11,61.0,Lost,2025-09-14 00:15:50.590118016
OPP-4779,Manufacturing,74539.51,75.0,Lost,2025-09-14 06:32:02.784556912
OPP-4780,health-care,80752.49,67.0,Lost,2025-09-14 12:48:14.978995792
OPP-4781,health-care,73681.95,77.0,Lost,2025-09-14 19:04:27.173434688
OPP-4782,IT_Tech,82339.47,87.0,Lost,2025-09-15 01:20:39.367873568
OPP-4783,Retail,6531.05,73.0,Won,2025-09-15 07:36:51.562312464
OPP-4784,Retail,7024.79,71.0,Won,2025-09-15 13:53:03.756751344
OPP-4785,IT_Tech,16188.83,64.0,Won,2025-09-15 20:09:15.951190240
OPP-4786,Finance,91453.77,80.0,Lost,2025-09-16 02:25:28.145629120
OPP-4787,health-care,80813.22,83.0,Lost,2025-09-16 08:41:40.340068016
OPP-4788,IT_Tech,78540.38,57.0,Lost,2025-09-16 14:57:52.534506896
OPP-4789,Manufacturing,41016.82,81.0,Won,2025-09-16 21:14:04.728945792
OPP-4790,IT_Tech,29670.88,54.0,Lost,2025-09-17 03:30:16.923384672
OPP-4791,IT_Tech,36348.11,97.0,Won,2025-09-17 09:46:29.117823568
OPP-4792,Finance,78481.99,74.0,Lost,2025-09-17 16:02:41.312262448
OPP-4793,Retail,5791.34,58.0,Won,2025-09-17 22:18:53.506701344
OPP-4794,IT_Tech,140809.87,73.0,Lost,2025-09-18 04:35:05.701140224
OPP-4795,Finance,99899.76,73.0,Lost,2025-09-18 10:51:17.895579120
OPP-4796,Finance,82950.97,106.0,Won,2025-09-18 17:07:30.090018000
OPP-4797,IT_Tech,49393.89,86.0,Lost,2025-09-18 23:23:42.284456896
OPP-4798,IT_Tech,51777.22,57.0,Lost,2025-09-19 05:39:54.478895776
OPP-4799,Finance,67216.09,95.0,Won,2025-09-19 11:56:06.673334672
OPP-4800,IT_Tech,26486.21,85.0,Won,2025-09-19 18:12:18.867773552
OPP-4801,Manufacturing,49007.34,72.0,Lost,2025-09-20 00:28:31.062212448
OPP-4802,Retail,16201.44,71.0,Won,2025-09-20 06:44:43.256651328
OPP-4803,Manufacturing,24222.93,70.0,Lost,2025-09-20 13:00:55.451090224
OPP-4804,IT_Tech,73829.81,102.0,Lost,2025-09-20 19:17:07.645529104
OPP-4805,Manufacturing,42052.58,64.0,Lost,2025-09-21 01:33:19.839968000
OPP-4806,health-care,113311.01,83.0,Lost,2025-09-21 07:49:32.034406880
OPP-4807,health-care,168577.78,,Lost,2025-09-21 14:05:44.228845776
OPP-4808,IT_Tech,36715.14,56.0,Won,2025-09-21 20:21:56.423284656
OPP-4809,IT_Tech,42551.74,100.0,Lost,2025-09-22 02:38:08.617723536
OPP-4810,Finance,118897.42,67.0,Won,2025-09-22 08:54:20.812162432
OPP-4811,health-care,47338.7,77.0,Won,2025-09-22 15:10:33.006601312
OPP-4812,IT_Tech,37310.34,52.0,Lost,2025-09-22 21:26:45.201040208
OPP-4813,Finance,78852.09,74.0,Lost,2025-09-23 03:42:57.395479088
OPP-4814,IT_Tech,,75.0,Won,2025-09-23 09:59:09.589917984
OPP-4815,Finance,293778.71,78.0,Lost,2025-09-23 16:15:21.784356864
OPP-4816,health-care,31433.33,79.0,Lost,2025-09-23 22:31:33.978795760
OPP-4817,Retail,6981.0,58.0,Lost,2025-09-24 04:47:46.173234640
OPP-4818,Retail,25773.79,85.0,Won,2025-09-24 11:03:58.367673536
OPP-4819,health-care,112191.19,97.0,Lost,2025-09-24 17:20:10.562112416
OPP-4820,health-care,39514.43,67.0,Won,2025-09-24 23:36:22.756551312
OPP-4821,health-care,105279.44,81.0,Lost,2025-09-25 05:52:34.950990192
OPP-4822,Retail,27831.54,73.0,Won,2025-09-25 12:08:47.145429088
OPP-4823,health-care,,85.0,Lost,2025-09-25 18:24:59.339867968
OPP-4824,IT_Tech,133173.95,82.0,Lost,2025-09-26 00:41:11.534306864
OPP-4825,IT_Tech,15336.17,69.0,Won,2025-09-26 06:57:23.728745744
OPP-4826,health-care,110890.01,78.0,Won,2025-09-26 13:13:35.923184640
OPP-4827,health-care,147254.4,84.0,Lost,2025-09-26 19:29:48.117623520
OPP-4828,Retail,20861.74,85.0,Lost,2025-09-27 01:46:00.312062416
OPP-4829,IT_Tech,,80.0,Lost,2025-09-27 08:02:12.506501296
OPP-4830,health-care,61435.01,85.0,Lost,2025-09-27 14:18:24.700940192
OPP-4831,Retail,16681.78,76.0,Won,2025-09-27 20:34:36.895379072
OPP-4832,Retail,20087.99,67.0,Lost,2025-09-28 02:50:49.089817968
OPP-4833,health-care,104975.69,84.0,Won,2025-09-28 09:07:01.284256848
OPP-4834,health-care,136493.84,69.0,Lost,2025-09-28 15:23:13.478695744
OPP-4835,health-care,39682.99,89.0,Lost,2025-09-28 21:39:25.673134624
OPP-4836,Manufacturing,32406.51,39.0,Lost,2025-09-29 03:55:37.867573520
OPP-4837,IT_Tech,22697.09,69.0,Lost,2025-09-29 10:11:50.062012400
OPP-4838,Manufacturing,29939.79,85.0,Lost,2025-09-29 16:28:02.256451296
OPP-4839,Finance,134474.86,66.0,Lost,2025-09-29 22:44:14.450890176
OPP-4840,Finance,78025.45,83.0,Lost,2025-09-30 05:00:26.645329072
OPP-4841,IT_Tech,133710.14,74.0,Lost,2025-09-30 11:16:38.839767952
OPP-4842,health-care,82128.78,74.0,Won,2025-09-30 17:32:51.034206848
OPP-4843,health-care,75797.09,90.0,Lost,2025-09-30 23:49:03.228645728
OPP-4844,IT_Tech,38295.64,76.0,Won,2025-10-01 06:05:15.423084624
OPP-4845,Finance,49876.98,51.0,Won,2025-10-01 12:21:27.617523504
OPP-4846,Manufacturing,35280.36,61.0,Lost,2025-10-01 18:37:39.811962384
OPP-4847,Finance,143871.07,94.0,Won,2025-10-02 00:53:52.006401280
OPP-4848,Retail,14143.15,72.0,Lost,2025-10-02 07:10:04.200840160
OPP-4849,IT_Tech,24422.74,91.0,Won,2025-10-02 13:26:16.395279056
OPP-4850,health-care,41980.03,94.0,Lost,2025-10-02 19:42:28.589717936
OPP-4851,IT_Tech,28995.59,67.0,Lost,2025-10-03 01:58:40.784156832
OPP-4852,Finance,76444.33,108.0,Lost,2025-10-03 08:14:52.978595712
OPP-4853,Manufacturing,65959.31,77.0,Lost,2025-10-03 14:31:05.173034608
OPP-4854,Finance,32718.86,61.0,Won,2025-10-03 20:47:17.367473488
OPP-4855,IT_Tech,30948.72,64.0,Lost,2025-10-04 03:03:29.561912384
OPP-4856,health-care,79744.74,51.0,Won,2025-10-04 09:19:41.756351264
OPP-4857,Finance,24337.57,89.0,Won,2025-10-04 15:35:53.950790160
OPP-4858,health-care,44348.8,94.0,Lost,2025-10-04 21:52:06.145229040
OPP-4859,Retail,9509.59,51.0,Won,2025-10-05 04:08:18.339667936
OPP-4860,Retail,8973.35,60.0,Won,2025-10-05 10:24:30.534106816
OPP-4861,Finance,82054.07,80.0,Won,2025-10-05 16:40:42.728545712
OPP-4862,health-care,66414.07,66.0,Won,2025-10-05 22:56:54.922984592
OPP-4863,IT_Tech,27511.43,50.0,Lost,2025-10-06 05:13:07.117423488
OPP-4864,IT_Tech,44980.36,72.0,Won,2025-10-06 11:29:19.311862368
OPP-4865,health-care,205632.29,81.0,Lost,2025-10-06 17:45:31.506301264
OPP-4866,health-care,195546.58,80.0,Lost,2025-10-07 00:01:43.700740144
OPP-4867,Finance,23071.12,72.0,Won,2025-10-07 06:17:55.895179040
OPP-4868,Finance,103387.91,97.0,Lost,2025-10-07 12:34:08.089617920
OPP-4869,IT_Tech,33222.69,69.0,Won,2025-10-07 18:50:20.284056816
OPP-4870,health-care,80265.34,81.0,Lost,2025-10-08 01:06:32.478495696
OPP-4871,IT_Tech,29758.15,80.0,Lost,2025-10-08 07:22:44.672934592
OPP-4872,IT_Tech,38514.66,80.0,Won,2025-10-08 13:38:56.867373472
OPP-4873,Retail,14410.37,59.0,Lost,2025-10-08 19:55:09.061812368
OPP-4874,IT_Tech,27187.81,72.0,Won,2025-10-09 02:11:21.256251248
OPP-4875,health-care,42709.62,81.0,Won,2025-10-09 08:27:33.450690144
OPP-4876,IT_Tech,29017.44,58.0,Won,2025-10-09 14:43:45.645129024
OPP-4877,Manufacturing,40828.25,89.0,Lost,2025-10-09 20:59:57.839567920
OPP-4878,Finance,104756.91,98.0,Won,2025-10-10 03:16:10.034006800
OPP-4879,IT_Tech,55640.94,67.0,Lost,2025-10-10 09:32:22.228445696
OPP-4880,Finance,54365.55,78.0,Lost,2025-10-10 15:48:34.422884576
OPP-4881,Retail,15396.91,75.0,Won,2025-10-10 22:04:46.617323456
OPP-4882,Manufacturing,,70.0,Lost,2025-10-11 04:20:58.811762352
OPP-4883,IT_Tech,65042.58,83.0,Lost,2025-10-11 10:37:11.006201232
OPP-4884,Manufacturing,35262.79,75.0,Lost,2025-10-11 16:53:23.200640128
OPP-4885,Manufacturing,32517.51,55.0,Won,2025-10-11 23:09:35.395079008
OPP-4886,Manufacturing,39957.12,79.0,Lost,2025-10-12 05:25:47.589517904
OPP-4887,Finance,36686.92,60.0,Won,2025-10-12 11:41:59.783956784
OPP-4888,Finance,65110.06,88.0,Lost,2025-10-12 17:58:11.978395680
OPP-4889,health-care,114319.43,73.0,Lost,2025-10-13 00:14:24.172834560
OPP-4890,Retail,18415.97,66.0,Lost,2025-10-13 06:30:36.367273456
OPP-4891,Finance,62183.16,93.0,Lost,2025-10-13 12:46:48.561712336
OPP-4892,Finance,83335.58,85.0,Lost,2025-10-13 19:03:00.756151232
OPP-4893,health-care,44587.54,61.0,Lost,2025-10-14 01:19:12.950590112
OPP-4894,Retail,18991.49,56.0,Won,2025-10-14 07:35:25.145029008
OPP-4895,Retail,12849.87,59.0,Won,2025-10-14 13:51:37.339467888
OPP-4896,IT_Tech,31635.15,77.0,Won,2025-10-14 20:07:49.533906784
OPP-4897,Retail,11149.37,69.0,Won,2025-10-15 02:24:01.728345664
OPP-4898,Finance,70422.19,68.0,Lost,2025-10-15 08:40:13.922784560
OPP-4899,Retail,10679.29,50.0,Won,2025-10-15 14:56:26.117223440
OPP-4900,health-care,108541.28,84.0,Lost,2025-10-15 21:12:38.311662336
OPP-4901,health-care,57689.47,74.0,Won,2025-10-16 03:28:50.506101216
OPP-4902,Manufacturing,80537.81,104.0,Lost,2025-10-16 09:45:02.700540112
OPP-4903,IT_Tech,,79.0,Lost,2025-10-16 16:01:14.894978992
OPP-4904,Retail,8554.63,85.0,Won,2025-10-16 22:17:27.089417888
OPP-4905,health-care,76253.8,64.0,Won,2025-10-17 04:33:39.283856768
OPP-4906,Finance,49493.97,56.0,Won,2025-10-17 10:49:51.478295664
OPP-4907,health-care,60114.81,63.0,Won,2025-10-17 17:06:03.672734544
OPP-4908,Finance,243155.51,101.0,Lost,2025-10-17 23:22:15.867173440
OPP-4909,health-care,60806.81,98.0,Lost,2025-10-18 05:38:28.061612320
OPP-4910,IT_Tech,43482.46,65.0,Lost,2025-10-18 11:54:40.256051216
OPP-4911,IT_Tech,47603.46,69.0,Won,2025-10-18 18:10:52.450490096
OPP-4912,IT_Tech,22019.54,55.0,Won,2025-10-19 00:27:04.644928992
OPP-4913,Manufacturing,23681.57,48.0,Lost,2025-10-19 06:43:16.839367872
OPP-4914,Manufacturing,19870.45,77.0,Won,2025-10-19 12:59:29.033806768
OPP-4915,health-care,42976.88,77.0,Won,2025-10-19 19:15:41.228245648
OPP-4916,Retail,3213.08,56.0,Won,2025-10-20 01:31:53.422684544
OPP-4917,health-care,101392.0,63.0,Won,2025-10-20 07:48:05.617123424
OPP-4918,Finance,250826.39,106.0,Lost,2025-10-20 14:04:17.811562304
OPP-4919,Retail,14384.56,,Won,2025-10-20 20:20:30.006001200
OPP-4920,Manufacturing,17887.65,74.0,Won,2025-10-21 02:36:42.200440080
OPP-4921,health-care,49728.53,58.0,Won,2025-10-21 08:52:54.394878976
OPP-4922,Retail,,62.0,Won,2025-10-21 15:09:06.589317856
OPP-4923,IT_Tech,21833.65,73.0,Won,2025-10-21 21:25:18.783756752
OPP-4924,Manufacturing,55831.38,80.0,Lost,2025-10-22 03:41:30.978195632
OPP-4925,IT_Tech,54455.0,78.0,Lost,2025-10-22 09:57:43.172634528
OPP-4926,Finance,36560.69,79.0,Won,2025-10-22 16:13:55.367073408
OPP-4927,Finance,112989.33,67.0,Lost,2025-10-22 22:30:07.561512304
OPP-4928,Finance,182788.97,87.0,Lost,2025-10-23 04:46:19.755951184
OPP-4929,IT_Tech,94021.53,81.0,Won,2025-10-23 11:02:31.950390080
OPP-4930,Manufacturing,152147.54,86.0,Lost,2025-10-23 17:18:44.144828960
OPP-4931,IT_Tech,23132.73,71.0,Won,2025-10-23 23:34:56.339267856
OPP-4932,Finance,398129.36,74.0,Lost,2025-10-24 05:51:08.533706736
OPP-4933,IT_Tech,30421.25,56.0,Won,2025-10-24 12:07:20.728145632
OPP-4934,health-care,51252.55,49.0,Lost,2025-10-24 18:23:32.922584512
OPP-4935,Finance,88986.81,89.0,Won,2025-10-25 00:39:45.117023408
OPP-4936,health-care,51573.5,85.0,Lost,2025-10-25 06:55:57.311462288
OPP-4937,IT_Tech,44334.66,85.0,Lost,2025-10-25 13:12:09.505901184
OPP-4938,IT_Tech,18768.99,72.0,Won,2025-10-25 19:28:21.700340064
OPP-4939,health-care,63370.16,51.0,Lost,2025-10-26 01:44:33.894778960
OPP-4940,Retail,25407.28,58.0,Lost,2025-10-26 08:00:46.089217840
OPP-4941,Manufacturing,35294.04,75.0,Lost,2025-10-26 14:16:58.283656736
OPP-4942,IT_Tech,38979.76,75.0,Lost,2025-10-26 20:33:10.478095616
OPP-4943,health-care,97261.17,77.0,Lost,2025-10-27 02:49:22.672534512
OPP-4944,IT_Tech,,82.0,Lost,2025-10-27 09:05:34.866973392
OPP-4945,IT_Tech,15873.2,67.0,Lost,2025-10-27 15:21:47.061412288
OPP-4946,Finance,103851.2,82.0,Lost,2025-10-27 21:37:59.255851168
OPP-4947,Finance,62262.62,69.0,Won,2025-10-28 03:54:11.450290064
OPP-4948,IT_Tech,39470.9,85.0,Won,2025-10-28 10:10:23.644728944
OPP-4949,IT_Tech,61696.04,72.0,Lost,2025-10-28 16:26:35.839167840
OPP-4950,IT_Tech,19988.39,53.0,Won,2025-10-28 22:42:48.033606720
OPP-4951,Retail,8052.02,53.0,Lost,2025-10-29 04:59:00.228045616
OPP-4952,Manufacturing,13798.08,62.0,Won,2025-10-29 11:15:12.422484496
OPP-4953,IT_Tech,27595.85,83.0,Won,2025-10-29 17:31:24.616923376
OPP-4954,IT_Tech,70630.42,77.0,Lost,2025-10-29 23:47:36.811362272
OPP-4955,Manufacturing,34190.61,70.0,Lost,2025-10-30 06:03:49.005801152
OPP-4956,Manufacturing,18581.79,53.0,Won,2025-10-30 12:20:01.200240048
OPP-4957,health-care,54643.89,85.0,Lost,2025-10-30 18:36:13.394678928
OPP-4958,IT_Tech,17258.66,60.0,Lost,2025-10-31 00:52:25.589117824
OPP-4959,IT_Tech,20690.02,68.0,Won,2025-10-31 07:08:37.783556704
OPP-4960,Finance,92345.42,97.0,Lost,2025-10-31 13:24:49.977995600
OPP-4961,health-care,36158.81,79.0,Won,2025-10-31 19:41:02.172434480
OPP-4962,IT_Tech,63342.84,57.0,Won,2025-11-01 01:57:14.366873376
OPP-4963,Finance,70075.45,56.0,Lost,2025-11-01 08:13:26.561312256
OPP-4964,IT_Tech,37903.45,73.0,Won,2025-11-01 14:29:38.755751152
OPP-4965,Retail,11623.84,50.0,Won,2025-11-01 20:45:50.950190032
OPP-4966,health-care,116274.46,89.0,Lost,2025-11-02 03:02:03.144628928
OPP-4967,IT_Tech,53722.11,76.0,Lost,2025-11-02 09:18:15.339067808
OPP-4968,Finance,89414.01,81.0,Lost,2025-11-02 15:34:27.533506704
OPP-4969,health-care,102628.76,,Lost,2025-11-02 21:50:39.727945584
OPP-4970,Manufacturing,32661.59,93.0,Lost,2025-11-03 04:06:51.922384480
OPP-4971,Finance,101247.35,114.0,Lost,2025-11-03 10:23:04.116823360
OPP-4972,IT_Tech,30670.64,68.0,Won,2025-11-03 16:39:16.311262256
OPP-4973,Retail,13374.64,70.0,Lost,2025-11-03 22:55:28.505701136
OPP-4974,IT_Tech,31655.85,73.0,Lost,2025-11-04 05:11:40.700140032
OPP-4975,Manufacturing,28894.04,,Lost,2025-11-04 11:27:52.894578912
OPP-4976,health-care,48365.06,65.0,Lost,2025-11-04 17:44:05.089017808
OPP-4977,Finance,96820.5,67.0,Won,2025-11-05 00:00:17.283456688
OPP-4978,IT_Tech,69933.7,64.0,Won,2025-11-05 06:16:29.477895584
OPP-4979,health-care,147659.05,88.0,Lost,2025-11-05 12:32:41.672334464
OPP-4980,Retail,7127.51,55.0,Won,2025-11-05 18:48:53.866773360
OPP-4981,Retail,25453.32,40.0,Won,2025-11-06 01:05:06.061212240
OPP-4982,IT_Tech,30974.54,77.0,Lost,2025-11-06 07:21:18.255651136
OPP-4983,IT_Tech,49038.77,75.0,Won,2025-11-06 13:37:30.450090016
OPP-4984,Retail,8492.11,79.0,Lost,2025-11-06 19:53:42.644528912
OPP-4985,Manufacturing,38987.25,78.0,Lost,2025-11-07 02:09:54.838967792
OPP-4986,IT_Tech,42483.1,56.0,Won,2025-11-07 08:26:07.033406688
OPP-4987,health-care,30008.54,45.0,Won,2025-11-07 14:42:19.227845568
OPP-4988,health-care,,,Lost,2025-11-07 20:58:31.422284464
OPP-4989,Manufacturing,71180.02,70.0,Lost,2025-11-08 03:14:43.616723344
OPP-4990,IT_Tech,,84.0,Lost,2025-11-08 09:30:55.811162224
OPP-4991,IT_Tech,71688.39,78.0,Won,2025-11-08 15:47:08.005601120
OPP-4992,Retail,12150.84,79.0,Lost,2025-11-08 22:03:20.200040000
OPP-4993,IT_Tech,55536.31,60.0,Lost,2025-11-09 04:19:32.394478896
OPP-4994,health-care,19319.26,80.0,Won,2025-11-09 10:35:44.588917776
OPP-4995,health-care,312158.6,,Lost,2025-11-09 16:51:56.783356672
OPP-4996,health-care,179382.37,60.0,Lost,2025-11-09 23:08:08.977795552
OPP-4997,health-care,61649.77,93.0,Won,2025-11-10 05:24:21.172234448
OPP-4998,Finance,22398.44,71.0,Lost,2025-11-10 11:40:33.366673328
OPP-4999,IT_Tech,41940.79,79.0,Won,2025-11-10 17:56:45.561112224
OPP-5000,Finance,30749.98,61.0,Won,2025-11-11 00:12:57.755551104
OPP-5001,Retail,16687.69,83.0,Won,2025-11-11 06:29:09.949990000
OPP-5002,Retail,16412.24,53.0,Lost,2025-11-11 12:45:22.144428880
OPP-5003,IT_Tech,22681.35,80.0,Lost,2025-11-11 19:01:34.338867776
OPP-5004,IT_Tech,63607.3,87.0,Won,2025-11-12 01:17:46.533306656
OPP-5005,IT_Tech,54327.58,64.0,Won,2025-11-12 07:33:58.727745552
OPP-5006,health-care,131333.35,106.0,Lost,2025-11-12 13:50:10.922184432
OPP-5007,health-care,73520.14,81.0,Lost,2025-11-12 20:06:23.116623328
OPP-5008,Finance,31278.48,80.0,Won,2025-11-13 02:22:35.311062208
OPP-5009,IT_Tech,59215.35,58.0,Lost,2025-11-13 08:38:47.505501104
OPP-5010,IT_Tech,31723.54,97.0,Lost,2025-11-13 14:54:59.699939984
OPP-5011,health-care,31765.37,57.0,Lost,2025-11-13 21:11:11.894378880
OPP-5012,Finance,,96.0,Lost,2025-11-14 03:27:24.088817760
OPP-5013,IT_Tech,103746.3,68.0,Lost,2025-11-14 09:43:36.283256656
OPP-5014,Finance,71342.76,70.0,Lost,2025-11-14 15:59:48.477695536
OPP-5015,IT_Tech,106890.54,90.0,Lost,2025-11-14 22:16:00.672134432
OPP-5016,Manufacturing,38012.01,86.0,Lost,2025-11-15 04:32:12.866573312
OPP-5017,Manufacturing,30024.59,56.0,Won,2025-11-15 10:48:25.061012208
OPP-5018,IT_Tech,26496.58,84.0,Won,2025-11-15 17:04:37.255451088
OPP-5019,IT_Tech,82334.15,91.0,Lost,2025-11-15 23:20:49.449889984
OPP-5020,health-care,45794.24,63.0,Won,2025-11-16 05:37:01.644328864
OPP-5021,IT_Tech,52451.0,95.0,Lost,2025-11-16 11:53:13.838767760
OPP-5022,Finance,52286.93,58.0,Lost,2025-11-16 18:09:26.033206640
OPP-5023,Retail,10613.12,57.0,Won,2025-11-17 00:25:38.227645536
OPP-5024,Finance,135692.94,88.0,Lost,2025-11-17 06:41:50.422084416
OPP-5025,Retail,11047.74,54.0,Lost,2025-11-17 12:58:02.616523296
OPP-5026,health-care,57361.16,79.0,Lost,2025-11-17 19:14:14.810962192
OPP-5027,IT_Tech,63984.9,80.0,Won,2025-11-18 01:30:27.005401072
OPP-5028,Retail,29693.95,69.0,Won,2025-11-18 07:46:39.199839968
OPP-5029,health-care,107668.67,91.0,Lost,2025-11-18 14:02:51.394278848
OPP-5030,Finance,49371.97,72.0,Won,2025-11-18 20:19:03.588717744
OPP-5031,IT_Tech,28132.92,74.0,Lost,2025-11-19 02:35:15.783156624
OPP-5032,IT_Tech,37795.97,87.0,Lost,2025-11-19 08:51:27.977595520
OPP-5033,Manufacturing,42636.46,84.0,Won,2025-11-19 15:07:40.172034400
OPP-5034,IT_Tech,22160.51,79.0,Lost,2025-11-19 21:23:52.366473296
OPP-5035,Manufacturing,52131.2,62.0,Lost,2025-11-20 03:40:04.560912176
OPP-5036,Manufacturing,37901.91,80.0,Won,2025-11-20 09:56:16.755351072
OPP-5037,Retail,5665.47,49.0,Won,2025-11-20 16:12:28.949789952
OPP-5038,Finance,41883.37,59.0,Won,2025-11-20 22:28:41.144228848
OPP-5039,Finance,54042.32,75.0,Lost,2025-11-21 04:44:53.338667728
OPP-5040,Manufacturing,35016.38,62.0,Won,2025-11-21 11:01:05.533106624
OPP-5041,IT_Tech,93399.33,89.0,Lost,2025-11-21 17:17:17.727545504
OPP-5042,health-care,84364.57,89.0,Lost,2025-11-21 23:33:29.921984400
OPP-5043,Finance,44158.33,52.0,Lost,2025-11-22 05:49:42.116423280
OPP-5044,health-care,83481.35,69.0,Won,2025-11-22 12:05:54.310862176
OPP-5045,health-care,59204.18,59.0,Lost,2025-11-22 18:22:06.505301056
OPP-5046,health-care,88863.34,74.0,Lost,2025-11-23 00:38:18.699739952
OPP-5047,Finance,103604.97,86.0,Lost,2025-11-23 06:54:30.894178832
OPP-5048,Manufacturing,66477.27,74.0,Lost,2025-11-23 13:10:43.088617728
OPP-5049,IT_Tech,35877.18,66.0,Lost,2025-11-23 19:26:55.283056608
OPP-5050,Manufacturing,82411.5,94.0,Lost,2025-11-24 01:43:07.477495504
OPP-5051,Finance,126097.87,54.0,Lost,2025-11-24 07:59:19.671934384
OPP-5052,Retail,9379.49,78.0,Won,2025-11-24 14:15:31.866373280
OPP-5053,Finance,275381.7,81.0,Lost,2025-11-24 20:31:44.060812160
OPP-5054,Retail,,66.0,Lost,2025-11-25 02:47:56.255251056
OPP-5055,IT_Tech,23919.22,64.0,Won,2025-11-25 09:04:08.449689936
OPP-5056,Retail,30529.74,90.0,Lost,2025-11-25 15:20:20.644128832
OPP-5057,IT_Tech,102630.33,66.0,Won,2025-11-25 21:36:32.838567712
OPP-5058,Manufacturing,35720.76,73.0,Lost,2025-11-26 03:52:45.033006608
OPP-5059,Manufacturing,28230.97,78.0,Won,2025-11-26 10:08:57.227445488
OPP-5060,IT_Tech,33316.65,53.0,Won,2025-11-26 16:25:09.421884384
OPP-5061,IT_Tech,51915.15,64.0,Lost,2025-11-26 22:41:21.616323264
OPP-5062,Retail,25309.33,69.0,Won,2025-11-27 04:57:33.810762144
OPP-5063,IT_Tech,48302.74,64.0,Lost,2025-11-27 11:13:46.005201040
OPP-5064,Manufacturing,38210.35,64.0,Lost,2025-11-27 17:29:58.199639920
OPP-5065,IT_Tech,76803.53,74.0,Lost,2025-11-27 23:46:10.394078816
OPP-5066,IT_Tech,31057.07,80.0,Won,2025-11-28 06:02:22.588517696
OPP-5067,Manufacturing,60806.97,72.0,Lost,2025-11-28 12:18:34.782956592
OPP-5068,Finance,61522.75,90.0,Lost,2025-11-28 18:34:46.977395472
OPP-5069,Retail,16572.69,56.0,Won,2025-11-29 00:50:59.171834368
OPP-5070,health-care,68313.48,62.0,Lost,2025-11-29 07:07:11.366273248
OPP-5071,Finance,70720.35,101.0,Lost,2025-11-29 13:23:23.560712144
OPP-5072,Finance,58312.29,68.0,Lost,2025-11-29 19:39:35.755151024
OPP-5073,Finance,163883.72,,Lost,2025-11-30 01:55:47.949589920
OPP-5074,Finance,47110.18,54.0,Lost,2025-11-30 08:12:00.144028800
OPP-5075,Finance,46904.11,88.0,Lost,2025-11-30 14:28:12.338467696
OPP-5076,health-care,261083.65,83.0,Lost,2025-11-30 20:44:24.532906576
OPP-5077,IT_Tech,,73.0,Lost,2025-12-01 03:00:36.727345472
OPP-5078,Retail,4053.93,56.0,Won,2025-12-01 09:16:48.921784352
OPP-5079,IT_Tech,,83.0,Won,2025-12-01 15:33:01.116223248
OPP-5080,Finance,,68.0,Won,2025-12-01 21:49:13.310662128
OPP-5081,IT_Tech,22576.27,98.0,Won,2025-12-02 04:05:25.505101024
OPP-5082,Finance,11124.34,66.0,Won,2025-12-02 10:21:37.699539904
OPP-5083,Retail,12475.29,78.0,Won,2025-12-02 16:37:49.893978800
OPP-5084,IT_Tech,20517.41,79.0,Won,2025-12-02 22:54:02.088417680
OPP-5085,IT_Tech,37419.7,73.0,Won,2025-12-03 05:10:14.282856576
OPP-5086,IT_Tech,16113.93,60.0,Won,2025-12-03 11:26:26.477295456
OPP-5087,Finance,76860.48,82.0,Lost,2025-12-03 17:42:38.671734352
OPP-5088,Retail,10856.75,71.0,Won,2025-12-03 23:58:50.866173232
OPP-5089,IT_Tech,76955.03,71.0,Lost,2025-12-04 06:15:03.060612128
OPP-5090,Retail,27056.39,73.0,Won,2025-12-04 12:31:15.255051008
OPP-5091,health-care,117149.64,96.0,Lost,2025-12-04 18:47:27.449489904
OPP-5092,health-care,,101.0,Won,2025-12-05 01:03:39.643928784
OPP-5093,Manufacturing,97996.81,90.0,Lost,2025-12-05 07:19:51.838367680
OPP-5094,health-care,28801.39,94.0,Won,2025-12-05 13:36:04.032806560
OPP-5095,health-care,31503.84,64.0,Won,2025-12-05 19:52:16.227245456
OPP-5096,IT_Tech,34825.61,81.0,Lost,2025-12-06 02:08:28.421684336
OPP-5097,IT_Tech,112085.7,97.0,Lost,2025-12-06 08:24:40.616123216
OPP-5098,IT_Tech,32821.22,62.0,Won,2025-12-06 14:40:52.810562112
OPP-5099,IT_Tech,33136.06,67.0,Won,2025-12-06 20:57:05.005000992
OPP-5100,Finance,,93.0,Lost,2025-12-07 03:13:17.199439888
OPP-5101,health-care,128998.72,70.0,Lost,2025-12-07 09:29:29.393878768
OPP-5102,Finance,,66.0,Lost,2025-12-07 15:45:41.588317664
OPP-5103,IT_Tech,53881.24,94.0,Won,2025-12-07 22:01:53.782756544
OPP-5104,IT_Tech,26512.98,85.0,Lost,2025-12-08 04:18:05.977195440
OPP-5105,Finance,47857.16,80.0,Won,2025-12-08 10:34:18.171634320
OPP-5106,Manufacturing,19023.66,68.0,Won,2025-12-08 16:50:30.366073216
OPP-5107,IT_Tech,37870.82,68.0,Won,2025-12-08 23:06:42.560512096
OPP-5108,Manufacturing,21158.49,73.0,Won,2025-12-09 05:22:54.754950992
OPP-5109,Finance,36082.02,92.0,Lost,2025-12-09 11:39:06.949389872
OPP-5110,Finance,56714.52,79.0,Lost,2025-12-09 17:55:19.143828768
OPP-5111,Finance,54530.0,,Lost,2025-12-10 00:11:31.338267648
OPP-5112,IT_Tech,27750.54,60.0,Won,2025-12-10 06:27:43.532706544
OPP-5113,IT_Tech,45854.21,74.0,Lost,2025-12-10 12:43:55.727145424
OPP-5114,Finance,76682.49,74.0,Lost,2025-12-10 19:00:07.921584320
OPP-5115,health-care,,64.0,Lost,2025-12-11 01:16:20.116023200
OPP-5116,Manufacturing,39795.39,72.0,Lost,2025-12-11 07:32:32.310462096
OPP-5117,health-care,40339.39,79.0,Won,2025-12-11 13:48:44.504900976
OPP-5118,IT_Tech,38278.33,80.0,Won,2025-12-11 20:04:56.699339872
OPP-5119,Retail,14404.58,93.0,Won,2025-12-12 02:21:08.893778752
OPP-5120,IT_Tech,17128.12,73.0,Lost,2025-12-12 08:37:21.088217648
OPP-5121,Finance,132908.51,96.0,Lost,2025-12-12 14:53:33.282656528
OPP-5122,Finance,43094.03,75.0,Won,2025-12-12 21:09:45.477095424
OPP-5123,Manufacturing,37992.91,93.0,Won,2025-12-13 03:25:57.671534304
OPP-5124,Retail,23913.68,99.0,Won,2025-12-13 09:42:09.865973200
OPP-5125,Finance,127440.65,88.0,Lost,2025-12-13 15:58:22.060412080
OPP-5126,Finance,74652.56,66.0,Lost,2025-12-13 22:14:34.254850976
OPP-5127,Manufacturing,30295.38,65.0,Lost,2025-12-14 04:30:46.449289856
OPP-5128,IT_Tech,58323.24,80.0,Lost,2025-12-14 10:46:58.643728752
OPP-5129,IT_Tech,50886.22,81.0,Lost,2025-12-14 17:03:10.838167632
OPP-5130,IT_Tech,26657.28,79.0,Won,2025-12-14 23:19:23.032606528
OPP-5131,IT_Tech,,76.0,Won,2025-12-15 05:35:35.227045408
OPP-5132,Finance,21090.69,69.0,Lost,2025-12-15 11:51:47.421484288
OPP-5133,Finance,,71.0,Lost,2025-12-15 18:07:59.615923184
OPP-5134,Finance,69590.36,82.0,Lost,2025-12-16 00:24:11.810362064
OPP-5135,IT_Tech,64093.34,99.0,Won,2025-12-16 06:40:24.004800960
OPP-5136,Retail,15986.94,79.0,Won,2025-12-16 12:56:36.199239840
OPP-5137,health-care,162842.3,90.0,Lost,2025-12-16 19:12:48.393678736
OPP-5138,Finance,48126.17,87.0,Lost,2025-12-17 01:29:00.588117616
OPP-5139,Finance,144768.36,78.0,Lost,2025-12-17 07:45:12.782556512
OPP-5140,health-care,53244.52,,Won,2025-12-17 14:01:24.976995392
OPP-5141,IT_Tech,53572.87,67.0,Lost,2025-12-17 20:17:37.171434288
OPP-5142,IT_Tech,17511.64,66.0,Lost,2025-12-18 02:33:49.365873168
OPP-5143,Retail,15026.46,62.0,Won,2025-12-18 08:50:01.560312064
OPP-5144,Manufacturing,13462.4,81.0,Won,2025-12-18 15:06:13.754750944
OPP-5145,Finance,62300.05,71.0,Lost,2025-12-18 21:22:25.949189840
OPP-5146,IT_Tech,45259.91,65.0,Won,2025-12-19 03:38:38.143628720
OPP-5147,health-care,53499.03,99.0,Lost,2025-12-19 09:54:50.338067616
OPP-5148,Retail,7901.29,57.0,Won,2025-12-19 16:11:02.532506496
OPP-5149,Retail,20395.29,71.0,Won,2025-12-19 22:27:14.726945392
OPP-5150,IT_Tech,34484.62,78.0,Won,2025-12-20 04:43:26.921384272
OPP-5151,IT_Tech,28430.41,58.0,Won,2025-12-20 10:59:39.115823168
OPP-5152,Retail,13642.54,81.0,Won,2025-12-20 17:15:51.310262048
OPP-5153,health-care,355756.39,97.0,Lost,2025-12-20 23:32:03.504700944
OPP-5154,IT_Tech,64650.52,96.0,Won,2025-12-21 05:48:15.699139824
OPP-5155,IT_Tech,64944.4,69.0,Won,2025-12-21 12:04:27.893578720
OPP-5156,Finance,94971.09,81.0,Lost,2025-12-21 18:20:40.088017600
OPP-5157,Manufacturing,39467.89,74.0,Won,2025-12-22 00:36:52.282456496
OPP-5158,Manufacturing,10959.47,68.0,Won,2025-12-22 06:53:04.476895376
OPP-5159,Finance,48659.96,58.0,Lost,2025-12-22 13:09:16.671334272
OPP-5160,Finance,54811.5,77.0,Won,2025-12-22 19:25:28.865773152
OPP-5161,IT_Tech,14222.12,49.0,Won,2025-12-23 01:41:41.060212048
OPP-5162,Finance,36517.63,77.0,Lost,2025-12-23 07:57:53.254650928
OPP-5163,health-care,22281.19,44.0,Lost,2025-12-23 14:14:05.449089824
OPP-5164,Finance,71468.04,56.0,Won,2025-12-23 20:30:17.643528704
OPP-5165,health-care,119522.46,91.0,Lost,2025-12-24 02:46:29.837967600
OPP-5166,IT_Tech,63157.52,70.0,Lost,2025-12-24 09:02:42.032406480
OPP-5167,IT_Tech,44684.96,63.0,Won,2025-12-24 15:18:54.226845376
OPP-5168,health-care,41026.04,89.0,Won,2025-12-24 21:35:06.421284256
OPP-5169,IT_Tech,13821.32,70.0,Won,2025-12-25 03:51:18.615723136
OPP-5170,IT_Tech,15086.65,77.0,Won,2025-12-25 10:07:30.810162032
OPP-5171,Manufacturing,19254.67,67.0,Won,2025-12-25 16:23:43.004600912
OPP-5172,health-care,42902.45,106.0,Lost,2025-12-25 22:39:55.199039808
OPP-5173,Finance,66446.4,70.0,Won,2025-12-26 04:56:07.393478688
OPP-5174,Manufacturing,21871.02,90.0,Won,2025-12-26 11:12:19.587917584
OPP-5175,Manufacturing,43022.91,73.0,Won,2025-12-26 17:28:31.782356464
OPP-5176,Finance,63616.99,57.0,Lost,2025-12-26 23:44:43.976795360
OPP-5177,Retail,13430.36,72.0,Lost,2025-12-27 06:00:56.171234240
OPP-5178,health-care,144950.9,86.0,Lost,2025-12-27 12:17:08.365673136
OPP-5179,health-care,36021.13,60.0,Lost,2025-12-27 18:33:20.560112016
OPP-5180,health-care,94016.23,,Lost,2025-12-28 00:49:32.754550912
OPP-5181,Finance,72519.88,78.0,Lost,2025-12-28 07:05:44.948989792
OPP-5182,Finance,59868.65,81.0,Lost,2025-12-28 13:21:57.143428688
OPP-5183,health-care,124387.1,52.0,Lost,2025-12-28 19:38:09.337867568
OPP-5184,IT_Tech,56359.56,89.0,Lost,2025-12-29 01:54:21.532306464
OPP-5185,Finance,41444.3,68.0,Lost,2025-12-29 08:10:33.726745344
OPP-5186,IT_Tech,33154.04,56.0,Won,2025-12-29 14:26:45.921184240
OPP-5187,Finance,86571.59,90.0,Lost,2025-12-29 20:42:58.115623120
OPP-5188,Finance,62081.04,76.0,Lost,2025-12-30 02:59:10.310062016
OPP-5189,Retail,17899.19,83.0,Lost,2025-12-30 09:15:22.504500896
OPP-5190,Retail,15376.51,72.0,Won,2025-12-30 15:31:34.698939792
OPP-5191,Manufacturing,90787.84,79.0,Lost,2025-12-30 21:47:46.893378672
OPP-5192,health-care,29197.33,70.0,Won,2025-12-31 04:03:59.087817568
OPP-5193,Retail,12566.4,71.0,Won,2025-12-31 10:20:11.282256448
OPP-5194,Finance,42399.78,69.0,Won,2025-12-31 16:36:23.476695344
OPP-5195,IT_Tech,49121.58,65.0,Won,2025-12-31 22:52:35.671134224
OPP-5196,IT_Tech,16178.1,75.0,Won,2026-01-01 05:08:47.865573120
OPP-5197,IT_Tech,43181.02,72.0,Won,2026-01-01 11:25:00.060012000
OPP-5198,health-care,,76.0,Lost,2026-01-01 17:41:12.254450896
OPP-5199,Finance,47075.26,88.0,Lost,2026-01-01 23:57:24.448889776
OPP-5200,Retail,6481.78,,Won,2026-01-02 06:13:36.643328672
OPP-5201,IT_Tech,28780.75,72.0,Lost,2026-01-02 12:29:48.837767552
OPP-5202,IT_Tech,62458.04,70.0,Lost,2026-01-02 18:46:01.032206448
OPP-5203,Manufacturing,35861.0,78.0,Won,2026-01-03 01:02:13.226645328
OPP-5204,IT_Tech,49703.98,79.0,Lost,2026-01-03 07:18:25.421084208
OPP-5205,health-care,198547.79,96.0,Lost,2026-01-03 13:34:37.615523104
OPP-5206,Finance,85669.6,72.0,Lost,2026-01-03 19:50:49.809961984
OPP-5207,Finance,52298.36,70.0,Lost,2026-01-04 02:07:02.004400880
OPP-5208,IT_Tech,45872.73,84.0,Lost,2026-01-04 08:23:14.198839760
OPP-5209,IT_Tech,27663.02,74.0,Lost,2026-01-04 14:39:26.393278656
OPP-5210,IT_Tech,28220.07,60.0,Won,2026-01-04 20:55:38.587717536
OPP-5211,Finance,29379.85,87.0,Won,2026-01-05 03:11:50.782156432
OPP-5212,Finance,127485.06,61.0,Lost,2026-01-05 09:28:02.976595312
OPP-5213,IT_Tech,29941.44,81.0,Won,2026-01-05 15:44:15.171034208
OPP-5214,Finance,81573.44,63.0,Lost,2026-01-05 22:00:27.365473088
OPP-5215,Retail,7958.68,85.0,Won,2026-01-06 04:16:39.559911984
OPP-5216,IT_Tech,45160.31,56.0,Won,2026-01-06 10:32:51.754350864
OPP-5217,health-care,46297.13,89.0,Won,2026-01-06 16:49:03.948789760
OPP-5218,Finance,67169.51,76.0,Lost,2026-01-06 23:05:16.143228640
OPP-5219,IT_Tech,56326.08,72.0,Won,2026-01-07 05:21:28.337667536
OPP-5220,health-care,117530.79,83.0,Lost,2026-01-07 11:37:40.532106416
OPP-5221,Finance,72170.16,85.0,Lost,2026-01-07 17:53:52.726545312
OPP-5222,Manufacturing,15001.94,56.0,Lost,2026-01-08 00:10:04.920984192
OPP-5223,Retail,59659.3,,Won,2026-01-08 06:26:17.115423088
OPP-5224,Finance,208462.69,93.0,Lost,2026-01-08 12:42:29.309861968
OPP-5225,Retail,19174.52,48.0,Won,2026-01-08 18:58:41.504300864
OPP-5226,health-care,46540.48,68.0,Lost,2026-01-09 01:14:53.698739744
OPP-5227,Finance,68312.27,114.0,Lost,2026-01-09 07:31:05.893178640
OPP-5228,health-care,52783.17,64.0,Won,2026-01-09 13:47:18.087617520
OPP-5229,IT_Tech,68317.96,91.0,Lost,2026-01-09 20:03:30.282056416
OPP-5230,Retail,15233.49,60.0,Won,2026-01-10 02:19:42.476495296
OPP-5231,Finance,45683.92,81.0,Lost,2026-01-10 08:35:54.670934192
OPP-5232,health-care,55135.38,84.0,Lost,2026-01-10 14:52:06.865373072
OPP-5233,Manufacturing,63614.33,90.0,Won,2026-01-10 21:08:19.059811968
OPP-5234,IT_Tech,80825.59,76.0,Lost,2026-01-11 03:24:31.254250848
OPP-5235,health-care,182955.63,108.0,Lost,2026-01-11 09:40:43.448689744
OPP-5236,IT_Tech,53024.85,69.0,Lost,2026-01-11 15:56:55.643128624
OPP-5237,Retail,11774.45,68.0,Lost,2026-01-11 22:13:07.837567520
OPP-5238,Retail,2641.87,58.0,Won,2026-01-12 04:29:20.032006400
OPP-5239,health-care,87403.97,66.0,Lost,2026-01-12 10:45:32.226445296
OPP-5240,Finance,73050.24,74.0,Won,2026-01-12 17:01:44.420884176
OPP-5241,health-care,79537.93,80.0,Won,2026-01-12 23:17:56.615323056
OPP-5242,Retail,13724.65,61.0,Won,2026-01-13 05:34:08.809761952
OPP-5243,health-care,32999.34,,Won,2026-01-13 11:50:21.004200832
OPP-5244,health-care,102175.29,70.0,Lost,2026-01-13 18:06:33.198639728
OPP-5245,Manufacturing,49816.83,89.0,Won,2026-01-14 00:22:45.393078608
OPP-5246,IT_Tech,51081.08,86.0,Lost,2026-01-14 06:38:57.587517504
OPP-5247,IT_Tech,58295.98,76.0,Lost,2026-01-14 12:55:09.781956384
OPP-5248,Finance,105075.14,70.0,Lost,2026-01-14 19:11:21.976395280
OPP-5249,Manufacturing,29583.89,62.0,Lost,2026-01-15 01:27:34.170834160
OPP-5250,health-care,70087.37,71.0,Lost,2026-01-15 07:43:46.365273056
OPP-5251,IT_Tech,38008.4,52.0,Won,2026-01-15 13:59:58.559711936
OPP-5252,health-care,78012.13,,Lost,2026-01-15 20:16:10.754150832
OPP-5253,Finance,133109.93,64.0,Lost,2026-01-16 02:32:22.948589712
OPP-5254,IT_Tech,50102.91,91.0,Lost,2026-01-16 08:48:35.143028608
OPP-5255,Finance,254334.62,94.0,Lost,2026-01-16 15:04:47.337467488
OPP-5256,Manufacturing,109451.25,90.0,Lost,2026-01-16 21:20:59.531906384
OPP-5257,health-care,76710.18,85.0,Won,2026-01-17 03:37:11.726345264
OPP-5258,health-care,7317.37,64.0,Won,2026-01-17 09:53:23.920784160
OPP-5259,health-care,153598.83,101.0,Lost,2026-01-17 16:09:36.115223040
OPP-5260,IT_Tech,27717.29,64.0,Lost,2026-01-17 22:25:48.309661936
OPP-5261,Manufacturing,24324.95,71.0,Lost,2026-01-18 04:42:00.504100816
OPP-5262,health-care,57580.13,85.0,Lost,2026-01-18 10:58:12.698539712
OPP-5263,health-care,55938.84,60.0,Lost,2026-01-18 17:14:24.892978592
OPP-5264,Finance,105594.53,118.0,Lost,2026-01-18 23:30:37.087417488
OPP-5265,health-care,28690.99,72.0,Lost,2026-01-19 05:46:49.281856368
OPP-5266,Finance,38306.22,75.0,Won,2026-01-19 12:03:01.476295264
OPP-5267,IT_Tech,43112.98,89.0,Won,2026-01-19 18:19:13.670734144
OPP-5268,Retail,18241.82,79.0,Lost,2026-01-20 00:35:25.865173040
OPP-5269,Manufacturing,50049.65,76.0,Won,2026-01-20 06:51:38.059611920
OPP-5270,Finance,45605.26,76.0,Won,2026-01-20 13:07:50.254050816
OPP-5271,Manufacturing,22267.14,52.0,Lost,2026-01-20 19:24:02.448489696
OPP-5272,IT_Tech,28188.87,65.0,Won,2026-01-21 01:40:14.642928592
OPP-5273,health-care,84450.74,85.0,Lost,2026-01-21 07:56:26.837367472
OPP-5274,Finance,178311.34,89.0,Lost,2026-01-21 14:12:39.031806368
OPP-5275,Finance,21408.38,84.0,Lost,2026-01-21 20:28:51.226245248
OPP-5276,health-care,64059.19,76.0,Won,2026-01-22 02:45:03.420684128
OPP-5277,health-care,32872.54,56.0,Lost,2026-01-22 09:01:15.615123024
OPP-5278,IT_Tech,15896.89,80.0,Lost,2026-01-22 15:17:27.809561904
OPP-5279,health-care,130636.51,99.0,Lost,2026-01-22 21:33:40.004000800
OPP-5280,IT_Tech,47682.14,86.0,Lost,2026-01-23 03:49:52.198439680
OPP-5281,Retail,16725.95,66.0,Won,2026-01-23 10:06:04.392878576
OPP-5282,IT_Tech,57555.96,89.0,Lost,2026-01-23 16:22:16.587317456
OPP-5283,IT_Tech,28570.8,112.0,Lost,2026-01-23 22:38:28.781756352
OPP-5284,Finance,,77.0,Won,2026-01-24 04:54:40.976195232
OPP-5285,Finance,271424.25,71.0,Lost,2026-01-24 11:10:53.170634128
OPP-5286,Manufacturing,32103.31,65.0,Lost,2026-01-24 17:27:05.365073008
OPP-5287,Finance,113672.78,88.0,Lost,2026-01-24 23:43:17.559511904
OPP-5288,health-care,73410.99,59.0,Lost,2026-01-25 05:59:29.753950784
OPP-5289,Retail,5302.17,62.0,Won,2026-01-25 12:15:41.948389680
OPP-5290,Finance,21444.48,74.0,Lost,2026-01-25 18:31:54.142828560
OPP-5291,IT_Tech,27187.37,89.0,Won,2026-01-26 00:48:06.337267456
OPP-5292,Finance,137814.07,98.0,Lost,2026-01-26 07:04:18.531706336
OPP-5293,Manufacturing,53860.13,,Lost,2026-01-26 13:20:30.726145232
OPP-5294,health-care,126556.77,56.0,Lost,2026-01-26 19:36:42.920584112
OPP-5295,IT_Tech,22169.59,81.0,Lost,2026-01-27 01:52:55.115023008
OPP-5296,IT_Tech,81465.61,87.0,Lost,2026-01-27 08:09:07.309461888
OPP-5297,IT_Tech,22416.52,73.0,Lost,2026-01-27 14:25:19.503900784
OPP-5298,health-care,83091.25,58.0,Lost,2026-01-27 20:41:31.698339664
OPP-5299,Finance,72677.61,69.0,Won,2026-01-28 02:57:43.892778560
OPP-5300,IT_Tech,33291.69,58.0,Lost,2026-01-28 09:13:56.087217440
OPP-5301,Manufacturing,70919.17,54.0,Lost,2026-01-28 15:30:08.281656336
OPP-5302,Retail,9390.41,63.0,Won,2026-01-28 21:46:20.476095216
OPP-5303,Finance,32540.37,63.0,Lost,2026-01-29 04:02:32.670534112
OPP-5304,Retail,13493.96,98.0,Won,2026-01-29 10:18:44.864972992
OPP-5305,IT_Tech,29735.19,70.0,Won,2026-01-29 16:34:57.059411888
OPP-5306,health-care,554837.05,108.0,Lost,2026-01-29 22:51:09.253850768
OPP-5307,Finance,109743.87,62.0,Lost,2026-01-30 05:07:21.448289664
OPP-5308,Retail,10887.05,58.0,Lost,2026-01-30 11:23:33.642728544
OPP-5309,Retail,7878.91,63.0,Lost,2026-01-30 17:39:45.837167440
OPP-5310,IT_Tech,14183.8,56.0,Won,2026-01-30 23:55:58.031606320
OPP-5311,Manufacturing,21750.47,64.0,Lost,2026-01-31 06:12:10.226045216
OPP-5312,IT_Tech,38463.73,71.0,Lost,2026-01-31 12:28:22.420484096
OPP-5313,Manufacturing,74136.58,75.0,Lost,2026-01-31 18:44:34.614922976
OPP-5314,Manufacturing,63630.27,99.0,Won,2026-02-01 01:00:46.809361872
OPP-5315,IT_Tech,40722.96,78.0,Lost,2026-02-01 07:16:59.003800752
OPP-5316,Retail,11366.39,71.0,Lost,2026-02-01 13:33:11.198239648
OPP-5317,IT_Tech,,80.0,Lost,2026-02-01 19:49:23.392678528
OPP-5318,health-care,53573.9,83.0,Lost,2026-02-02 02:05:35.587117424
OPP-5319,Finance,205051.9,84.0,Lost,2026-02-02 08:21:47.781556304
OPP-5320,Finance,65282.93,73.0,Won,2026-02-02 14:37:59.975995200
OPP-5321,Manufacturing,34781.16,75.0,Won,2026-02-02 20:54:12.170434080
OPP-5322,Finance,19351.14,82.0,Lost,2026-02-03 03:10:24.364872976
OPP-5323,health-care,65038.79,91.0,Won,2026-02-03 09:26:36.559311856
OPP-5324,Retail,20297.28,66.0,Won,2026-02-03 15:42:48.753750752
OPP-5325,Manufacturing,21293.11,78.0,Won,2026-02-03 21:59:00.948189632
OPP-5326,IT_Tech,24950.27,68.0,Won,2026-02-04 04:15:13.142628528
OPP-5327,Manufacturing,53979.28,76.0,Lost,2026-02-04 10:31:25.337067408
OPP-5328,IT_Tech,17355.62,62.0,Won,2026-02-04 16:47:37.531506304
OPP-5329,Retail,22672.33,,Lost,2026-02-04 23:03:49.725945184
OPP-5330,IT_Tech,27831.62,87.0,Lost,2026-02-05 05:20:01.920384080
OPP-5331,IT_Tech,29903.05,73.0,Won,2026-02-05 11:36:14.114822960
OPP-5332,health-care,37259.9,75.0,Won,2026-02-05 17:52:26.309261856
OPP-5333,Finance,91750.46,62.0,Lost,2026-02-06 00:08:38.503700736
OPP-5334,health-care,319951.02,85.0,Lost,2026-02-06 06:24:50.698139632
OPP-5335,IT_Tech,53677.47,73.0,Won,2026-02-06 12:41:02.892578512
OPP-5336,Finance,43539.72,64.0,Won,2026-02-06 18:57:15.087017408
OPP-5337,Manufacturing,64075.05,77.0,Lost,2026-02-07 01:13:27.281456288
OPP-5338,health-care,18000000.0,71.0,Won,2026-02-07 07:29:39.475895184
OPP-5339,IT_Tech,72203.41,79.0,Lost,2026-02-07 13:45:51.670334064
OPP-5340,health-care,118658.61,83.0,Lost,2026-02-07 20:02:03.864772960
OPP-5341,IT_Tech,8336.75,51.0,Won,2026-02-08 02:18:16.059211840
OPP-5342,Retail,8086.57,58.0,Lost,2026-02-08 08:34:28.253650736
OPP-5343,Retail,21422.4,70.0,Won,2026-02-08 14:50:40.448089616
OPP-5344,Finance,80097.05,93.0,Lost,2026-02-08 21:06:52.642528512
OPP-5345,health-care,39566.83,77.0,Won,2026-02-09 03:23:04.836967392
OPP-5346,Retail,9732.3,56.0,Won,2026-02-09 09:39:17.031406288
OPP-5347,Finance,23301.15,75.0,Lost,2026-02-09 15:55:29.225845168
OPP-5348,Retail,12782.26,86.0,Won,2026-02-09 22:11:41.420284048
OPP-5349,Finance,275519.54,98.0,Lost,2026-02-10 04:27:53.614722944
OPP-5350,Retail,19979.59,75.0,Won,2026-02-10 10:44:05.809161824
OPP-5351,Finance,272188.52,96.0,Lost,2026-02-10 17:00:18.003600720
OPP-5352,health-care,124173.9,99.0,Lost,2026-02-10 23:16:30.198039600
OPP-5353,Manufacturing,60702.47,90.0,Lost,2026-02-11 05:32:42.392478496
OPP-5354,Finance,239054.59,93.0,Lost,2026-02-11 11:48:54.586917376
OPP-5355,Finance,91707.36,92.0,Lost,2026-02-11 18:05:06.781356272
OPP-5356,IT_Tech,33070.15,59.0,Won,2026-02-12 00:21:18.975795152
OPP-5357,Finance,135889.12,64.0,Won,2026-02-12 06:37:31.170234048
OPP-5358,Finance,174958.51,86.0,Lost,2026-02-12 12:53:43.364672928
OPP-5359,IT_Tech,28567.29,72.0,Won,2026-02-12 19:09:55.559111824
OPP-5360,IT_Tech,25316.6,64.0,Lost,2026-02-13 01:26:07.753550704
OPP-5361,Finance,79484.21,88.0,Lost,2026-02-13 07:42:19.947989600
OPP-5362,Retail,20246.75,47.0,Lost,2026-02-13 13:58:32.142428480
OPP-5363,Finance,118048.95,75.0,Lost,2026-02-13 20:14:44.336867376
OPP-5364,IT_Tech,17817.14,62.0,Lost,2026-02-14 02:30:56.531306256
OPP-5365,Finance,230259.83,66.0,Lost,2026-02-14 08:47:08.725745152
OPP-5366,IT_Tech,26355.11,89.0,Won,2026-02-14 15:03:20.920184032
OPP-5367,health-care,62377.57,60.0,Lost,2026-02-14 21:19:33.114622928
OPP-5368,IT_Tech,23125.08,63.0,Won,2026-02-15 03:35:45.309061808
OPP-5369,IT_Tech,139967.34,93.0,Lost,2026-02-15 09:51:57.503500704
OPP-5370,IT_Tech,40988.03,82.0,Lost,2026-02-15 16:08:09.697939584
OPP-5371,health-care,43888.82,61.0,Lost,2026-02-15 22:24:21.892378480
OPP-5372,IT_Tech,55935.91,84.0,Lost,2026-02-16 04:40:34.086817360
OPP-5373,health-care,116015.78,85.0,Lost,2026-02-16 10:56:46.281256256
OPP-5374,Finance,65340.27,105.0,Won,2026-02-16 17:12:58.475695136
OPP-5375,health-care,121099.04,86.0,Lost,2026-02-16 23:29:10.670134032
OPP-5376,health-care,44570.38,73.0,Lost,2026-02-17 05:45:22.864572912
OPP-5377,Retail,,54.0,Lost,2026-02-17 12:01:35.059011808
OPP-5378,IT_Tech,13291.65,57.0,Lost,2026-02-17 18:17:47.253450688
OPP-5379,Finance,33045.13,62.0,Lost,2026-02-18 00:33:59.447889584
OPP-5380,IT_Tech,89663.17,96.0,Lost,2026-02-18 06:50:11.642328464
OPP-5381,IT_Tech,82513.26,79.0,Won,2026-02-18 13:06:23.836767360
OPP-5382,Finance,76074.86,85.0,Lost,2026-02-18 19:22:36.031206240
OPP-5383,Finance,198344.14,103.0,Lost,2026-02-19 01:38:48.225645136
OPP-5384,Manufacturing,33522.19,44.0,Lost,2026-02-19 07:55:00.420084016
OPP-5385,Finance,63193.32,92.0,Lost,2026-02-19 14:11:12.614522896
OPP-5386,Manufacturing,37356.24,74.0,Lost,2026-02-19 20:27:24.808961792
OPP-5387,IT_Tech,34116.6,78.0,Won,2026-02-20 02:43:37.003400672
OPP-5388,IT_Tech,32610.9,62.0,Lost,2026-02-20 08:59:49.197839568
OPP-5389,IT_Tech,64324.71,68.0,Won,2026-02-20 15:16:01.392278448
OPP-5390,IT_Tech,39146.56,79.0,Won,2026-02-20 21:32:13.586717344
OPP-5391,Finance,112138.4,110.0,Lost,2026-02-21 03:48:25.781156224
OPP-5392,Finance,135785.04,94.0,Lost,2026-02-21 10:04:37.975595120
OPP-5393,IT_Tech,44094.61,90.0,Won,2026-02-21 16:20:50.170034000
OPP-5394,Manufacturing,22356.32,67.0,Lost,2026-02-21 22:37:02.364472896
OPP-5395,Retail,6792.45,54.0,Won,2026-02-22 04:53:14.558911776
OPP-5396,IT_Tech,39120.05,64.0,Won,2026-02-22 11:09:26.753350672
OPP-5397,IT_Tech,33335.29,67.0,Lost,2026-02-22 17:25:38.947789552
OPP-5398,IT_Tech,37937.51,49.0,Lost,2026-02-22 23:41:51.142228448
OPP-5399,IT_Tech,36025.16,64.0,Won,2026-02-23 05:58:03.336667328
OPP-5400,IT_Tech,132162.41,75.0,Lost,2026-02-23 12:14:15.531106224
OPP-5401,Finance,32920.94,70.0,Lost,2026-02-23 18:30:27.725545104
OPP-5402,IT_Tech,13427.05,68.0,Won,2026-02-24 00:46:39.919984000
OPP-5403,health-care,89270.48,84.0,Lost,2026-02-24 07:02:52.114422880
OPP-5404,Manufacturing,30085.2,72.0,Won,2026-02-24 13:19:04.308861776
OPP-5405,Finance,88401.19,72.0,Lost,2026-02-24 19:35:16.503300656
OPP-5406,Manufacturing,48627.35,51.0,Won,2026-02-25 01:51:28.697739552
OPP-5407,IT_Tech,69013.15,71.0,Lost,2026-02-25 08:07:40.892178432
OPP-5408,health-care,29603.99,60.0,Lost,2026-02-25 14:23:53.086617328
OPP-5409,Finance,52363.72,81.0,Won,2026-02-25 20:40:05.281056208
OPP-5410,IT_Tech,44998.33,85.0,Lost,2026-02-26 02:56:17.475495104
OPP-5411,IT_Tech,53382.16,87.0,Lost,2026-02-26 09:12:29.669933984
OPP-5412,Finance,272684.23,96.0,Lost,2026-02-26 15:28:41.864372880
OPP-5413,Finance,129757.47,80.0,Lost,2026-02-26 21:44:54.058811760
OPP-5414,health-care,70680.63,71.0,Lost,2026-02-27 04:01:06.253250656
OPP-5415,health-care,42861.9,65.0,Lost,2026-02-27 10:17:18.447689536
OPP-5416,health-care,52126.36,57.0,Won,2026-02-27 16:33:30.642128432
OPP-5417,IT_Tech,27001.52,83.0,Won,2026-02-27 22:49:42.836567312
OPP-5418,health-care,108351.97,79.0,Lost,2026-02-28 05:05:55.031006208
OPP-5419,IT_Tech,41295.08,59.0,Won,2026-02-28 11:22:07.225445088
OPP-5420,IT_Tech,18735.5,58.0,Won,2026-02-28 17:38:19.419883968
OPP-5421,Manufacturing,29203.66,61.0,Won,2026-02-28 23:54:31.614322864
OPP-5422,Finance,123813.11,82.0,Lost,2026-03-01 06:10:43.808761744
OPP-5423,Retail,15927.96,80.0,Won,2026-03-01 12:26:56.003200640
OPP-5424,health-care,102866.44,76.0,Lost,2026-03-01 18:43:08.197639520
OPP-5425,health-care,92019.25,52.0,Lost,2026-03-02 00:59:20.392078416
OPP-5426,IT_Tech,81896.81,76.0,Lost,2026-03-02 07:15:32.586517296
OPP-5427,IT_Tech,40864.69,72.0,Won,2026-03-02 13:31:44.780956192
OPP-5428,IT_Tech,29941.14,69.0,Won,2026-03-02 19:47:56.975395072
OPP-5429,Retail,8451.7,55.0,Won,2026-03-03 02:04:09.169833968
OPP-5430,Finance,84945.54,82.0,Lost,2026-03-03 08:20:21.364272848
OPP-5431,Finance,16908.6,68.0,Lost,2026-03-03 14:36:33.558711744
OPP-5432,health-care,65475.19,77.0,Lost,2026-03-03 20:52:45.753150624
OPP-5433,Manufacturing,32763.82,77.0,Won,2026-03-04 03:08:57.947589520
OPP-5434,IT_Tech,18356.97,63.0,Won,2026-03-04 09:25:10.142028400
OPP-5435,IT_Tech,22830.83,64.0,Lost,2026-03-04 15:41:22.336467296
OPP-5436,health-care,118871.04,98.0,Lost,2026-03-04 21:57:34.530906176
OPP-5437,Retail,,74.0,Won,2026-03-05 04:13:46.725345072
OPP-5438,Manufacturing,38211.59,83.0,Lost,2026-03-05 10:29:58.919783952
OPP-5439,IT_Tech,42326.72,89.0,Lost,2026-03-05 16:46:11.114222848
OPP-5440,Manufacturing,38036.97,80.0,Lost,2026-03-05 23:02:23.308661728
OPP-5441,Retail,24870.34,81.0,Won,2026-03-06 05:18:35.503100624
OPP-5442,IT_Tech,38627.3,54.0,Lost,2026-03-06 11:34:47.697539504
OPP-5443,health-care,30487.5,74.0,Won,2026-03-06 17:50:59.891978400
OPP-5444,health-care,194478.71,83.0,Lost,2026-03-07 00:07:12.086417280
OPP-5445,Manufacturing,43702.92,94.0,Lost,2026-03-07 06:23:24.280856176
OPP-5446,IT_Tech,27048.13,82.0,Won,2026-03-07 12:39:36.475295056
OPP-5447,Retail,7138.79,54.0,Won,2026-03-07 18:55:48.669733952
OPP-5448,health-care,92739.39,84.0,Won,2026-03-08 01:12:00.864172832
OPP-5449,Retail,12599.52,68.0,Won,2026-03-08 07:28:13.058611728
OPP-5450,health-care,188054.68,90.0,Lost,2026-03-08 13:44:25.253050608
OPP-5451,Finance,,64.0,Lost,2026-03-08 20:00:37.447489504
OPP-5452,Retail,8789.47,67.0,Won,2026-03-09 02:16:49.641928384
OPP-5453,Retail,20908.23,66.0,Won,2026-03-09 08:33:01.836367280
OPP-5454,Manufacturing,57678.57,80.0,Won,2026-03-09 14:49:14.030806160
OPP-5455,IT_Tech,39510.66,65.0,Lost,2026-03-09 21:05:26.225245056
OPP-5456,Finance,109733.97,74.0,Lost,2026-03-10 03:21:38.419683936
OPP-5457,IT_Tech,35637.6,87.0,Lost,2026-03-10 09:37:50.614122816
OPP-5458,health-care,84146.87,66.0,Lost,2026-03-10 15:54:02.808561712
OPP-5459,Finance,147118.63,71.0,Lost,2026-03-10 22:10:15.003000592
OPP-5460,health-care,106424.49,80.0,Lost,2026-03-11 04:26:27.197439488
OPP-5461,Finance,66067.71,68.0,Lost,2026-03-11 10:42:39.391878368
OPP-5462,Manufacturing,71409.15,67.0,Lost,2026-03-11 16:58:51.586317264
OPP-5463,IT_Tech,11131.92,66.0,Lost,2026-03-11 23:15:03.780756144
OPP-5464,Finance,250507.46,68.0,Lost,2026-03-12 05:31:15.975195040
OPP-5465,health-care,26276.35,59.0,Won,2026-03-12 11:47:28.169633920
OPP-5466,IT_Tech,26541.2,95.0,Lost,2026-03-12 18:03:40.364072816
OPP-5467,IT_Tech,35580.08,,Lost,2026-03-13 00:19:52.558511696
OPP-5468,Manufacturing,33750.81,64.0,Lost,2026-03-13 06:36:04.752950592
OPP-5469,Manufacturing,60066.38,82.0,Won,2026-03-13 12:52:16.947389472
OPP-5470,Manufacturing,21398.62,76.0,Won,2026-03-13 19:08:29.141828368
OPP-5471,Manufacturing,41372.98,86.0,Lost,2026-03-14 01:24:41.336267248
OPP-5472,IT_Tech,27197.87,69.0,Won,2026-03-14 07:40:53.530706144
OPP-5473,health-care,87298.15,91.0,Lost,2026-03-14 13:57:05.725145024
OPP-5474,Finance,70342.87,53.0,Lost,2026-03-14 20:13:17.919583920
OPP-5475,health-care,77324.13,66.0,Won,2026-03-15 02:29:30.114022800
OPP-5476,health-care,52577.58,78.0,Lost,2026-03-15 08:45:42.308461696
OPP-5477,health-care,53850.21,80.0,Won,2026-03-15 15:01:54.502900576
OPP-5478,Finance,86886.98,68.0,Lost,2026-03-15 21:18:06.697339472
OPP-5479,Finance,128827.46,85.0,Lost,2026-03-16 03:34:18.891778352
OPP-5480,IT_Tech,26926.34,63.0,Won,2026-03-16 09:50:31.086217248
OPP-5481,health-care,43422.78,71.0,Won,2026-03-16 16:06:43.280656128
OPP-5482,Finance,105669.98,93.0,Lost,2026-03-16 22:22:55.475095024
OPP-5483,Finance,71718.04,89.0,Lost,2026-03-17 04:39:07.669533904
OPP-5484,IT_Tech,55008.83,64.0,Lost,2026-03-17 10:55:19.863972800
OPP-5485,Retail,8493.88,50.0,Won,2026-03-17 17:11:32.058411680
OPP-5486,IT_Tech,14917.35,62.0,Won,2026-03-17 23:27:44.252850576
OPP-5487,health-care,53114.09,75.0,Lost,2026-03-18 05:43:56.447289456
OPP-5488,Retail,9107.23,55.0,Lost,2026-03-18 12:00:08.641728352
OPP-5489,Finance,69753.78,90.0,Lost,2026-03-18 18:16:20.836167232
OPP-5490,IT_Tech,26412.1,75.0,Won,2026-03-19 00:32:33.030606128
OPP-5491,Finance,114074.86,86.0,Lost,2026-03-19 06:48:45.225045008
OPP-5492,Finance,61519.52,61.0,Lost,2026-03-19 13:04:57.419483888
OPP-5493,Retail,14403.65,81.0,Won,2026-03-19 19:21:09.613922784
OPP-5494,Retail,,33.0,Won,2026-03-20 01:37:21.808361664
OPP-5495,Finance,82205.14,89.0,Lost,2026-03-20 07:53:34.002800560
OPP-5496,health-care,72079.33,89.0,Lost,2026-03-20 14:09:46.197239440
OPP-5497,IT_Tech,46877.84,70.0,Won,2026-03-20 20:25:58.391678336
OPP-5498,IT_Tech,24395.95,85.0,Lost,2026-03-21 02:42:10.586117216
OPP-5499,health-care,169337.79,83.0,Lost,2026-03-21 08:58:22.780556112
OPP-5500,Finance,63454.45,78.0,Lost,2026-03-21 15:14:34.974994992
OPP-5501,Finance,33291.94,76.0,Won,2026-03-21 21:30:47.169433888
OPP-5502,IT_Tech,39896.21,112.0,Won,2026-03-22 03:46:59.363872768
OPP-5503,IT_Tech,23727.97,86.0,Lost,2026-03-22 10:03:11.558311664
OPP-5504,health-care,109010.63,89.0,Lost,2026-03-22 16:19:23.752750544
OPP-5505,IT_Tech,109623.03,70.0,Lost,2026-03-22 22:35:35.947189440
OPP-5506,Retail,9015.62,65.0,Won,2026-03-23 04:51:48.141628320
OPP-5507,IT_Tech,42881.09,64.0,Lost,2026-03-23 11:08:00.336067216
OPP-5508,Finance,25506.71,80.0,Won,2026-03-23 17:24:12.530506096
OPP-5509,Manufacturing,45567.62,76.0,Lost,2026-03-23 23:40:24.724944992
OPP-5510,IT_Tech,23321.78,56.0,Won,2026-03-24 05:56:36.919383872
OPP-5511,health-care,50266.76,76.0,Won,2026-03-24 12:12:49.113822768
OPP-5512,IT_Tech,20938.75,59.0,Won,2026-03-24 18:29:01.308261648
OPP-5513,Finance,113469.66,83.0,Lost,2026-03-25 00:45:13.502700544
OPP-5514,Finance,133837.63,72.0,Lost,2026-03-25 07:01:25.697139424
OPP-5515,health-care,74163.78,78.0,Lost,2026-03-25 13:17:37.891578320
OPP-5516,Finance,43536.02,83.0,Won,2026-03-25 19:33:50.086017200
OPP-5517,Manufacturing,80399.36,78.0,Won,2026-03-26 01:50:02.280456096
OPP-5518,IT_Tech,24954.14,66.0,Lost,2026-03-26 08:06:14.474894976
OPP-5519,IT_Tech,12320.06,68.0,Won,2026-03-26 14:22:26.669333872
OPP-5520,Manufacturing,45669.89,83.0,Won,2026-03-26 20:38:38.863772752
OPP-5521,Finance,37689.44,60.0,Won,2026-03-27 02:54:51.058211648
OPP-5522,Manufacturing,59534.09,80.0,Lost,2026-03-27 09:11:03.252650528
OPP-5523,Finance,58181.19,92.0,Won,2026-03-27 15:27:15.447089424
OPP-5524,Retail,18067.26,75.0,Lost,2026-03-27 21:43:27.641528304
OPP-5525,health-care,169549.5,84.0,Lost,2026-03-28 03:59:39.835967200
OPP-5526,Retail,7299.57,69.0,Won,2026-03-28 10:15:52.030406080
OPP-5527,Manufacturing,27365.31,76.0,Lost,2026-03-28 16:32:04.224844976
OPP-5528,Finance,69884.37,87.0,Lost,2026-03-28 22:48:16.419283856
OPP-5529,IT_Tech,78337.03,54.0,Lost,2026-03-29 05:04:28.613722736
OPP-5530,IT_Tech,26129.2,52.0,Won,2026-03-29 11:20:40.808161632
OPP-5531,IT_Tech,26977.22,83.0,Won,2026-03-29 17:36:53.002600512
OPP-5532,IT_Tech,46123.15,57.0,Lost,2026-03-29 23:53:05.197039408
OPP-5533,health-care,51723.25,80.0,Lost,2026-03-30 06:09:17.391478288
OPP-5534,Finance,80138.81,,Lost,2026-03-30 12:25:29.585917184
OPP-5535,Finance,28827.28,59.0,Won,2026-03-30 18:41:41.780356064
OPP-5536,health-care,276121.97,,Lost,2026-03-31 00:57:53.974794960
OPP-5537,Finance,32577.41,75.0,Won,2026-03-31 07:14:06.169233840
OPP-5538,IT_Tech,30918.92,97.0,Won,2026-03-31 13:30:18.363672736
OPP-5539,IT_Tech,35730.48,65.0,Lost,2026-03-31 19:46:30.558111616
OPP-5540,IT_Tech,94498.96,97.0,Won,2026-04-01 02:02:42.752550512
OPP-5541,Finance,33027.39,77.0,Won,2026-04-01 08:18:54.946989392
OPP-5542,IT_Tech,97914.71,72.0,Lost,2026-04-01 14:35:07.141428288
OPP-5543,IT_Tech,53028.69,85.0,Won,2026-04-01 20:51:19.335867168
OPP-5544,health-care,93925.5,86.0,Won,2026-04-02 03:07:31.530306064
OPP-5545,Retail,8165.58,63.0,Won,2026-04-02 09:23:43.724744944
OPP-5546,IT_Tech,48318.54,,Won,2026-04-02 15:39:55.919183840
OPP-5547,Finance,47377.75,68.0,Lost,2026-04-02 21:56:08.113622720
OPP-5548,Finance,156372.58,73.0,Lost,2026-04-03 04:12:20.308061616
OPP-5549,Retail,8221.18,72.0,Won,2026-04-03 10:28:32.502500496
OPP-5550,Manufacturing,34317.84,70.0,Won,2026-04-03 16:44:44.696939392
OPP-5551,IT_Tech,27511.61,70.0,Won,2026-04-03 23:00:56.891378272
OPP-5552,IT_Tech,22164.31,73.0,Won,2026-04-04 05:17:09.085817168
OPP-5553,Manufacturing,52609.92,79.0,Lost,2026-04-04 11:33:21.280256048
OPP-5554,health-care,100838.47,63.0,Lost,2026-04-04 17:49:33.474694944
OPP-5555,Finance,151056.03,98.0,Lost,2026-04-05 00:05:45.669133824
OPP-5556,Finance,18000000.0,72.0,Won,2026-04-05 06:21:57.863572720
OPP-5557,Finance,138482.94,80.0,Lost,2026-04-05 12:38:10.058011600
OPP-5558,Manufacturing,127099.36,87.0,Lost,2026-04-05 18:54:22.252450496
OPP-5559,Manufacturing,28974.73,74.0,Lost,2026-04-06 01:10:34.446889376
OPP-5560,Retail,34460.68,82.0,Won,2026-04-06 07:26:46.641328272
OPP-5561,IT_Tech,31838.11,79.0,Lost,2026-04-06 13:42:58.835767152
OPP-5562,Manufacturing,18284.25,77.0,Lost,2026-04-06 19:59:11.030206048
OPP-5563,IT_Tech,31169.14,88.0,Lost,2026-04-07 02:15:23.224644928
OPP-5564,IT_Tech,61334.76,87.0,Won,2026-04-07 08:31:35.419083808
OPP-5565,Manufacturing,23882.75,68.0,Lost,2026-04-07 14:47:47.613522704
OPP-5566,IT_Tech,26898.63,57.0,Won,2026-04-07 21:03:59.807961584
OPP-5567,IT_Tech,48862.71,95.0,Lost,2026-04-08 03:20:12.002400480
OPP-5568,IT_Tech,36371.11,70.0,Won,2026-04-08 09:36:24.196839360
OPP-5569,Manufacturing,48645.35,69.0,Lost,2026-04-08 15:52:36.391278256
OPP-5570,Finance,84347.27,58.0,Lost,2026-04-08 22:08:48.585717136
OPP-5571,Finance,97516.34,84.0,Lost,2026-04-09 04:25:00.780156032
OPP-5572,IT_Tech,29256.28,73.0,Won,2026-04-09 10:41:12.974594912
OPP-5573,Retail,15000.9,49.0,Won,2026-04-09 16:57:25.169033808
OPP-5574,Retail,8402.74,68.0,Won,2026-04-09 23:13:37.363472688
OPP-5575,health-care,158428.74,77.0,Lost,2026-04-10 05:29:49.557911584
OPP-5576,health-care,49982.85,108.0,Won,2026-04-10 11:46:01.752350464
OPP-5577,IT_Tech,,70.0,Lost,2026-04-10 18:02:13.946789360
OPP-5578,Manufacturing,32312.08,67.0,Won,2026-04-11 00:18:26.141228240
OPP-5579,Finance,82553.3,68.0,Lost,2026-04-11 06:34:38.335667136
OPP-5580,Manufacturing,28353.84,87.0,Lost,2026-04-11 12:50:50.530106016
OPP-5581,health-care,39751.5,69.0,Lost,2026-04-11 19:07:02.724544912
OPP-5582,Retail,5583.77,51.0,Lost,2026-04-12 01:23:14.918983792
OPP-5583,Retail,7882.01,71.0,Won,2026-04-12 07:39:27.113422688
OPP-5584,Finance,60213.67,60.0,Lost,2026-04-12 13:55:39.307861568
OPP-5585,Manufacturing,40373.93,81.0,Won,2026-04-12 20:11:51.502300464
OPP-5586,health-care,134084.78,104.0,Lost,2026-04-13 02:28:03.696739344
OPP-5587,IT_Tech,29060.1,78.0,Lost,2026-04-13 08:44:15.891178240
OPP-5588,Finance,43080.41,82.0,Lost,2026-04-13 15:00:28.085617120
OPP-5589,Retail,,71.0,Won,2026-04-13 21:16:40.280056016
OPP-5590,Finance,97541.98,100.0,Lost,2026-04-14 03:32:52.474494896
OPP-5591,IT_Tech,72518.52,92.0,Lost,2026-04-14 09:49:04.668933792
OPP-5592,Finance,156341.53,88.0,Lost,2026-04-14 16:05:16.863372672
OPP-5593,health-care,111967.02,92.0,Won,2026-04-14 22:21:29.057811568
OPP-5594,health-care,107272.33,70.0,Lost,2026-04-15 04:37:41.252250448
OPP-5595,Finance,202516.02,94.0,Lost,2026-04-15 10:53:53.446689344
OPP-5596,Retail,15772.78,55.0,Won,2026-04-15 17:10:05.641128224
OPP-5597,IT_Tech,50164.6,71.0,Lost,2026-04-15 23:26:17.835567120
OPP-5598,health-care,60326.68,40.0,Won,2026-04-16 05:42:30.030006000
OPP-5599,IT_Tech,18379.26,73.0,Won,2026-04-16 11:58:42.224444896
OPP-5600,IT_Tech,25798.6,63.0,Lost,2026-04-16 18:14:54.418883776
OPP-5601,Retail,13298.69,79.0,Won,2026-04-17 00:31:06.613322656
OPP-5602,Manufacturing,37436.17,78.0,Won,2026-04-17 06:47:18.807761552
OPP-5603,health-care,232296.89,99.0,Lost,2026-04-17 13:03:31.002200432
OPP-5604,Retail,13913.83,53.0,Lost,2026-04-17 19:19:43.196639328
OPP-5605,Manufacturing,65474.87,90.0,Lost,2026-04-18 01:35:55.391078208
OPP-5606,Retail,10747.85,90.0,Won,2026-04-18 07:52:07.585517104
OPP-5607,IT_Tech,31075.1,81.0,Won,2026-04-18 14:08:19.779955984
OPP-5608,Manufacturing,18685.37,78.0,Lost,2026-04-18 20:24:31.974394880
OPP-5609,health-care,46845.17,77.0,Lost,2026-04-19 02:40:44.168833760
OPP-5610,health-care,100326.87,74.0,Lost,2026-04-19 08:56:56.363272656
OPP-5611,IT_Tech,36453.04,82.0,Lost,2026-04-19 15:13:08.557711536
OPP-5612,health-care,128767.43,64.0,Lost,2026-04-19 21:29:20.752150432
OPP-5613,IT_Tech,39760.41,69.0,Won,2026-04-20 03:45:32.946589312
OPP-5614,IT_Tech,30447.93,51.0,Lost,2026-04-20 10:01:45.141028208
OPP-5615,health-care,265395.94,78.0,Lost,2026-04-20 16:17:57.335467088
OPP-5616,Retail,12746.96,73.0,Won,2026-04-20 22:34:09.529905984
OPP-5617,Manufacturing,64958.28,83.0,Lost,2026-04-21 04:50:21.724344864
OPP-5618,health-care,57484.72,77.0,Lost,2026-04-21 11:06:33.918783760
OPP-5619,Manufacturing,51782.1,78.0,Lost,2026-04-21 17:22:46.113222640
OPP-5620,Manufacturing,57757.46,54.0,Won,2026-04-21 23:38:58.307661536
OPP-5621,Retail,14827.61,62.0,Lost,2026-04-22 05:55:10.502100416
OPP-5622,IT_Tech,11189.81,57.0,Won,2026-04-22 12:11:22.696539312
OPP-5623,Finance,73935.73,70.0,Lost,2026-04-22 18:27:34.890978192
OPP-5624,Manufacturing,67186.66,85.0,Lost,2026-04-23 00:43:47.085417088
OPP-5625,Finance,100356.94,70.0,Lost,2026-04-23 06:59:59.279855968
OPP-5626,health-care,95559.4,73.0,Lost,2026-04-23 13:16:11.474294864
OPP-5627,Finance,26020.65,46.0,Won,2026-04-23 19:32:23.668733744
OPP-5628,Finance,47464.01,71.0,Lost,2026-04-24 01:48:35.863172640
OPP-5629,Finance,93602.71,67.0,Lost,2026-04-24 08:04:48.057611520
OPP-5630,IT_Tech,44586.73,75.0,Lost,2026-04-24 14:21:00.252050416
OPP-5631,health-care,151569.58,72.0,Lost,2026-04-24 20:37:12.446489296
OPP-5632,Retail,12426.25,67.0,Lost,2026-04-25 02:53:24.640928192
OPP-5633,Manufacturing,44485.21,73.0,Won,2026-04-25 09:09:36.835367072
OPP-5634,IT_Tech,36614.04,93.0,Won,2026-04-25 15:25:49.029805968
OPP-5635,Manufacturing,22170.74,76.0,Lost,2026-04-25 21:42:01.224244848
OPP-5636,health-care,18892.59,46.0,Won,2026-04-26 03:58:13.418683728
OPP-5637,Finance,94712.93,65.0,Won,2026-04-26 10:14:25.613122624
OPP-5638,Retail,14573.7,67.0,Won,2026-04-26 16:30:37.807561504
OPP-5639,Retail,9807.6,53.0,Won,2026-04-26 22:46:50.002000400
OPP-5640,Manufacturing,,32.0,Lost,2026-04-27 05:03:02.196439280
OPP-5641,health-care,106707.18,97.0,Lost,2026-04-27 11:19:14.390878176
OPP-5642,Manufacturing,31794.23,81.0,Won,2026-04-27 17:35:26.585317056
OPP-5643,IT_Tech,47975.1,81.0,Lost,2026-04-27 23:51:38.779755952
OPP-5644,Retail,33928.96,65.0,Won,2026-04-28 06:07:50.974194832
OPP-5645,Retail,4579.22,64.0,Lost,2026-04-28 12:24:03.168633728
OPP-5646,Finance,48061.63,67.0,Lost,2026-04-28 18:40:15.363072608
OPP-5647,IT_Tech,32705.95,75.0,Lost,2026-04-29 00:56:27.557511504
OPP-5648,Manufacturing,75162.9,67.0,Lost,2026-04-29 07:12:39.751950384
OPP-5649,IT_Tech,16023.29,85.0,Won,2026-04-29 13:28:51.946389280
OPP-5650,IT_Tech,95600.23,61.0,Lost,2026-04-29 19:45:04.140828160
OPP-5651,Retail,14298.76,81.0,Won,2026-04-30 02:01:16.335267056
OPP-5652,health-care,69037.12,78.0,Lost,2026-04-30 08:17:28.529705936
OPP-5653,Retail,12100.11,59.0,Won,2026-04-30 14:33:40.724144832
OPP-5654,health-care,56288.31,78.0,Lost,2026-04-30 20:49:52.918583712
OPP-5655,IT_Tech,61332.08,85.0,Lost,2026-05-01 03:06:05.113022608
OPP-5656,Retail,7830.17,79.0,Won,2026-05-01 09:22:17.307461488
OPP-5657,Finance,89971.52,83.0,Lost,2026-05-01 15:38:29.501900384
OPP-5658,IT_Tech,29968.71,61.0,Lost,2026-05-01 21:54:41.696339264
OPP-5659,Retail,9126.46,64.0,Won,2026-05-02 04:10:53.890778160
OPP-5660,Finance,345098.48,111.0,Lost,2026-05-02 10:27:06.085217040
OPP-5661,Finance,94035.76,96.0,Lost,2026-05-02 16:43:18.279655936
OPP-5662,health-care,105657.64,91.0,Lost,2026-05-02 22:59:30.474094816
OPP-5663,Retail,23597.32,80.0,Won,2026-05-03 05:15:42.668533712
OPP-5664,Retail,6563.8,69.0,Won,2026-05-03 11:31:54.862972592
OPP-5665,Retail,32085.07,86.0,Lost,2026-05-03 17:48:07.057411488
OPP-5666,IT_Tech,10358.07,59.0,Won,2026-05-04 00:04:19.251850368
OPP-5667,Retail,9096.24,47.0,Won,2026-05-04 06:20:31.446289264
OPP-5668,Finance,55524.58,77.0,Lost,2026-05-04 12:36:43.640728144
OPP-5669,Finance,103676.84,71.0,Lost,2026-05-04 18:52:55.835167040
OPP-5670,health-care,83385.6,66.0,Lost,2026-05-05 01:09:08.029605920
OPP-5671,Manufacturing,33409.4,64.0,Won,2026-05-05 07:25:20.224044800
OPP-5672,Retail,13279.83,96.0,Won,2026-05-05 13:41:32.418483696
OPP-5673,IT_Tech,22269.84,71.0,Lost,2026-05-05 19:57:44.612922576
OPP-5674,health-care,29782.03,76.0,Lost,2026-05-06 02:13:56.807361472
OPP-5675,Manufacturing,52221.83,61.0,Won,2026-05-06 08:30:09.001800352
OPP-5676,IT_Tech,51372.23,53.0,Won,2026-05-06 14:46:21.196239248
OPP-5677,Manufacturing,80197.47,69.0,Lost,2026-05-06 21:02:33.390678128
OPP-5678,Finance,45523.76,92.0,Lost,2026-05-07 03:18:45.585117024
OPP-5679,Finance,110822.95,85.0,Lost,2026-05-07 09:34:57.779555904
OPP-5680,IT_Tech,31512.72,79.0,Lost,2026-05-07 15:51:09.973994800
OPP-5681,IT_Tech,65856.77,86.0,Won,2026-05-07 22:07:22.168433680
OPP-5682,Manufacturing,60535.27,69.0,Lost,2026-05-08 04:23:34.362872576
OPP-5683,IT_Tech,40360.41,90.0,Lost,2026-05-08 10:39:46.557311456
OPP-5684,Retail,11273.78,,Won,2026-05-08 16:55:58.751750352
OPP-5685,health-care,130165.15,99.0,Lost,2026-05-08 23:12:10.946189232
OPP-5686,IT_Tech,50184.04,81.0,Lost,2026-05-09 05:28:23.140628128
OPP-5687,IT_Tech,25790.97,49.0,Lost,2026-05-09 11:44:35.335067008
OPP-5688,Finance,32968.93,63.0,Won,2026-05-09 18:00:47.529505904
OPP-5689,Manufacturing,31436.77,51.0,Won,2026-05-10 00:16:59.723944784
OPP-5690,health-care,181543.09,98.0,Lost,2026-05-10 06:33:11.918383680
OPP-5691,health-care,145494.32,82.0,Lost,2026-05-10 12:49:24.112822560
OPP-5692,health-care,37519.03,46.0,Won,2026-05-10 19:05:36.307261456
OPP-5693,Finance,36291.74,78.0,Lost,2026-05-11 01:21:48.501700336
OPP-5694,health-care,157127.1,77.0,Lost,2026-05-11 07:38:00.696139232
OPP-5695,Manufacturing,20582.2,51.0,Lost,2026-05-11 13:54:12.890578112
OPP-5696,Finance,99267.87,100.0,Lost,2026-05-11 20:10:25.085017008
OPP-5697,Finance,50531.76,77.0,Lost,2026-05-12 02:26:37.279455888
OPP-5698,IT_Tech,81513.38,75.0,Lost,2026-05-12 08:42:49.473894784
OPP-5699,Manufacturing,24705.66,66.0,Won,2026-05-12 14:59:01.668333664
OPP-5700,IT_Tech,,59.0,Lost,2026-05-12 21:15:13.862772560
OPP-5701,IT_Tech,39832.14,58.0,Won,2026-05-13 03:31:26.057211440
OPP-5702,Finance,85077.42,94.0,Lost,2026-05-13 09:47:38.251650336
OPP-5703,Finance,,64.0,Won,2026-05-13 16:03:50.446089216
OPP-5704,health-care,19501.6,69.0,Won,2026-05-13 22:20:02.640528112
OPP-5705,health-care,64065.45,52.0,Lost,2026-05-14 04:36:14.834966992
OPP-5706,Retail,15115.15,51.0,Lost,2026-05-14 10:52:27.029405888
OPP-5707,IT_Tech,20689.9,76.0,Lost,2026-05-14 17:08:39.223844768
OPP-5708,Retail,7751.59,67.0,Won,2026-05-14 23:24:51.418283648
OPP-5709,Finance,102424.74,101.0,Lost,2026-05-15 05:41:03.612722544
OPP-5710,health-care,102509.7,96.0,Lost,2026-05-15 11:57:15.807161424
OPP-5711,health-care,67329.61,75.0,Won,2026-05-15 18:13:28.001600320
OPP-5712,IT_Tech,53642.71,81.0,Lost,2026-05-16 00:29:40.196039200
OPP-5713,Retail,7427.16,58.0,Won,2026-05-16 06:45:52.390478096
OPP-5714,Finance,59067.67,101.0,Won,2026-05-16 13:02:04.584916976
OPP-5715,health-care,196560.7,99.0,Lost,2026-05-16 19:18:16.779355872
OPP-5716,Finance,,80.0,Lost,2026-05-17 01:34:28.973794752
OPP-5717,Manufacturing,38683.03,76.0,Lost,2026-05-17 07:50:41.168233648
OPP-5718,health-care,291725.32,105.0,Lost,2026-05-17 14:06:53.362672528
OPP-5719,Manufacturing,18039.68,75.0,Lost,2026-05-17 20:23:05.557111424
OPP-5720,health-care,117931.38,100.0,Won,2026-05-18 02:39:17.751550304
OPP-5721,IT_Tech,83449.18,53.0,Lost,2026-05-18 08:55:29.945989200
OPP-5722,IT_Tech,30870.95,77.0,Lost,2026-05-18 15:11:42.140428080
OPP-5723,health-care,122489.24,75.0,Lost,2026-05-18 21:27:54.334866976
OPP-5724,IT_Tech,22225.38,91.0,Won,2026-05-19 03:44:06.529305856
OPP-5725,IT_Tech,25761.43,89.0,Won,2026-05-19 10:00:18.723744752
OPP-5726,Manufacturing,44023.69,75.0,Won,2026-05-19 16:16:30.918183632
OPP-5727,Retail,19916.09,87.0,Lost,2026-05-19 22:32:43.112622528
OPP-5728,Retail,23399.46,91.0,Won,2026-05-20 04:48:55.307061408
OPP-5729,IT_Tech,79603.58,79.0,Won,2026-05-20 11:05:07.501500304
OPP-5730,IT_Tech,35111.24,102.0,Lost,2026-05-20 17:21:19.695939184
OPP-5731,IT_Tech,65960.14,77.0,Won,2026-05-20 23:37:31.890378080
OPP-5732,Retail,11258.15,62.0,Lost,2026-05-21 05:53:44.084816960
OPP-5733,Manufacturing,57013.63,87.0,Won,2026-05-21 12:09:56.279255856
OPP-5734,health-care,82825.67,75.0,Won,2026-05-21 18:26:08.473694736
OPP-5735,IT_Tech,45380.55,76.0,Lost,2026-05-22 00:42:20.668133632
OPP-5736,Finance,94287.58,97.0,Lost,2026-05-22 06:58:32.862572512
OPP-5737,health-care,27922.19,71.0,Won,2026-05-22 13:14:45.057011408
OPP-5738,health-care,37254.46,53.0,Won,2026-05-22 19:30:57.251450288
OPP-5739,Finance,77771.08,83.0,Lost,2026-05-23 01:47:09.445889184
OPP-5740,Retail,5746.58,52.0,Lost,2026-05-23 08:03:21.640328064
OPP-5741,IT_Tech,55028.45,86.0,Won,2026-05-23 14:19:33.834766960
OPP-5742,IT_Tech,56149.78,84.0,Lost,2026-05-23 20:35:46.029205840
OPP-5743,Manufacturing,42769.7,92.0,Lost,2026-05-24 02:51:58.223644720
OPP-5744,IT_Tech,20731.99,80.0,Won,2026-05-24 09:08:10.418083616
OPP-5745,IT_Tech,72407.81,91.0,Won,2026-05-24 15:24:22.612522496
OPP-5746,IT_Tech,100569.6,72.0,Lost,2026-05-24 21:40:34.806961392
OPP-5747,IT_Tech,39086.73,83.0,Won,2026-05-25 03:56:47.001400272
OPP-5748,health-care,99341.75,104.0,Lost,2026-05-25 10:12:59.195839168
OPP-5749,Retail,14777.62,58.0,Won,2026-05-25 16:29:11.390278048
OPP-5750,health-care,100531.01,102.0,Lost,2026-05-25 22:45:23.584716944
OPP-5751,health-care,68068.15,71.0,Lost,2026-05-26 05:01:35.779155824
OPP-5752,Finance,71629.44,68.0,Won,2026-05-26 11:17:47.973594720
OPP-5753,Finance,125923.59,85.0,Lost,2026-05-26 17:34:00.168033600
OPP-5754,Manufacturing,117337.78,90.0,Lost,2026-05-26 23:50:12.362472496
OPP-5755,Manufacturing,18033.1,,Won,2026-05-27 06:06:24.556911376
OPP-5756,IT_Tech,,61.0,Lost,2026-05-27 12:22:36.751350272
OPP-5757,Retail,7403.96,67.0,Won,2026-05-27 18:38:48.945789152
OPP-5758,health-care,190082.78,76.0,Lost,2026-05-28 00:55:01.140228048
OPP-5759,Manufacturing,,53.0,Won,2026-05-28 07:11:13.334666928
OPP-5760,health-care,30763.36,61.0,Lost,2026-05-28 13:27:25.529105824
OPP-5761,Manufacturing,49965.77,66.0,Lost,2026-05-28 19:43:37.723544704
OPP-5762,Retail,31957.29,78.0,Won,2026-05-29 01:59:49.917983600
OPP-5763,IT_Tech,50604.66,89.0,Lost,2026-05-29 08:16:02.112422480
OPP-5764,Finance,82692.05,61.0,Won,2026-05-29 14:32:14.306861376
OPP-5765,Manufacturing,44559.05,79.0,Lost,2026-05-29 20:48:26.501300256
OPP-5766,Manufacturing,73675.11,64.0,Lost,2026-05-30 03:04:38.695739152
OPP-5767,IT_Tech,,77.0,Won,2026-05-30 09:20:50.890178032
OPP-5768,Retail,12633.11,58.0,Won,2026-05-30 15:37:03.084616928
OPP-5769,health-care,55736.24,63.0,Won,2026-05-30 21:53:15.279055808
OPP-5770,IT_Tech,20253.19,79.0,Won,2026-05-31 04:09:27.473494704
OPP-5771,health-care,60052.52,69.0,Lost,2026-05-31 10:25:39.667933584
OPP-5772,IT_Tech,63187.42,73.0,Lost,2026-05-31 16:41:51.862372480
OPP-5773,Retail,17735.1,41.0,Won,2026-05-31 22:58:04.056811360
OPP-5774,health-care,107644.17,92.0,Lost,2026-06-01 05:14:16.251250256
OPP-5775,Retail,14374.88,76.0,Won,2026-06-01 11:30:28.445689136
OPP-5776,IT_Tech,47177.01,75.0,Won,2026-06-01 17:46:40.640128032
OPP-5777,health-care,45235.88,56.0,Won,2026-06-02 00:02:52.834566912
OPP-5778,IT_Tech,31108.77,86.0,Won,2026-06-02 06:19:05.029005808
OPP-5779,IT_Tech,,66.0,Lost,2026-06-02 12:35:17.223444688
OPP-5780,IT_Tech,41720.92,69.0,Lost,2026-06-02 18:51:29.417883568
OPP-5781,IT_Tech,42620.64,102.0,Lost,2026-06-03 01:07:41.612322464
OPP-5782,Finance,67305.61,,Won,2026-06-03 07:23:53.806761344
OPP-5783,IT_Tech,30070.15,81.0,Lost,2026-06-03 13:40:06.001200240
OPP-5784,health-care,486339.77,98.0,Lost,2026-06-03 19:56:18.195639120
OPP-5785,health-care,126004.43,86.0,Lost,2026-06-04 02:12:30.390078016
OPP-5786,Manufacturing,44648.4,78.0,Won,2026-06-04 08:28:42.584516896
OPP-5787,Manufacturing,32318.52,77.0,Lost,2026-06-04 14:44:54.778955792
OPP-5788,health-care,55785.47,79.0,Lost,2026-06-04 21:01:06.973394672
OPP-5789,health-care,67610.57,77.0,Won,2026-06-05 03:17:19.167833568
OPP-5790,IT_Tech,42041.58,92.0,Won,2026-06-05 09:33:31.362272448
OPP-5791,Manufacturing,14182.76,51.0,Won,2026-06-05 15:49:43.556711344
OPP-5792,IT_Tech,16569.27,80.0,Lost,2026-06-05 22:05:55.751150224
OPP-5793,IT_Tech,26411.61,81.0,Lost,2026-06-06 04:22:07.945589120
OPP-5794,IT_Tech,40278.36,82.0,Won,2026-06-06 10:38:20.140028000
OPP-5795,health-care,63350.38,90.0,Lost,2026-06-06 16:54:32.334466896
OPP-5796,IT_Tech,76043.48,77.0,Lost,2026-06-06 23:10:44.528905776
OPP-5797,Retail,6366.48,38.0,Lost,2026-06-07 05:26:56.723344672
OPP-5798,IT_Tech,24942.47,70.0,Lost,2026-06-07 11:43:08.917783552
OPP-5799,Finance,182053.35,72.0,Lost,2026-06-07 17:59:21.112222448
OPP-5800,IT_Tech,38776.11,65.0,Won,2026-06-08 00:15:33.306661328
OPP-5801,IT_Tech,56524.04,61.0,Lost,2026-06-08 06:31:45.501100224
OPP-5802,Manufacturing,101277.9,74.0,Lost,2026-06-08 12:47:57.695539104
OPP-5803,IT_Tech,25670.5,63.0,Lost,2026-06-08 19:04:09.889978000
OPP-5804,Retail,12712.52,37.0,Won,2026-06-09 01:20:22.084416880
OPP-5805,Finance,62102.64,85.0,Lost,2026-06-09 07:36:34.278855776
OPP-5806,IT_Tech,13666.51,,Lost,2026-06-09 13:52:46.473294656
OPP-5807,Manufacturing,31094.98,79.0,Won,2026-06-09 20:08:58.667733552
OPP-5808,IT_Tech,56417.3,74.0,Lost,2026-06-10 02:25:10.862172432
OPP-5809,Manufacturing,47586.04,,Won,2026-06-10 08:41:23.056611328
OPP-5810,IT_Tech,49490.78,70.0,Lost,2026-06-10 14:57:35.251050208
OPP-5811,Manufacturing,30098.95,73.0,Lost,2026-06-10 21:13:47.445489104
OPP-5812,IT_Tech,26159.07,70.0,Won,2026-06-11 03:29:59.639927984
OPP-5813,Finance,156616.18,73.0,Lost,2026-06-11 09:46:11.834366880
OPP-5814,Retail,10418.53,84.0,Won,2026-06-11 16:02:24.028805760
OPP-5815,Manufacturing,42067.93,56.0,Lost,2026-06-11 22:18:36.223244640
OPP-5816,Manufacturing,39405.76,82.0,Lost,2026-06-12 04:34:48.417683536
OPP-5817,Retail,27746.32,70.0,Won,2026-06-12 10:51:00.612122416
OPP-5818,Manufacturing,59024.4,99.0,Lost,2026-06-12 17:07:12.806561312
OPP-5819,IT_Tech,19003.35,73.0,Won,2026-06-12 23:23:25.001000192
OPP-5820,IT_Tech,20054.79,65.0,Won,2026-06-13 05:39:37.195439088
OPP-5821,IT_Tech,48506.59,,Won,2026-06-13 11:55:49.389877968
OPP-5822,health-care,70361.21,78.0,Lost,2026-06-13 18:12:01.584316864
OPP-5823,health-care,55653.32,62.0,Won,2026-06-14 00:28:13.778755744
OPP-5824,Finance,134507.7,73.0,Lost,2026-06-14 06:44:25.973194640
OPP-5825,IT_Tech,39883.97,52.0,Won,2026-06-14 13:00:38.167633520
OPP-5826,Finance,75468.79,67.0,Lost,2026-06-14 19:16:50.362072416
OPP-5827,IT_Tech,53632.7,77.0,Won,2026-06-15 01:33:02.556511296
OPP-5828,health-care,,80.0,Lost,2026-06-15 07:49:14.750950192
OPP-5829,Finance,187420.75,61.0,Lost,2026-06-15 14:05:26.945389072
OPP-5830,Retail,9008.97,62.0,Lost,2026-06-15 20:21:39.139827968
OPP-5831,Retail,18554.44,75.0,Lost,2026-06-16 02:37:51.334266848
OPP-5832,Finance,172870.79,82.0,Lost,2026-06-16 08:54:03.528705744
OPP-5833,IT_Tech,18239.64,61.0,Lost,2026-06-16 15:10:15.723144624
OPP-5834,Finance,59515.91,72.0,Lost,2026-06-16 21:26:27.917583520
OPP-5835,IT_Tech,64286.42,71.0,Won,2026-06-17 03:42:40.112022400
OPP-5836,health-care,146436.44,75.0,Lost,2026-06-17 09:58:52.306461296
OPP-5837,health-care,65979.72,79.0,Lost,2026-06-17 16:15:04.500900176
OPP-5838,IT_Tech,,98.0,Won,2026-06-17 22:31:16.695339072
OPP-5839,IT_Tech,58569.42,,Lost,2026-06-18 04:47:28.889777952
OPP-5840,Manufacturing,65629.11,73.0,Lost,2026-06-18 11:03:41.084216848
OPP-5841,Manufacturing,20285.64,,Lost,2026-06-18 17:19:53.278655728
OPP-5842,health-care,35512.92,65.0,Lost,2026-06-18 23:36:05.473094624
OPP-5843,IT_Tech,40644.89,87.0,Won,2026-06-19 05:52:17.667533504
OPP-5844,IT_Tech,49745.75,47.0,Won,2026-06-19 12:08:29.861972400
OPP-5845,health-care,61117.81,70.0,Won,2026-06-19 18:24:42.056411280
OPP-5846,Manufacturing,51003.37,85.0,Won,2026-06-20 00:40:54.250850176
OPP-5847,IT_Tech,25461.73,67.0,Lost,2026-06-20 06:57:06.445289056
OPP-5848,Retail,4640.85,49.0,Won,2026-06-20 13:13:18.639727952
OPP-5849,IT_Tech,29379.41,77.0,Lost,2026-06-20 19:29:30.834166832
OPP-5850,Manufacturing,37482.0,84.0,Lost,2026-06-21 01:45:43.028605728
OPP-5851,health-care,61975.6,79.0,Lost,2026-06-21 08:01:55.223044608
OPP-5852,Retail,7485.31,52.0,Won,2026-06-21 14:18:07.417483488
OPP-5853,health-care,24602.68,76.0,Won,2026-06-21 20:34:19.611922384
OPP-5854,Finance,53720.33,71.0,Lost,2026-06-22 02:50:31.806361264
OPP-5855,IT_Tech,56887.33,85.0,Won,2026-06-22 09:06:44.000800160
OPP-5856,IT_Tech,68056.85,95.0,Lost,2026-06-22 15:22:56.195239040
OPP-5857,Manufacturing,65765.9,46.0,Lost,2026-06-22 21:39:08.389677936
OPP-5858,Manufacturing,24150.13,71.0,Won,2026-06-23 03:55:20.584116816
OPP-5859,Manufacturing,20397.08,48.0,Lost,2026-06-23 10:11:32.778555712
OPP-5860,Finance,98516.64,109.0,Lost,2026-06-23 16:27:44.972994592
OPP-5861,Retail,18353.03,63.0,Lost,2026-06-23 22:43:57.167433488
OPP-5862,IT_Tech,44359.62,83.0,Won,2026-06-24 05:00:09.361872368
OPP-5863,health-care,,69.0,Lost,2026-06-24 11:16:21.556311264
OPP-5864,health-care,43471.87,65.0,Won,2026-06-24 17:32:33.750750144
OPP-5865,Finance,71839.28,67.0,Won,2026-06-24 23:48:45.945189040
OPP-5866,health-care,97961.61,99.0,Lost,2026-06-25 06:04:58.139627920
OPP-5867,IT_Tech,53297.98,87.0,Won,2026-06-25 12:21:10.334066816
OPP-5868,Finance,,102.0,Lost,2026-06-25 18:37:22.528505696
OPP-5869,Retail,15762.55,68.0,Won,2026-06-26 00:53:34.722944592
OPP-5870,health-care,76950.63,82.0,Lost,2026-06-26 07:09:46.917383472
OPP-5871,IT_Tech,51164.93,72.0,Lost,2026-06-26 13:25:59.111822368
OPP-5872,IT_Tech,42464.89,71.0,Lost,2026-06-26 19:42:11.306261248
OPP-5873,IT_Tech,37528.98,61.0,Lost,2026-06-27 01:58:23.500700144
OPP-5874,IT_Tech,31755.32,73.0,Won,2026-06-27 08:14:35.695139024
OPP-5875,Finance,76785.79,69.0,Lost,2026-06-27 14:30:47.889577920
OPP-5876,Finance,97807.33,85.0,Lost,2026-06-27 20:47:00.084016800
OPP-5877,Finance,85861.02,81.0,Lost,2026-06-28 03:03:12.278455696
OPP-5878,health-care,91903.63,83.0,Lost,2026-06-28 09:19:24.472894576
OPP-5879,Retail,26143.63,91.0,Lost,2026-06-28 15:35:36.667333472
OPP-5880,IT_Tech,41464.05,73.0,Won,2026-06-28 21:51:48.861772352
OPP-5881,health-care,49543.23,84.0,Lost,2026-06-29 04:08:01.056211248
OPP-5882,Retail,20781.19,94.0,Lost,2026-06-29 10:24:13.250650128
OPP-5883,IT_Tech,18341.12,84.0,Won,2026-06-29 16:40:25.445089024
OPP-5884,IT_Tech,21147.85,83.0,Lost,2026-06-29 22:56:37.639527904
OPP-5885,Manufacturing,42955.66,70.0,Won,2026-06-30 05:12:49.833966800
OPP-5886,health-care,99691.73,83.0,Lost,2026-06-30 11:29:02.028405680
OPP-5887,Finance,,57.0,Lost,2026-06-30 17:45:14.222844560
OPP-5888,IT_Tech,29989.16,78.0,Lost,2026-07-01 00:01:26.417283456
OPP-5889,Finance,50835.47,79.0,Lost,2026-07-01 06:17:38.611722336
OPP-5890,health-care,54611.2,76.0,Lost,2026-07-01 12:33:50.806161232
OPP-5891,IT_Tech,58209.21,89.0,Lost,2026-07-01 18:50:03.000600112
OPP-5892,Finance,111737.01,66.0,Lost,2026-07-02 01:06:15.195039008
OPP-5893,IT_Tech,35969.94,93.0,Won,2026-07-02 07:22:27.389477888
OPP-5894,health-care,52702.75,86.0,Won,2026-07-02 13:38:39.583916784
OPP-5895,IT_Tech,18493.51,67.0,Won,2026-07-02 19:54:51.778355664
OPP-5896,IT_Tech,73872.25,76.0,Lost,2026-07-03 02:11:03.972794560
OPP-5897,IT_Tech,48827.89,81.0,Lost,2026-07-03 08:27:16.167233440
OPP-5898,IT_Tech,25505.91,89.0,Lost,2026-07-03 14:43:28.361672336
OPP-5899,Manufacturing,52041.66,77.0,Lost,2026-07-03 20:59:40.556111216
OPP-5900,IT_Tech,35062.53,74.0,Won,2026-07-04 03:15:52.750550112
OPP-5901,health-care,61557.95,77.0,Lost,2026-07-04 09:32:04.944988992
OPP-5902,IT_Tech,45143.69,96.0,Won,2026-07-04 15:48:17.139427888
OPP-5903,health-care,46868.5,70.0,Won,2026-07-04 22:04:29.333866768
OPP-5904,Manufacturing,30580.62,71.0,Lost,2026-07-05 04:20:41.528305664
OPP-5905,IT_Tech,38589.31,91.0,Lost,2026-07-05 10:36:53.722744544
OPP-5906,Manufacturing,28290.3,73.0,Lost,2026-07-05 16:53:05.917183440
OPP-5907,IT_Tech,50743.69,89.0,Lost,2026-07-05 23:09:18.111622320
OPP-5908,Retail,34014.2,62.0,Won,2026-07-06 05:25:30.306061216
OPP-5909,Finance,46509.93,72.0,Lost,2026-07-06 11:41:42.500500096
OPP-5910,Manufacturing,15794.82,85.0,Won,2026-07-06 17:57:54.694938992
OPP-5911,Finance,22003.48,61.0,Won,2026-07-07 00:14:06.889377872
OPP-5912,Finance,66817.42,75.0,Won,2026-07-07 06:30:19.083816768
OPP-5913,IT_Tech,26066.8,74.0,Won,2026-07-07 12:46:31.278255648
OPP-5914,IT_Tech,40292.89,62.0,Won,2026-07-07 19:02:43.472694544
OPP-5915,Manufacturing,38804.78,68.0,Lost,2026-07-08 01:18:55.667133424
OPP-5916,health-care,27947.13,73.0,Won,2026-07-08 07:35:07.861572320
OPP-5917,health-care,24613.98,71.0,Lost,2026-07-08 13:51:20.056011200
OPP-5918,Retail,15490.26,82.0,Won,2026-07-08 20:07:32.250450096
OPP-5919,health-care,79320.93,97.0,Lost,2026-07-09 02:23:44.444888976
OPP-5920,Manufacturing,29351.27,,Won,2026-07-09 08:39:56.639327872
OPP-5921,Retail,5833.83,62.0,Won,2026-07-09 14:56:08.833766752
OPP-5922,Finance,,88.0,Lost,2026-07-09 21:12:21.028205648
OPP-5923,Manufacturing,68593.27,,Lost,2026-07-10 03:28:33.222644528
OPP-5924,IT_Tech,41730.65,83.0,Lost,2026-07-10 09:44:45.417083408
OPP-5925,IT_Tech,23771.98,74.0,Lost,2026-07-10 16:00:57.611522304
OPP-5926,health-care,75111.68,86.0,Won,2026-07-10 22:17:09.805961184
OPP-5927,IT_Tech,18341.89,76.0,Lost,2026-07-11 04:33:22.000400080
OPP-5928,Retail,22674.14,59.0,Won,2026-07-11 10:49:34.194838960
OPP-5929,Manufacturing,37832.44,76.0,Lost,2026-07-11 17:05:46.389277856
OPP-5930,health-care,25313.82,88.0,Won,2026-07-11 23:21:58.583716736
OPP-5931,health-care,61058.97,74.0,Lost,2026-07-12 05:38:10.778155632
OPP-5932,Manufacturing,45782.2,76.0,Won,2026-07-12 11:54:22.972594512
OPP-5933,health-care,59884.41,74.0,Lost,2026-07-12 18:10:35.167033408
OPP-5934,health-care,61973.53,49.0,Lost,2026-07-13 00:26:47.361472288
OPP-5935,health-care,35079.03,73.0,Lost,2026-07-13 06:42:59.555911184
OPP-5936,Manufacturing,48207.53,79.0,Lost,2026-07-13 12:59:11.750350064
OPP-5937,Finance,49558.97,69.0,Won,2026-07-13 19:15:23.944788960
OPP-5938,Retail,4544.97,45.0,Won,2026-07-14 01:31:36.139227840
OPP-5939,Retail,11096.35,54.0,Won,2026-07-14 07:47:48.333666736
OPP-5940,health-care,131753.74,91.0,Lost,2026-07-14 14:04:00.528105616
OPP-5941,health-care,57979.36,100.0,Lost,2026-07-14 20:20:12.722544512
OPP-5942,Retail,31856.37,89.0,Lost,2026-07-15 02:36:24.916983392
OPP-5943,health-care,94596.97,64.0,Lost,2026-07-15 08:52:37.111422288
OPP-5944,Retail,15825.52,77.0,Won,2026-07-15 15:08:49.305861168
OPP-5945,Manufacturing,34057.34,65.0,Lost,2026-07-15 21:25:01.500300064
OPP-5946,Finance,70194.71,71.0,Won,2026-07-16 03:41:13.694738944
OPP-5947,Retail,11711.05,60.0,Lost,2026-07-16 09:57:25.889177840
OPP-5948,Retail,11485.78,73.0,Won,2026-07-16 16:13:38.083616720
OPP-5949,Retail,17421.03,79.0,Lost,2026-07-16 22:29:50.278055616
OPP-5950,health-care,41710.21,73.0,Lost,2026-07-17 04:46:02.472494496
OPP-5951,IT_Tech,21206.29,68.0,Lost,2026-07-17 11:02:14.666933392
OPP-5952,health-care,37275.18,79.0,Lost,2026-07-17 17:18:26.861372272
OPP-5953,Finance,249544.55,93.0,Lost,2026-07-17 23:34:39.055811168
OPP-5954,health-care,100529.42,94.0,Lost,2026-07-18 05:50:51.250250048
OPP-5955,Retail,15556.69,52.0,Lost,2026-07-18 12:07:03.444688944
OPP-5956,health-care,38773.46,74.0,Lost,2026-07-18 18:23:15.639127824
OPP-5957,Finance,106298.39,68.0,Won,2026-07-19 00:39:27.833566720
OPP-5958,IT_Tech,34259.33,72.0,Won,2026-07-19 06:55:40.028005600
OPP-5959,Retail,14869.75,64.0,Won,2026-07-19 13:11:52.222444480
OPP-5960,Finance,40701.81,73.0,Lost,2026-07-19 19:28:04.416883376
OPP-5961,IT_Tech,39345.4,64.0,Won,2026-07-20 01:44:16.611322256
OPP-5962,IT_Tech,29380.4,54.0,Lost,2026-07-20 08:00:28.805761152
OPP-5963,Retail,9110.61,38.0,Won,2026-07-20 14:16:41.000200032
OPP-5964,health-care,113602.84,79.0,Lost,2026-07-20 20:32:53.194638928
OPP-5965,IT_Tech,16833.83,62.0,Lost,2026-07-21 02:49:05.389077808
OPP-5966,Manufacturing,48165.01,67.0,Won,2026-07-21 09:05:17.583516704
OPP-5967,Retail,18811.87,84.0,Won,2026-07-21 15:21:29.777955584
OPP-5968,Manufacturing,23392.67,60.0,Won,2026-07-21 21:37:41.972394480
OPP-5969,health-care,44703.31,91.0,Lost,2026-07-22 03:53:54.166833360
OPP-5970,health-care,63970.97,96.0,Lost,2026-07-22 10:10:06.361272256
OPP-5971,Manufacturing,41815.32,51.0,Won,2026-07-22 16:26:18.555711136
OPP-5972,Finance,66721.8,78.0,Lost,2026-07-22 22:42:30.750150032
OPP-5973,Retail,16593.75,63.0,Won,2026-07-23 04:58:42.944588912
OPP-5974,IT_Tech,87683.57,44.0,Lost,2026-07-23 11:14:55.139027808
OPP-5975,health-care,53926.1,58.0,Lost,2026-07-23 17:31:07.333466688
OPP-5976,IT_Tech,15404.42,76.0,Lost,2026-07-23 23:47:19.527905584
OPP-5977,IT_Tech,54883.16,100.0,Lost,2026-07-24 06:03:31.722344464
OPP-5978,IT_Tech,84259.56,90.0,Lost,2026-07-24 12:19:43.916783360
OPP-5979,IT_Tech,44195.76,78.0,Won,2026-07-24 18:35:56.111222240
OPP-5980,Manufacturing,21080.96,69.0,Lost,2026-07-25 00:52:08.305661136
OPP-5981,IT_Tech,34134.16,93.0,Won,2026-07-25 07:08:20.500100016
OPP-5982,Finance,37379.81,99.0,Won,2026-07-25 13:24:32.694538912
OPP-5983,Retail,18424.34,61.0,Won,2026-07-25 19:40:44.888977792
OPP-5984,Finance,32507.49,48.0,Won,2026-07-26 01:56:57.083416688
OPP-5985,IT_Tech,31255.03,47.0,Won,2026-07-26 08:13:09.277855568
OPP-5986,Retail,8085.53,78.0,Won,2026-07-26 14:29:21.472294464
OPP-5987,Finance,78912.49,78.0,Won,2026-07-26 20:45:33.666733344
OPP-5988,Retail,11123.65,67.0,Won,2026-07-27 03:01:45.861172240
OPP-5989,Retail,14594.22,45.0,Won,2026-07-27 09:17:58.055611120
OPP-5990,Manufacturing,36723.61,64.0,Lost,2026-07-27 15:34:10.250050016
OPP-5991,Finance,40457.39,70.0,Won,2026-07-27 21:50:22.444488896
OPP-5992,health-care,106524.07,83.0,Lost,2026-07-28 04:06:34.638927792
OPP-5993,Finance,71021.69,,Lost,2026-07-28 10:22:46.833366672
OPP-5994,IT_Tech,22153.16,57.0,Won,2026-07-28 16:38:59.027805568
OPP-5995,Manufacturing,111353.3,71.0,Lost,2026-07-28 22:55:11.222244448
OPP-5996,IT_Tech,46083.72,89.0,Lost,2026-07-29 05:11:23.416683328
OPP-5997,health-care,66705.57,80.0,Lost,2026-07-29 11:27:35.611122224
OPP-5998,Retail,27108.49,78.0,Lost,2026-07-29 17:43:47.805561104
OPP-5999,Finance,220816.95,75.0,Lost,2026-07-30 00:00:00.000000000
